#
# There is insufficient memory for the Java Runtime Environment to continue.
# Native memory allocation (malloc) failed to allocate 2578896 bytes. Error detail: Chunk::new
# Possible reasons:
#   The system is out of physical RAM or swap space
#   This process is running with CompressedOops enabled, and the Java Heap may be blocking the growth of the native heap
# Possible solutions:
#   Reduce memory load on the system
#   Increase physical memory or swap space
#   Check if swap backing store is full
#   Decrease Java heap size (-Xmx/-Xms)
#   Decrease number of Java threads
#   Decrease Java thread stack sizes (-Xss)
#   Set larger code cache with -XX:ReservedCodeCacheSize=
#   JVM is running with Unscaled Compressed Oops mode in which the Java heap is
#     placed in the first 4GB address space. The Java Heap base address is the
#     maximum limit for the native heap growth. Please use -XX:HeapBaseMinAddress
#     to set the Java Heap base and to place the Java Heap above 4GB virtual address.
# This output file may be truncated or incomplete.
#
#  Out of Memory Error (arena.cpp:168), pid=23636, tid=25436
#
# JRE version: OpenJDK Runtime Environment (21.0.10) (build 21.0.10+-14961533-b1163.108)
# Java VM: OpenJDK 64-Bit Server VM (21.0.10+-14961533-b1163.108, mixed mode, tiered, compressed oops, compressed class ptrs, g1 gc, windows-amd64)
# No core dump will be written. Minidumps are not enabled by default on client versions of Windows
#

---------------  S U M M A R Y ------------

Command Line: --add-opens=java.base/java.lang=ALL-UNNAMED --add-opens=java.base/java.lang.invoke=ALL-UNNAMED --add-opens=java.base/java.util=ALL-UNNAMED --add-opens=java.prefs/java.util.prefs=ALL-UNNAMED --add-exports=jdk.compiler/com.sun.tools.javac.api=ALL-UNNAMED --add-exports=jdk.compiler/com.sun.tools.javac.util=ALL-UNNAMED --add-opens=java.base/java.util=ALL-UNNAMED --add-opens=java.prefs/java.util.prefs=ALL-UNNAMED --add-opens=java.base/java.nio.charset=ALL-UNNAMED --add-opens=java.base/java.net=ALL-UNNAMED --add-opens=java.base/java.util.concurrent=ALL-UNNAMED --add-opens=java.base/java.util.concurrent.atomic=ALL-UNNAMED --add-opens=java.xml/javax.xml.namespace=ALL-UNNAMED --add-opens=java.base/java.time=ALL-UNNAMED -Xmx1536m -Dfile.encoding=UTF-8 -Duser.country=GB -Duser.language=en -Duser.variant -javaagent:C:\Users\mervi\.gradle\wrapper\dists\gradle-9.4.1-bin\arn2x92ynaizyzdaamcbpbhtj\gradle-9.4.1\lib\agents\gradle-instrumentation-agent-9.4.1.jar org.gradle.launcher.daemon.bootstrap.GradleDaemon 9.4.1

Host: AMD Ryzen 3 3200U with Radeon Vega Mobile Gfx  , 4 cores, 5G,  Windows 11 , 64 bit Build 26100 (10.0.26100.7920)
Time: Fri Apr 17 12:21:10 2026 FLE Summer Time elapsed time: 13278.916828 seconds (0d 3h 41m 18s)

---------------  T H R E A D  ---------------

Current thread (0x000001a4ff547ed0):  JavaThread "C2 CompilerThread0" daemon [_thread_in_native, id=25436, stack(0x000000285f100000,0x000000285f200000) (1024K)]


Current CompileTask:
C2:13278917 67684 % !   4       com.android.tools.r8.internal.d91::a @ 986 (4378 bytes)

Stack: [0x000000285f100000,0x000000285f200000]
Native frames: (J=compiled Java code, j=interpreted, Vv=VM code, C=native code)
V  [jvm.dll+0x6d78a9]
V  [jvm.dll+0x8665b3]
V  [jvm.dll+0x868bde]
V  [jvm.dll+0x8692c3]
V  [jvm.dll+0x280ee6]
V  [jvm.dll+0xc07cd]
V  [jvm.dll+0xc0d03]
V  [jvm.dll+0x3ba091]
V  [jvm.dll+0x1e0052]
V  [jvm.dll+0x249d24]
V  [jvm.dll+0x2491a1]
V  [jvm.dll+0x1c76e4]
V  [jvm.dll+0x25891e]
V  [jvm.dll+0x256e66]
V  [jvm.dll+0x3f513e]
V  [jvm.dll+0x80fd28]
V  [jvm.dll+0x6d60fd]
C  [ucrtbase.dll+0x37b0]
C  [KERNEL32.DLL+0x2e8d7]
C  [ntdll.dll+0x8c48c]


---------------  P R O C E S S  ---------------

Threads class SMR info:
_java_thread_list=0x000001a492a6b7b0, length=55, elements={
0x000001a4e8b65e40, 0x000001a4ff3be080, 0x000001a4ff527950, 0x000001a4ff52a3c0,
0x000001a4ff545220, 0x000001a4ff545c80, 0x000001a4ff5466e0, 0x000001a4ff547140,
0x000001a4ff547ed0, 0x000001a4ff548970, 0x000001a4ff7c76d0, 0x000001a487575210,
0x000001a4873662f0, 0x000001a487f794a0, 0x000001a486ad39f0, 0x000001a486ad1290,
0x000001a486ad1fb0, 0x000001a489b29420, 0x000001a489b2ae60, 0x000001a489b2b4f0,
0x000001a489b28070, 0x000001a489b2bb80, 0x000001a489b28700, 0x000001a489b29ab0,
0x000001a491401190, 0x000001a498b54300, 0x000001a493a552a0, 0x000001a4871299d0,
0x000001a493a54580, 0x000001a493a53ef0, 0x000001a48712a6f0, 0x000001a48712ad80,
0x000001a492dd8710, 0x000001a492dd9430, 0x000001a492dd8080, 0x000001a48712c130,
0x000001a487128cb0, 0x000001a493a54c10, 0x000001a4986d1660, 0x000001a4986d02b0,
0x000001a4986d0940, 0x000001a4986d0fd0, 0x000001a4911ab420, 0x000001a4911aad90,
0x000001a48712f5b0, 0x000001a4911aa070, 0x000001a48712c7c0, 0x000001a48712ce50,
0x000001a498368850, 0x000001a498369570, 0x000001a498366780, 0x000001a49853bfa0,
0x000001a49853c630, 0x000001a49836e430, 0x000001a49836eac0
}

Java Threads: ( => current thread )
  0x000001a4e8b65e40 JavaThread "main"                              [_thread_blocked, id=27372, stack(0x000000285e200000,0x000000285e300000) (1024K)]
  0x000001a4ff3be080 JavaThread "Common-Cleaner"             daemon [_thread_blocked, id=26224, stack(0x000000285ea00000,0x000000285eb00000) (1024K)]
  0x000001a4ff527950 JavaThread "Reference Handler"          daemon [_thread_blocked, id=26384, stack(0x000000285eb00000,0x000000285ec00000) (1024K)]
  0x000001a4ff52a3c0 JavaThread "Finalizer"                  daemon [_thread_blocked, id=24984, stack(0x000000285ec00000,0x000000285ed00000) (1024K)]
  0x000001a4ff545220 JavaThread "Signal Dispatcher"          daemon [_thread_blocked, id=27232, stack(0x000000285ed00000,0x000000285ee00000) (1024K)]
  0x000001a4ff545c80 JavaThread "Attach Listener"            daemon [_thread_blocked, id=8120, stack(0x000000285ee00000,0x000000285ef00000) (1024K)]
  0x000001a4ff5466e0 JavaThread "Service Thread"             daemon [_thread_blocked, id=24292, stack(0x000000285ef00000,0x000000285f000000) (1024K)]
  0x000001a4ff547140 JavaThread "Monitor Deflation Thread"   daemon [_thread_blocked, id=10864, stack(0x000000285f000000,0x000000285f100000) (1024K)]
=>0x000001a4ff547ed0 JavaThread "C2 CompilerThread0"         daemon [_thread_in_native, id=25436, stack(0x000000285f100000,0x000000285f200000) (1024K)]
  0x000001a4ff548970 JavaThread "C1 CompilerThread0"         daemon [_thread_blocked, id=26988, stack(0x000000285f200000,0x000000285f300000) (1024K)]
  0x000001a4ff7c76d0 JavaThread "Notification Thread"        daemon [_thread_blocked, id=24360, stack(0x000000285f300000,0x000000285f400000) (1024K)]
  0x000001a487575210 JavaThread "Daemon health stats"               [_thread_blocked, id=23908, stack(0x000000285f700000,0x000000285f800000) (1024K)]
  0x000001a4873662f0 JavaThread "Incoming local TCP Connector on port 57492"        [_thread_in_native, id=24928, stack(0x000000285f800000,0x000000285f900000) (1024K)]
  0x000001a487f794a0 JavaThread "Daemon periodic checks"            [_thread_blocked, id=19356, stack(0x000000285f900000,0x000000285fa00000) (1024K)]
  0x000001a486ad39f0 JavaThread "Cache worker for journal cache (C:\Users\mervi\.gradle\caches\journal-1)"        [_thread_blocked, id=18620, stack(0x0000002860100000,0x0000002860200000) (1024K)]
  0x000001a486ad1290 JavaThread "File lock request listener"        [_thread_in_native, id=5620, stack(0x0000002860200000,0x0000002860300000) (1024K)]
  0x000001a486ad1fb0 JavaThread "Cache worker for file hash cache (C:\Users\mervi\.gradle\caches\9.4.1\fileHashes)"        [_thread_blocked, id=27600, stack(0x0000002860300000,0x0000002860400000) (1024K)]
  0x000001a489b29420 JavaThread "File watcher server"        daemon [_thread_in_native, id=4492, stack(0x0000002860600000,0x0000002860700000) (1024K)]
  0x000001a489b2ae60 JavaThread "File watcher consumer"      daemon [_thread_blocked, id=24880, stack(0x0000002860700000,0x0000002860800000) (1024K)]
  0x000001a489b2b4f0 JavaThread "jar transforms"                    [_thread_blocked, id=10700, stack(0x0000002860900000,0x0000002860a00000) (1024K)]
  0x000001a489b28070 JavaThread "jar transforms Thread 2"           [_thread_blocked, id=6656, stack(0x0000002860a00000,0x0000002860b00000) (1024K)]
  0x000001a489b2bb80 JavaThread "jar transforms Thread 3"           [_thread_blocked, id=7048, stack(0x0000002860b00000,0x0000002860c00000) (1024K)]
  0x000001a489b28700 JavaThread "jar transforms Thread 4"           [_thread_blocked, id=7960, stack(0x0000002860c00000,0x0000002860d00000) (1024K)]
  0x000001a489b29ab0 JavaThread "Cache worker for file content cache (C:\Users\mervi\.gradle\caches\9.4.1\fileContent)"        [_thread_blocked, id=18176, stack(0x0000002860800000,0x0000002860900000) (1024K)]
  0x000001a491401190 JavaThread "Memory manager"                    [_thread_blocked, id=23296, stack(0x0000002863800000,0x0000002863900000) (1024K)]
  0x000001a498b54300 JavaThread "Cache worker for Java compile cache (C:\Users\mervi\.gradle\caches\9.4.1\javaCompile)"        [_thread_blocked, id=22620, stack(0x0000002861d00000,0x0000002861e00000) (1024K)]
  0x000001a493a552a0 JavaThread "Daemon Thread 19"                  [_thread_blocked, id=10464, stack(0x000000285df00000,0x000000285e000000) (1024K)]
  0x000001a4871299d0 JavaThread "Handler for socket connection from /127.0.0.1:57492 to /127.0.0.1:61490"        [_thread_in_native, id=22544, stack(0x000000285e000000,0x000000285e100000) (1024K)]
  0x000001a493a54580 JavaThread "Cancel handler"                    [_thread_blocked, id=17660, stack(0x000000285e100000,0x000000285e200000) (1024K)]
  0x000001a493a53ef0 JavaThread "Daemon worker Thread 16"           [_thread_blocked, id=13528, stack(0x000000285fa00000,0x000000285fb00000) (1024K)]
  0x000001a48712a6f0 JavaThread "Asynchronous log dispatcher for DefaultDaemonConnection: socket connection from /127.0.0.1:57492 to /127.0.0.1:61490"        [_thread_blocked, id=25948, stack(0x000000285fb00000,0x000000285fc00000) (1024K)]
  0x000001a48712ad80 JavaThread "Stdin handler"                     [_thread_blocked, id=24336, stack(0x000000285fc00000,0x000000285fd00000) (1024K)]
  0x000001a492dd8710 JavaThread "Daemon client event forwarder"        [_thread_blocked, id=21320, stack(0x000000285fd00000,0x000000285fe00000) (1024K)]
  0x000001a492dd9430 JavaThread "Cache worker for file hash cache (C:\Users\mervi\AndroidStudioProjects\MyNewsapp\.gradle\9.4.1\fileHashes)"        [_thread_blocked, id=26348, stack(0x000000285fe00000,0x000000285ff00000) (1024K)]
  0x000001a492dd8080 JavaThread "Cache worker for checksums cache (C:\Users\mervi\AndroidStudioProjects\MyNewsapp\.gradle\9.4.1\checksums)"        [_thread_blocked, id=27112, stack(0x000000285ff00000,0x0000002860000000) (1024K)]
  0x000001a48712c130 JavaThread "Cache worker for Build Output Cleanup Cache (C:\Users\mervi\AndroidStudioProjects\MyNewsapp\.gradle\buildOutputCleanup)"        [_thread_blocked, id=900, stack(0x0000002860000000,0x0000002860100000) (1024K)]
  0x000001a487128cb0 JavaThread "Cache worker for cache directory md-supplier (C:\Users\mervi\.gradle\caches\9.4.1\md-supplier)"        [_thread_blocked, id=26060, stack(0x0000002860400000,0x0000002860500000) (1024K)]
  0x000001a493a54c10 JavaThread "Cache worker for cache directory md-rule (C:\Users\mervi\.gradle\caches\9.4.1\md-rule)"        [_thread_blocked, id=21920, stack(0x0000002860500000,0x0000002860600000) (1024K)]
  0x000001a4986d1660 JavaThread "Build operations"                  [_thread_in_Java, id=20680, stack(0x0000002860d00000,0x0000002860e00000) (1024K)]
  0x000001a4986d02b0 JavaThread "Build operations Thread 2"         [_thread_blocked, id=468, stack(0x0000002860e00000,0x0000002860f00000) (1024K)]
  0x000001a4986d0940 JavaThread "Build operations Thread 3"         [_thread_blocked, id=19048, stack(0x0000002860f00000,0x0000002861000000) (1024K)]
  0x000001a4986d0fd0 JavaThread "Build operations Thread 4"         [_thread_in_Java, id=16028, stack(0x0000002861000000,0x0000002861100000) (1024K)]
  0x000001a4911ab420 JavaThread "Configuration cache report writer"        [_thread_blocked, id=10628, stack(0x0000002861100000,0x0000002861200000) (1024K)]
  0x000001a4911aad90 JavaThread "build event listener"              [_thread_blocked, id=18604, stack(0x0000002861200000,0x0000002861300000) (1024K)]
  0x000001a48712f5b0 JavaThread "build event listener"              [_thread_blocked, id=4868, stack(0x0000002861300000,0x0000002861400000) (1024K)]
  0x000001a4911aa070 JavaThread "Problems report writer"            [_thread_blocked, id=10020, stack(0x0000002861400000,0x0000002861500000) (1024K)]
  0x000001a48712c7c0 JavaThread "included builds"                   [_thread_blocked, id=23324, stack(0x0000002861900000,0x0000002861a00000) (1024K)]
  0x000001a48712ce50 JavaThread "Execution worker"                  [_thread_blocked, id=7932, stack(0x0000002861a00000,0x0000002861b00000) (1024K)]
  0x000001a498368850 JavaThread "Execution worker Thread 2"         [_thread_blocked, id=10900, stack(0x0000002861b00000,0x0000002861c00000) (1024K)]
  0x000001a498369570 JavaThread "Execution worker Thread 3"         [_thread_in_Java, id=876, stack(0x0000002861c00000,0x0000002861d00000) (1024K)]
  0x000001a498366780 JavaThread "Cache worker for execution history cache (C:\Users\mervi\AndroidStudioProjects\MyNewsapp\.gradle\9.4.1\executionHistory)"        [_thread_blocked, id=17216, stack(0x0000002861e00000,0x0000002861f00000) (1024K)]
  0x000001a49853bfa0 JavaThread "WorkerExecutor Queue Thread 3"        [_thread_blocked, id=14964, stack(0x0000002862100000,0x0000002862200000) (1024K)]
  0x000001a49853c630 JavaThread "WorkerExecutor Queue Thread 4"        [_thread_blocked, id=24956, stack(0x0000002862200000,0x0000002862300000) (1024K)]
  0x000001a49836e430 JavaThread "WorkerExecutor Queue Thread 5"        [_thread_blocked, id=22104, stack(0x0000002861f00000,0x0000002862000000) (1024K)]
  0x000001a49836eac0 JavaThread "WorkerExecutor Queue Thread 6"        [_thread_blocked, id=13292, stack(0x0000002861800000,0x0000002861900000) (1024K)]
Total: 55

Other Threads:
  0x000001a4ff35adb0 VMThread "VM Thread"                           [id=27336, stack(0x000000285e900000,0x000000285ea00000) (1024K)]
  0x000001a4ff2f4790 WatcherThread "VM Periodic Task Thread"        [id=7844, stack(0x000000285e800000,0x000000285e900000) (1024K)]
  0x000001a4eaf71260 WorkerThread "GC Thread#0"                     [id=16180, stack(0x000000285e300000,0x000000285e400000) (1024K)]
  0x000001a4863468f0 WorkerThread "GC Thread#1"                     [id=3828, stack(0x000000285f400000,0x000000285f500000) (1024K)]
  0x000001a486110bf0 WorkerThread "GC Thread#2"                     [id=24724, stack(0x000000285f500000,0x000000285f600000) (1024K)]
  0x000001a486d40470 WorkerThread "GC Thread#3"                     [id=15504, stack(0x000000285f600000,0x000000285f700000) (1024K)]
  0x000001a4eaf7f740 ConcurrentGCThread "G1 Main Marker"            [id=2776, stack(0x000000285e400000,0x000000285e500000) (1024K)]
  0x000001a4eaf817b0 WorkerThread "G1 Conc#0"                       [id=26472, stack(0x000000285e500000,0x000000285e600000) (1024K)]
  0x000001a4ff1d1840 ConcurrentGCThread "G1 Refine#0"               [id=24456, stack(0x000000285e600000,0x000000285e700000) (1024K)]
  0x000001a4eafe73c0 ConcurrentGCThread "G1 Service"                [id=5880, stack(0x000000285e700000,0x000000285e800000) (1024K)]
Total: 10

Threads with active compile tasks:
C2 CompilerThread0  13279070 67684 % !   4       com.android.tools.r8.internal.d91::a @ 986 (4378 bytes)
Total: 1

VM state: not at safepoint (normal execution)

VM Mutex/Monitor currently owned by a thread: None

Heap address: 0x00000000a0000000, size: 1536 MB, Compressed Oops mode: 32-bit

CDS archive(s) not mapped
Compressed class space mapped at: 0x0000000100000000-0x0000000140000000, reserved size: 1073741824
Narrow klass base: 0x0000000000000000, Narrow klass shift: 3, Narrow klass range: 0x140000000

GC Precious Log:
 CardTable entry size: 512
 Card Set container configuration: InlinePtr #cards 5 size 8 Array Of Cards #cards 12 size 40 Howl #buckets 4 coarsen threshold 1843 Howl Bitmap #cards 512 size 80 coarsen threshold 460 Card regions per heap region 1 cards per card region 2048
 CPUs: 4 total, 4 available
 Memory: 6090M
 Large Page Support: Disabled
 NUMA Support: Disabled
 Compressed Oops: Enabled (32-bit)
 Heap Region Size: 1M
 Heap Min Capacity: 8M
 Heap Initial Capacity: 96M
 Heap Max Capacity: 1536M
 Pre-touch: Disabled
 Parallel Workers: 4
 Concurrent Workers: 1
 Concurrent Refinement Workers: 4
 Periodic GC: Disabled

Heap:
 garbage-first heap   total 998400K, used 615453K [0x00000000a0000000, 0x0000000100000000)
  region size 1024K, 236 young (241664K), 3 survivors (3072K)
 Metaspace       used 300960K, committed 303616K, reserved 1376256K
  class space    used 40573K, committed 41856K, reserved 1048576K

Heap Regions: E=young(eden), S=young(survivor), O=old, HS=humongous(starts), HC=humongous(continues), CS=collection set, F=free, TAMS=top-at-mark-start, PB=parsable bottom
|   0|0x00000000a0000000, 0x00000000a0100000, 0x00000000a0100000|100%|HS|  |TAMS 0x00000000a0000000| PB 0x00000000a0000000| Complete 
|   1|0x00000000a0100000, 0x00000000a0200000, 0x00000000a0200000|100%|HC|  |TAMS 0x00000000a0100000| PB 0x00000000a0100000| Complete 
|   2|0x00000000a0200000, 0x00000000a0300000, 0x00000000a0300000|100%|HC|  |TAMS 0x00000000a0200000| PB 0x00000000a0200000| Complete 
|   3|0x00000000a0300000, 0x00000000a0400000, 0x00000000a0400000|100%|HC|  |TAMS 0x00000000a0300000| PB 0x00000000a0300000| Complete 
|   4|0x00000000a0400000, 0x00000000a0500000, 0x00000000a0500000|100%| O|  |TAMS 0x00000000a0400000| PB 0x00000000a0400000| Untracked 
|   5|0x00000000a0500000, 0x00000000a0600000, 0x00000000a0600000|100%| O|  |TAMS 0x00000000a0500000| PB 0x00000000a0500000| Untracked 
|   6|0x00000000a0600000, 0x00000000a0700000, 0x00000000a0700000|100%| O|  |TAMS 0x00000000a0600000| PB 0x00000000a0600000| Untracked 
|   7|0x00000000a0700000, 0x00000000a0800000, 0x00000000a0800000|100%| O|  |TAMS 0x00000000a0700000| PB 0x00000000a0700000| Untracked 
|   8|0x00000000a0800000, 0x00000000a0900000, 0x00000000a0900000|100%|HS|  |TAMS 0x00000000a0800000| PB 0x00000000a0800000| Complete 
|   9|0x00000000a0900000, 0x00000000a0a00000, 0x00000000a0a00000|100%| O|  |TAMS 0x00000000a0900000| PB 0x00000000a0900000| Untracked 
|  10|0x00000000a0a00000, 0x00000000a0b00000, 0x00000000a0b00000|100%| O|  |TAMS 0x00000000a0a00000| PB 0x00000000a0a00000| Untracked 
|  11|0x00000000a0b00000, 0x00000000a0c00000, 0x00000000a0c00000|100%| O|  |TAMS 0x00000000a0b00000| PB 0x00000000a0b00000| Untracked 
|  12|0x00000000a0c00000, 0x00000000a0d00000, 0x00000000a0d00000|100%| O|  |TAMS 0x00000000a0c00000| PB 0x00000000a0c00000| Untracked 
|  13|0x00000000a0d00000, 0x00000000a0e00000, 0x00000000a0e00000|100%| O|  |TAMS 0x00000000a0d00000| PB 0x00000000a0d00000| Untracked 
|  14|0x00000000a0e00000, 0x00000000a0f00000, 0x00000000a0f00000|100%| O|  |TAMS 0x00000000a0e00000| PB 0x00000000a0e00000| Untracked 
|  15|0x00000000a0f00000, 0x00000000a1000000, 0x00000000a1000000|100%| O|  |TAMS 0x00000000a0f00000| PB 0x00000000a0f00000| Untracked 
|  16|0x00000000a1000000, 0x00000000a1100000, 0x00000000a1100000|100%| O|  |TAMS 0x00000000a1000000| PB 0x00000000a1000000| Untracked 
|  17|0x00000000a1100000, 0x00000000a1200000, 0x00000000a1200000|100%| O|  |TAMS 0x00000000a1100000| PB 0x00000000a1100000| Untracked 
|  18|0x00000000a1200000, 0x00000000a1300000, 0x00000000a1300000|100%| O|  |TAMS 0x00000000a1200000| PB 0x00000000a1200000| Untracked 
|  19|0x00000000a1300000, 0x00000000a1400000, 0x00000000a1400000|100%| O|  |TAMS 0x00000000a1300000| PB 0x00000000a1300000| Untracked 
|  20|0x00000000a1400000, 0x00000000a1500000, 0x00000000a1500000|100%| O|  |TAMS 0x00000000a1400000| PB 0x00000000a1400000| Untracked 
|  21|0x00000000a1500000, 0x00000000a1600000, 0x00000000a1600000|100%| O|  |TAMS 0x00000000a1500000| PB 0x00000000a1500000| Untracked 
|  22|0x00000000a1600000, 0x00000000a1700000, 0x00000000a1700000|100%| O|  |TAMS 0x00000000a1600000| PB 0x00000000a1600000| Untracked 
|  23|0x00000000a1700000, 0x00000000a1800000, 0x00000000a1800000|100%| O|  |TAMS 0x00000000a1700000| PB 0x00000000a1700000| Untracked 
|  24|0x00000000a1800000, 0x00000000a1900000, 0x00000000a1900000|100%|HS|  |TAMS 0x00000000a1800000| PB 0x00000000a1800000| Complete 
|  25|0x00000000a1900000, 0x00000000a1a00000, 0x00000000a1a00000|100%|HC|  |TAMS 0x00000000a1900000| PB 0x00000000a1900000| Complete 
|  26|0x00000000a1a00000, 0x00000000a1b00000, 0x00000000a1b00000|100%|HC|  |TAMS 0x00000000a1a00000| PB 0x00000000a1a00000| Complete 
|  27|0x00000000a1b00000, 0x00000000a1c00000, 0x00000000a1c00000|100%|HC|  |TAMS 0x00000000a1b00000| PB 0x00000000a1b00000| Complete 
|  28|0x00000000a1c00000, 0x00000000a1d00000, 0x00000000a1d00000|100%|HC|  |TAMS 0x00000000a1c00000| PB 0x00000000a1c00000| Complete 
|  29|0x00000000a1d00000, 0x00000000a1e00000, 0x00000000a1e00000|100%|HC|  |TAMS 0x00000000a1d00000| PB 0x00000000a1d00000| Complete 
|  30|0x00000000a1e00000, 0x00000000a1f00000, 0x00000000a1f00000|100%|HS|  |TAMS 0x00000000a1e00000| PB 0x00000000a1e00000| Complete 
|  31|0x00000000a1f00000, 0x00000000a2000000, 0x00000000a2000000|100%|HC|  |TAMS 0x00000000a1f00000| PB 0x00000000a1f00000| Complete 
|  32|0x00000000a2000000, 0x00000000a2100000, 0x00000000a2100000|100%| O|  |TAMS 0x00000000a2000000| PB 0x00000000a2000000| Untracked 
|  33|0x00000000a2100000, 0x00000000a2200000, 0x00000000a2200000|100%| O|  |TAMS 0x00000000a2100000| PB 0x00000000a2100000| Untracked 
|  34|0x00000000a2200000, 0x00000000a2300000, 0x00000000a2300000|100%|HS|  |TAMS 0x00000000a2200000| PB 0x00000000a2200000| Complete 
|  35|0x00000000a2300000, 0x00000000a2400000, 0x00000000a2400000|100%|HS|  |TAMS 0x00000000a2300000| PB 0x00000000a2300000| Complete 
|  36|0x00000000a2400000, 0x00000000a2500000, 0x00000000a2500000|100%|HC|  |TAMS 0x00000000a2400000| PB 0x00000000a2400000| Complete 
|  37|0x00000000a2500000, 0x00000000a2600000, 0x00000000a2600000|100%|HC|  |TAMS 0x00000000a2500000| PB 0x00000000a2500000| Complete 
|  38|0x00000000a2600000, 0x00000000a2700000, 0x00000000a2700000|100%|HC|  |TAMS 0x00000000a2600000| PB 0x00000000a2600000| Complete 
|  39|0x00000000a2700000, 0x00000000a2800000, 0x00000000a2800000|100%|HC|  |TAMS 0x00000000a2700000| PB 0x00000000a2700000| Complete 
|  40|0x00000000a2800000, 0x00000000a2900000, 0x00000000a2900000|100%|HC|  |TAMS 0x00000000a2800000| PB 0x00000000a2800000| Complete 
|  41|0x00000000a2900000, 0x00000000a2a00000, 0x00000000a2a00000|100%|HS|  |TAMS 0x00000000a2900000| PB 0x00000000a2900000| Complete 
|  42|0x00000000a2a00000, 0x00000000a2b00000, 0x00000000a2b00000|100%|HC|  |TAMS 0x00000000a2a00000| PB 0x00000000a2a00000| Complete 
|  43|0x00000000a2b00000, 0x00000000a2c00000, 0x00000000a2c00000|100%|HS|  |TAMS 0x00000000a2b00000| PB 0x00000000a2b00000| Complete 
|  44|0x00000000a2c00000, 0x00000000a2d00000, 0x00000000a2d00000|100%| O|  |TAMS 0x00000000a2c00000| PB 0x00000000a2c00000| Untracked 
|  45|0x00000000a2d00000, 0x00000000a2e00000, 0x00000000a2e00000|100%| O|  |TAMS 0x00000000a2d00000| PB 0x00000000a2d00000| Untracked 
|  46|0x00000000a2e00000, 0x00000000a2f00000, 0x00000000a2f00000|100%| O|  |TAMS 0x00000000a2e00000| PB 0x00000000a2e00000| Untracked 
|  47|0x00000000a2f00000, 0x00000000a3000000, 0x00000000a3000000|100%|HS|  |TAMS 0x00000000a2f00000| PB 0x00000000a2f00000| Complete 
|  48|0x00000000a3000000, 0x00000000a3100000, 0x00000000a3100000|100%| O|  |TAMS 0x00000000a3000000| PB 0x00000000a3000000| Untracked 
|  49|0x00000000a3100000, 0x00000000a3200000, 0x00000000a3200000|100%| O|  |TAMS 0x00000000a3100000| PB 0x00000000a3100000| Untracked 
|  50|0x00000000a3200000, 0x00000000a3300000, 0x00000000a3300000|100%|HS|  |TAMS 0x00000000a3200000| PB 0x00000000a3200000| Complete 
|  51|0x00000000a3300000, 0x00000000a3400000, 0x00000000a3400000|100%|HC|  |TAMS 0x00000000a3300000| PB 0x00000000a3300000| Complete 
|  52|0x00000000a3400000, 0x00000000a3500000, 0x00000000a3500000|100%| O|  |TAMS 0x00000000a3400000| PB 0x00000000a3400000| Untracked 
|  53|0x00000000a3500000, 0x00000000a3600000, 0x00000000a3600000|100%| O|  |TAMS 0x00000000a3500000| PB 0x00000000a3500000| Untracked 
|  54|0x00000000a3600000, 0x00000000a3700000, 0x00000000a3700000|100%| O|  |TAMS 0x00000000a3600000| PB 0x00000000a3600000| Untracked 
|  55|0x00000000a3700000, 0x00000000a3800000, 0x00000000a3800000|100%| O|  |TAMS 0x00000000a3700000| PB 0x00000000a3700000| Untracked 
|  56|0x00000000a3800000, 0x00000000a3900000, 0x00000000a3900000|100%| O|  |TAMS 0x00000000a3800000| PB 0x00000000a3800000| Untracked 
|  57|0x00000000a3900000, 0x00000000a3a00000, 0x00000000a3a00000|100%| O|  |TAMS 0x00000000a3900000| PB 0x00000000a3900000| Untracked 
|  58|0x00000000a3a00000, 0x00000000a3b00000, 0x00000000a3b00000|100%| O|  |TAMS 0x00000000a3a00000| PB 0x00000000a3a00000| Untracked 
|  59|0x00000000a3b00000, 0x00000000a3c00000, 0x00000000a3c00000|100%|HS|  |TAMS 0x00000000a3b00000| PB 0x00000000a3b00000| Complete 
|  60|0x00000000a3c00000, 0x00000000a3d00000, 0x00000000a3d00000|100%| O|  |TAMS 0x00000000a3c00000| PB 0x00000000a3c00000| Untracked 
|  61|0x00000000a3d00000, 0x00000000a3e00000, 0x00000000a3e00000|100%| O|  |TAMS 0x00000000a3d00000| PB 0x00000000a3d00000| Untracked 
|  62|0x00000000a3e00000, 0x00000000a3f00000, 0x00000000a3f00000|100%| O|  |TAMS 0x00000000a3e00000| PB 0x00000000a3e00000| Untracked 
|  63|0x00000000a3f00000, 0x00000000a4000000, 0x00000000a4000000|100%| O|  |TAMS 0x00000000a3f00000| PB 0x00000000a3f00000| Untracked 
|  64|0x00000000a4000000, 0x00000000a4100000, 0x00000000a4100000|100%| O|  |TAMS 0x00000000a4000000| PB 0x00000000a4000000| Untracked 
|  65|0x00000000a4100000, 0x00000000a4200000, 0x00000000a4200000|100%| O|  |TAMS 0x00000000a4100000| PB 0x00000000a4100000| Untracked 
|  66|0x00000000a4200000, 0x00000000a4300000, 0x00000000a4300000|100%| O|  |TAMS 0x00000000a4200000| PB 0x00000000a4200000| Untracked 
|  67|0x00000000a4300000, 0x00000000a4400000, 0x00000000a4400000|100%| O|  |TAMS 0x00000000a4300000| PB 0x00000000a4300000| Untracked 
|  68|0x00000000a4400000, 0x00000000a4500000, 0x00000000a4500000|100%| O|  |TAMS 0x00000000a4400000| PB 0x00000000a4400000| Untracked 
|  69|0x00000000a4500000, 0x00000000a4600000, 0x00000000a4600000|100%| O|  |TAMS 0x00000000a4500000| PB 0x00000000a4500000| Untracked 
|  70|0x00000000a4600000, 0x00000000a4700000, 0x00000000a4700000|100%|HS|  |TAMS 0x00000000a4600000| PB 0x00000000a4600000| Complete 
|  71|0x00000000a4700000, 0x00000000a4800000, 0x00000000a4800000|100%| O|  |TAMS 0x00000000a4700000| PB 0x00000000a4700000| Untracked 
|  72|0x00000000a4800000, 0x00000000a4900000, 0x00000000a4900000|100%| O|  |TAMS 0x00000000a4800000| PB 0x00000000a4800000| Untracked 
|  73|0x00000000a4900000, 0x00000000a4a00000, 0x00000000a4a00000|100%| O|  |TAMS 0x00000000a4900000| PB 0x00000000a4900000| Untracked 
|  74|0x00000000a4a00000, 0x00000000a4b00000, 0x00000000a4b00000|100%| O|  |TAMS 0x00000000a4a00000| PB 0x00000000a4a00000| Untracked 
|  75|0x00000000a4b00000, 0x00000000a4c00000, 0x00000000a4c00000|100%| O|  |TAMS 0x00000000a4b00000| PB 0x00000000a4b00000| Untracked 
|  76|0x00000000a4c00000, 0x00000000a4d00000, 0x00000000a4d00000|100%| O|  |TAMS 0x00000000a4c00000| PB 0x00000000a4c00000| Untracked 
|  77|0x00000000a4d00000, 0x00000000a4e00000, 0x00000000a4e00000|100%| O|  |TAMS 0x00000000a4d00000| PB 0x00000000a4d00000| Untracked 
|  78|0x00000000a4e00000, 0x00000000a4f00000, 0x00000000a4f00000|100%| O|  |TAMS 0x00000000a4e00000| PB 0x00000000a4e00000| Untracked 
|  79|0x00000000a4f00000, 0x00000000a5000000, 0x00000000a5000000|100%| O|  |TAMS 0x00000000a4f00000| PB 0x00000000a4f00000| Untracked 
|  80|0x00000000a5000000, 0x00000000a5100000, 0x00000000a5100000|100%| O|  |TAMS 0x00000000a5000000| PB 0x00000000a5000000| Untracked 
|  81|0x00000000a5100000, 0x00000000a5200000, 0x00000000a5200000|100%| O|  |TAMS 0x00000000a5100000| PB 0x00000000a5100000| Untracked 
|  82|0x00000000a5200000, 0x00000000a5300000, 0x00000000a5300000|100%| O|  |TAMS 0x00000000a5200000| PB 0x00000000a5200000| Untracked 
|  83|0x00000000a5300000, 0x00000000a5400000, 0x00000000a5400000|100%| O|  |TAMS 0x00000000a5300000| PB 0x00000000a5300000| Untracked 
|  84|0x00000000a5400000, 0x00000000a5500000, 0x00000000a5500000|100%|HS|  |TAMS 0x00000000a5400000| PB 0x00000000a5400000| Complete 
|  85|0x00000000a5500000, 0x00000000a5600000, 0x00000000a5600000|100%| O|  |TAMS 0x00000000a5500000| PB 0x00000000a5500000| Untracked 
|  86|0x00000000a5600000, 0x00000000a5700000, 0x00000000a5700000|100%| O|  |TAMS 0x00000000a5600000| PB 0x00000000a5600000| Untracked 
|  87|0x00000000a5700000, 0x00000000a5800000, 0x00000000a5800000|100%|HS|  |TAMS 0x00000000a5700000| PB 0x00000000a5700000| Complete 
|  88|0x00000000a5800000, 0x00000000a5900000, 0x00000000a5900000|100%| O|  |TAMS 0x00000000a5800000| PB 0x00000000a5800000| Untracked 
|  89|0x00000000a5900000, 0x00000000a5a00000, 0x00000000a5a00000|100%| O|  |TAMS 0x00000000a5900000| PB 0x00000000a5900000| Untracked 
|  90|0x00000000a5a00000, 0x00000000a5b00000, 0x00000000a5b00000|100%|HS|  |TAMS 0x00000000a5a00000| PB 0x00000000a5a00000| Complete 
|  91|0x00000000a5b00000, 0x00000000a5c00000, 0x00000000a5c00000|100%| O|  |TAMS 0x00000000a5b00000| PB 0x00000000a5b00000| Untracked 
|  92|0x00000000a5c00000, 0x00000000a5d00000, 0x00000000a5d00000|100%|HS|  |TAMS 0x00000000a5c00000| PB 0x00000000a5c00000| Complete 
|  93|0x00000000a5d00000, 0x00000000a5e00000, 0x00000000a5e00000|100%| O|  |TAMS 0x00000000a5d00000| PB 0x00000000a5d00000| Untracked 
|  94|0x00000000a5e00000, 0x00000000a5f00000, 0x00000000a5f00000|100%| O|  |TAMS 0x00000000a5e00000| PB 0x00000000a5e00000| Untracked 
|  95|0x00000000a5f00000, 0x00000000a6000000, 0x00000000a6000000|100%| O|  |TAMS 0x00000000a5f00000| PB 0x00000000a5f00000| Untracked 
|  96|0x00000000a6000000, 0x00000000a6100000, 0x00000000a6100000|100%| O|  |TAMS 0x00000000a6000000| PB 0x00000000a6000000| Untracked 
|  97|0x00000000a6100000, 0x00000000a6200000, 0x00000000a6200000|100%|HS|  |TAMS 0x00000000a6100000| PB 0x00000000a6100000| Complete 
|  98|0x00000000a6200000, 0x00000000a6300000, 0x00000000a6300000|100%| O|  |TAMS 0x00000000a6200000| PB 0x00000000a6200000| Untracked 
|  99|0x00000000a6300000, 0x00000000a6400000, 0x00000000a6400000|100%| O|  |TAMS 0x00000000a6300000| PB 0x00000000a6300000| Untracked 
| 100|0x00000000a6400000, 0x00000000a6500000, 0x00000000a6500000|100%| O|  |TAMS 0x00000000a6400000| PB 0x00000000a6400000| Untracked 
| 101|0x00000000a6500000, 0x00000000a6600000, 0x00000000a6600000|100%|HS|  |TAMS 0x00000000a6500000| PB 0x00000000a6500000| Complete 
| 102|0x00000000a6600000, 0x00000000a6700000, 0x00000000a6700000|100%| O|  |TAMS 0x00000000a6600000| PB 0x00000000a6600000| Untracked 
| 103|0x00000000a6700000, 0x00000000a6800000, 0x00000000a6800000|100%| O|  |TAMS 0x00000000a6700000| PB 0x00000000a6700000| Untracked 
| 104|0x00000000a6800000, 0x00000000a6900000, 0x00000000a6900000|100%| O|  |TAMS 0x00000000a6800000| PB 0x00000000a6800000| Untracked 
| 105|0x00000000a6900000, 0x00000000a6a00000, 0x00000000a6a00000|100%| O|  |TAMS 0x00000000a6900000| PB 0x00000000a6900000| Untracked 
| 106|0x00000000a6a00000, 0x00000000a6b00000, 0x00000000a6b00000|100%| O|  |TAMS 0x00000000a6a00000| PB 0x00000000a6a00000| Untracked 
| 107|0x00000000a6b00000, 0x00000000a6c00000, 0x00000000a6c00000|100%| O|  |TAMS 0x00000000a6b00000| PB 0x00000000a6b00000| Untracked 
| 108|0x00000000a6c00000, 0x00000000a6d00000, 0x00000000a6d00000|100%| O|  |TAMS 0x00000000a6c00000| PB 0x00000000a6c00000| Untracked 
| 109|0x00000000a6d00000, 0x00000000a6e00000, 0x00000000a6e00000|100%| O|  |TAMS 0x00000000a6d00000| PB 0x00000000a6d00000| Untracked 
| 110|0x00000000a6e00000, 0x00000000a6f00000, 0x00000000a6f00000|100%| O|  |TAMS 0x00000000a6e00000| PB 0x00000000a6e00000| Untracked 
| 111|0x00000000a6f00000, 0x00000000a7000000, 0x00000000a7000000|100%| O|  |TAMS 0x00000000a6f00000| PB 0x00000000a6f00000| Untracked 
| 112|0x00000000a7000000, 0x00000000a7100000, 0x00000000a7100000|100%| O|  |TAMS 0x00000000a7000000| PB 0x00000000a7000000| Untracked 
| 113|0x00000000a7100000, 0x00000000a7200000, 0x00000000a7200000|100%|HS|  |TAMS 0x00000000a7100000| PB 0x00000000a7100000| Complete 
| 114|0x00000000a7200000, 0x00000000a7300000, 0x00000000a7300000|100%|HS|  |TAMS 0x00000000a7200000| PB 0x00000000a7200000| Complete 
| 115|0x00000000a7300000, 0x00000000a7400000, 0x00000000a7400000|100%|HS|  |TAMS 0x00000000a7300000| PB 0x00000000a7300000| Complete 
| 116|0x00000000a7400000, 0x00000000a7500000, 0x00000000a7500000|100%| O|  |TAMS 0x00000000a7400000| PB 0x00000000a7400000| Untracked 
| 117|0x00000000a7500000, 0x00000000a7600000, 0x00000000a7600000|100%| O|  |TAMS 0x00000000a7500000| PB 0x00000000a7500000| Untracked 
| 118|0x00000000a7600000, 0x00000000a7700000, 0x00000000a7700000|100%| O|  |TAMS 0x00000000a7600000| PB 0x00000000a7600000| Untracked 
| 119|0x00000000a7700000, 0x00000000a7800000, 0x00000000a7800000|100%| O|  |TAMS 0x00000000a7700000| PB 0x00000000a7700000| Untracked 
| 120|0x00000000a7800000, 0x00000000a7900000, 0x00000000a7900000|100%| O|  |TAMS 0x00000000a7800000| PB 0x00000000a7800000| Untracked 
| 121|0x00000000a7900000, 0x00000000a7a00000, 0x00000000a7a00000|100%| O|  |TAMS 0x00000000a7900000| PB 0x00000000a7900000| Untracked 
| 122|0x00000000a7a00000, 0x00000000a7b00000, 0x00000000a7b00000|100%| O|  |TAMS 0x00000000a7a00000| PB 0x00000000a7a00000| Untracked 
| 123|0x00000000a7b00000, 0x00000000a7c00000, 0x00000000a7c00000|100%|HS|  |TAMS 0x00000000a7b00000| PB 0x00000000a7b00000| Complete 
| 124|0x00000000a7c00000, 0x00000000a7d00000, 0x00000000a7d00000|100%| O|  |TAMS 0x00000000a7c00000| PB 0x00000000a7c00000| Untracked 
| 125|0x00000000a7d00000, 0x00000000a7e00000, 0x00000000a7e00000|100%| O|  |TAMS 0x00000000a7d00000| PB 0x00000000a7d00000| Untracked 
| 126|0x00000000a7e00000, 0x00000000a7f00000, 0x00000000a7f00000|100%| O|  |TAMS 0x00000000a7e00000| PB 0x00000000a7e00000| Untracked 
| 127|0x00000000a7f00000, 0x00000000a7f00000, 0x00000000a8000000|  0%| F|  |TAMS 0x00000000a7f00000| PB 0x00000000a7f00000| Untracked 
| 128|0x00000000a8000000, 0x00000000a8100000, 0x00000000a8100000|100%| O|  |TAMS 0x00000000a8000000| PB 0x00000000a8000000| Untracked 
| 129|0x00000000a8100000, 0x00000000a8200000, 0x00000000a8200000|100%| O|  |TAMS 0x00000000a8100000| PB 0x00000000a8100000| Untracked 
| 130|0x00000000a8200000, 0x00000000a8300000, 0x00000000a8300000|100%| O|  |TAMS 0x00000000a8200000| PB 0x00000000a8200000| Untracked 
| 131|0x00000000a8300000, 0x00000000a8400000, 0x00000000a8400000|100%| O|  |TAMS 0x00000000a8300000| PB 0x00000000a8300000| Untracked 
| 132|0x00000000a8400000, 0x00000000a8500000, 0x00000000a8500000|100%|HS|  |TAMS 0x00000000a8400000| PB 0x00000000a8400000| Complete 
| 133|0x00000000a8500000, 0x00000000a8600000, 0x00000000a8600000|100%|HC|  |TAMS 0x00000000a8500000| PB 0x00000000a8500000| Complete 
| 134|0x00000000a8600000, 0x00000000a8700000, 0x00000000a8700000|100%| O|  |TAMS 0x00000000a8600000| PB 0x00000000a8600000| Untracked 
| 135|0x00000000a8700000, 0x00000000a8800000, 0x00000000a8800000|100%| O|  |TAMS 0x00000000a8700000| PB 0x00000000a8700000| Untracked 
| 136|0x00000000a8800000, 0x00000000a8900000, 0x00000000a8900000|100%| O|  |TAMS 0x00000000a8800000| PB 0x00000000a8800000| Untracked 
| 137|0x00000000a8900000, 0x00000000a8a00000, 0x00000000a8a00000|100%| O|  |TAMS 0x00000000a8900000| PB 0x00000000a8900000| Untracked 
| 138|0x00000000a8a00000, 0x00000000a8b00000, 0x00000000a8b00000|100%| O|  |TAMS 0x00000000a8a00000| PB 0x00000000a8a00000| Untracked 
| 139|0x00000000a8b00000, 0x00000000a8c00000, 0x00000000a8c00000|100%|HS|  |TAMS 0x00000000a8b00000| PB 0x00000000a8b00000| Complete 
| 140|0x00000000a8c00000, 0x00000000a8d00000, 0x00000000a8d00000|100%| O|  |TAMS 0x00000000a8c00000| PB 0x00000000a8c00000| Untracked 
| 141|0x00000000a8d00000, 0x00000000a8e00000, 0x00000000a8e00000|100%| O|  |TAMS 0x00000000a8d00000| PB 0x00000000a8d00000| Untracked 
| 142|0x00000000a8e00000, 0x00000000a8f00000, 0x00000000a8f00000|100%| O|  |TAMS 0x00000000a8e00000| PB 0x00000000a8e00000| Untracked 
| 143|0x00000000a8f00000, 0x00000000a9000000, 0x00000000a9000000|100%| O|  |TAMS 0x00000000a8f00000| PB 0x00000000a8f00000| Untracked 
| 144|0x00000000a9000000, 0x00000000a9100000, 0x00000000a9100000|100%| O|  |TAMS 0x00000000a9000000| PB 0x00000000a9000000| Untracked 
| 145|0x00000000a9100000, 0x00000000a9200000, 0x00000000a9200000|100%| O|  |TAMS 0x00000000a9100000| PB 0x00000000a9100000| Untracked 
| 146|0x00000000a9200000, 0x00000000a9300000, 0x00000000a9300000|100%| O|  |TAMS 0x00000000a9200000| PB 0x00000000a9200000| Untracked 
| 147|0x00000000a9300000, 0x00000000a9400000, 0x00000000a9400000|100%| O|  |TAMS 0x00000000a9300000| PB 0x00000000a9300000| Untracked 
| 148|0x00000000a9400000, 0x00000000a9500000, 0x00000000a9500000|100%| O|  |TAMS 0x00000000a9400000| PB 0x00000000a9400000| Untracked 
| 149|0x00000000a9500000, 0x00000000a9600000, 0x00000000a9600000|100%|HS|  |TAMS 0x00000000a9500000| PB 0x00000000a9500000| Complete 
| 150|0x00000000a9600000, 0x00000000a9700000, 0x00000000a9700000|100%| O|  |TAMS 0x00000000a9600000| PB 0x00000000a9600000| Untracked 
| 151|0x00000000a9700000, 0x00000000a9800000, 0x00000000a9800000|100%| O|  |TAMS 0x00000000a9700000| PB 0x00000000a9700000| Untracked 
| 152|0x00000000a9800000, 0x00000000a9900000, 0x00000000a9900000|100%| O|  |TAMS 0x00000000a9800000| PB 0x00000000a9800000| Untracked 
| 153|0x00000000a9900000, 0x00000000a9a00000, 0x00000000a9a00000|100%| O|  |TAMS 0x00000000a9900000| PB 0x00000000a9900000| Untracked 
| 154|0x00000000a9a00000, 0x00000000a9b00000, 0x00000000a9b00000|100%| O|  |TAMS 0x00000000a9a00000| PB 0x00000000a9a00000| Untracked 
| 155|0x00000000a9b00000, 0x00000000a9c00000, 0x00000000a9c00000|100%| O|  |TAMS 0x00000000a9b00000| PB 0x00000000a9b00000| Untracked 
| 156|0x00000000a9c00000, 0x00000000a9d00000, 0x00000000a9d00000|100%| O|  |TAMS 0x00000000a9c00000| PB 0x00000000a9c00000| Untracked 
| 157|0x00000000a9d00000, 0x00000000a9e00000, 0x00000000a9e00000|100%| O|  |TAMS 0x00000000a9d00000| PB 0x00000000a9d00000| Untracked 
| 158|0x00000000a9e00000, 0x00000000a9f00000, 0x00000000a9f00000|100%| O|  |TAMS 0x00000000a9e00000| PB 0x00000000a9e00000| Untracked 
| 159|0x00000000a9f00000, 0x00000000aa000000, 0x00000000aa000000|100%| O|  |TAMS 0x00000000a9f00000| PB 0x00000000a9f00000| Untracked 
| 160|0x00000000aa000000, 0x00000000aa100000, 0x00000000aa100000|100%| O|  |TAMS 0x00000000aa000000| PB 0x00000000aa000000| Untracked 
| 161|0x00000000aa100000, 0x00000000aa200000, 0x00000000aa200000|100%| O|  |TAMS 0x00000000aa100000| PB 0x00000000aa100000| Untracked 
| 162|0x00000000aa200000, 0x00000000aa300000, 0x00000000aa300000|100%| O|  |TAMS 0x00000000aa200000| PB 0x00000000aa200000| Untracked 
| 163|0x00000000aa300000, 0x00000000aa400000, 0x00000000aa400000|100%| O|  |TAMS 0x00000000aa300000| PB 0x00000000aa300000| Untracked 
| 164|0x00000000aa400000, 0x00000000aa500000, 0x00000000aa500000|100%| O|  |TAMS 0x00000000aa400000| PB 0x00000000aa400000| Untracked 
| 165|0x00000000aa500000, 0x00000000aa600000, 0x00000000aa600000|100%| O|  |TAMS 0x00000000aa500000| PB 0x00000000aa500000| Untracked 
| 166|0x00000000aa600000, 0x00000000aa700000, 0x00000000aa700000|100%| O|  |TAMS 0x00000000aa600000| PB 0x00000000aa600000| Untracked 
| 167|0x00000000aa700000, 0x00000000aa800000, 0x00000000aa800000|100%| O|  |TAMS 0x00000000aa700000| PB 0x00000000aa700000| Untracked 
| 168|0x00000000aa800000, 0x00000000aa900000, 0x00000000aa900000|100%|HS|  |TAMS 0x00000000aa800000| PB 0x00000000aa800000| Complete 
| 169|0x00000000aa900000, 0x00000000aaa00000, 0x00000000aaa00000|100%| O|  |TAMS 0x00000000aa900000| PB 0x00000000aa900000| Untracked 
| 170|0x00000000aaa00000, 0x00000000aab00000, 0x00000000aab00000|100%| O|  |TAMS 0x00000000aaa00000| PB 0x00000000aaa00000| Untracked 
| 171|0x00000000aab00000, 0x00000000aac00000, 0x00000000aac00000|100%| O|  |TAMS 0x00000000aab00000| PB 0x00000000aab00000| Untracked 
| 172|0x00000000aac00000, 0x00000000aad00000, 0x00000000aad00000|100%| O|  |TAMS 0x00000000aac00000| PB 0x00000000aac00000| Untracked 
| 173|0x00000000aad00000, 0x00000000aae00000, 0x00000000aae00000|100%| O|  |TAMS 0x00000000aad00000| PB 0x00000000aad00000| Untracked 
| 174|0x00000000aae00000, 0x00000000aaf00000, 0x00000000aaf00000|100%| O|  |TAMS 0x00000000aae00000| PB 0x00000000aae00000| Untracked 
| 175|0x00000000aaf00000, 0x00000000ab000000, 0x00000000ab000000|100%| O|  |TAMS 0x00000000aaf00000| PB 0x00000000aaf00000| Untracked 
| 176|0x00000000ab000000, 0x00000000ab100000, 0x00000000ab100000|100%| O|  |TAMS 0x00000000ab000000| PB 0x00000000ab000000| Untracked 
| 177|0x00000000ab100000, 0x00000000ab200000, 0x00000000ab200000|100%| O|  |TAMS 0x00000000ab100000| PB 0x00000000ab100000| Untracked 
| 178|0x00000000ab200000, 0x00000000ab300000, 0x00000000ab300000|100%|HS|  |TAMS 0x00000000ab200000| PB 0x00000000ab200000| Complete 
| 179|0x00000000ab300000, 0x00000000ab400000, 0x00000000ab400000|100%| O|  |TAMS 0x00000000ab300000| PB 0x00000000ab300000| Untracked 
| 180|0x00000000ab400000, 0x00000000ab500000, 0x00000000ab500000|100%| O|  |TAMS 0x00000000ab400000| PB 0x00000000ab400000| Untracked 
| 181|0x00000000ab500000, 0x00000000ab600000, 0x00000000ab600000|100%| O|  |TAMS 0x00000000ab500000| PB 0x00000000ab500000| Untracked 
| 182|0x00000000ab600000, 0x00000000ab700000, 0x00000000ab700000|100%| O|  |TAMS 0x00000000ab600000| PB 0x00000000ab600000| Untracked 
| 183|0x00000000ab700000, 0x00000000ab800000, 0x00000000ab800000|100%| O|  |TAMS 0x00000000ab700000| PB 0x00000000ab700000| Untracked 
| 184|0x00000000ab800000, 0x00000000ab900000, 0x00000000ab900000|100%|HS|  |TAMS 0x00000000ab800000| PB 0x00000000ab800000| Complete 
| 185|0x00000000ab900000, 0x00000000aba00000, 0x00000000aba00000|100%|HS|  |TAMS 0x00000000ab900000| PB 0x00000000ab900000| Complete 
| 186|0x00000000aba00000, 0x00000000abb00000, 0x00000000abb00000|100%| O|  |TAMS 0x00000000aba00000| PB 0x00000000aba00000| Untracked 
| 187|0x00000000abb00000, 0x00000000abc00000, 0x00000000abc00000|100%| O|  |TAMS 0x00000000abb00000| PB 0x00000000abb00000| Untracked 
| 188|0x00000000abc00000, 0x00000000abd00000, 0x00000000abd00000|100%|HS|  |TAMS 0x00000000abc00000| PB 0x00000000abc00000| Complete 
| 189|0x00000000abd00000, 0x00000000abe00000, 0x00000000abe00000|100%|HS|  |TAMS 0x00000000abd00000| PB 0x00000000abd00000| Complete 
| 190|0x00000000abe00000, 0x00000000abf00000, 0x00000000abf00000|100%| O|  |TAMS 0x00000000abe00000| PB 0x00000000abe00000| Untracked 
| 191|0x00000000abf00000, 0x00000000ac000000, 0x00000000ac000000|100%| O|  |TAMS 0x00000000abf00000| PB 0x00000000abf00000| Untracked 
| 192|0x00000000ac000000, 0x00000000ac100000, 0x00000000ac100000|100%| O|  |TAMS 0x00000000ac000000| PB 0x00000000ac000000| Untracked 
| 193|0x00000000ac100000, 0x00000000ac200000, 0x00000000ac200000|100%| O|  |TAMS 0x00000000ac100000| PB 0x00000000ac100000| Untracked 
| 194|0x00000000ac200000, 0x00000000ac300000, 0x00000000ac300000|100%| O|  |TAMS 0x00000000ac200000| PB 0x00000000ac200000| Untracked 
| 195|0x00000000ac300000, 0x00000000ac400000, 0x00000000ac400000|100%| O|  |TAMS 0x00000000ac300000| PB 0x00000000ac300000| Untracked 
| 196|0x00000000ac400000, 0x00000000ac500000, 0x00000000ac500000|100%| O|  |TAMS 0x00000000ac400000| PB 0x00000000ac400000| Untracked 
| 197|0x00000000ac500000, 0x00000000ac600000, 0x00000000ac600000|100%|HS|  |TAMS 0x00000000ac500000| PB 0x00000000ac500000| Complete 
| 198|0x00000000ac600000, 0x00000000ac700000, 0x00000000ac700000|100%| O|  |TAMS 0x00000000ac600000| PB 0x00000000ac600000| Untracked 
| 199|0x00000000ac700000, 0x00000000ac800000, 0x00000000ac800000|100%| O|  |TAMS 0x00000000ac700000| PB 0x00000000ac700000| Untracked 
| 200|0x00000000ac800000, 0x00000000ac900000, 0x00000000ac900000|100%| O|  |TAMS 0x00000000ac800000| PB 0x00000000ac800000| Untracked 
| 201|0x00000000ac900000, 0x00000000aca00000, 0x00000000aca00000|100%| O|  |TAMS 0x00000000ac900000| PB 0x00000000ac900000| Untracked 
| 202|0x00000000aca00000, 0x00000000acb00000, 0x00000000acb00000|100%| O|  |TAMS 0x00000000aca00000| PB 0x00000000aca00000| Untracked 
| 203|0x00000000acb00000, 0x00000000acc00000, 0x00000000acc00000|100%| O|  |TAMS 0x00000000acb00000| PB 0x00000000acb00000| Untracked 
| 204|0x00000000acc00000, 0x00000000acd00000, 0x00000000acd00000|100%| O|  |TAMS 0x00000000acc00000| PB 0x00000000acc00000| Untracked 
| 205|0x00000000acd00000, 0x00000000ace00000, 0x00000000ace00000|100%| O|  |TAMS 0x00000000acd00000| PB 0x00000000acd00000| Untracked 
| 206|0x00000000ace00000, 0x00000000acf00000, 0x00000000acf00000|100%| O|  |TAMS 0x00000000ace00000| PB 0x00000000ace00000| Untracked 
| 207|0x00000000acf00000, 0x00000000ad000000, 0x00000000ad000000|100%| O|  |TAMS 0x00000000acf00000| PB 0x00000000acf00000| Untracked 
| 208|0x00000000ad000000, 0x00000000ad100000, 0x00000000ad100000|100%|HS|  |TAMS 0x00000000ad000000| PB 0x00000000ad000000| Complete 
| 209|0x00000000ad100000, 0x00000000ad200000, 0x00000000ad200000|100%| O|  |TAMS 0x00000000ad100000| PB 0x00000000ad100000| Untracked 
| 210|0x00000000ad200000, 0x00000000ad300000, 0x00000000ad300000|100%| O|  |TAMS 0x00000000ad200000| PB 0x00000000ad200000| Untracked 
| 211|0x00000000ad300000, 0x00000000ad400000, 0x00000000ad400000|100%| O|  |TAMS 0x00000000ad300000| PB 0x00000000ad300000| Untracked 
| 212|0x00000000ad400000, 0x00000000ad500000, 0x00000000ad500000|100%| O|  |TAMS 0x00000000ad400000| PB 0x00000000ad400000| Untracked 
| 213|0x00000000ad500000, 0x00000000ad600000, 0x00000000ad600000|100%| O|  |TAMS 0x00000000ad500000| PB 0x00000000ad500000| Untracked 
| 214|0x00000000ad600000, 0x00000000ad700000, 0x00000000ad700000|100%| O|  |TAMS 0x00000000ad600000| PB 0x00000000ad600000| Untracked 
| 215|0x00000000ad700000, 0x00000000ad800000, 0x00000000ad800000|100%| O|  |TAMS 0x00000000ad700000| PB 0x00000000ad700000| Untracked 
| 216|0x00000000ad800000, 0x00000000ad900000, 0x00000000ad900000|100%| O|  |TAMS 0x00000000ad800000| PB 0x00000000ad800000| Untracked 
| 217|0x00000000ad900000, 0x00000000ada00000, 0x00000000ada00000|100%| O|  |TAMS 0x00000000ad900000| PB 0x00000000ad900000| Untracked 
| 218|0x00000000ada00000, 0x00000000adb00000, 0x00000000adb00000|100%| O|  |TAMS 0x00000000ada00000| PB 0x00000000ada00000| Untracked 
| 219|0x00000000adb00000, 0x00000000adc00000, 0x00000000adc00000|100%| O|  |TAMS 0x00000000adb00000| PB 0x00000000adb00000| Untracked 
| 220|0x00000000adc00000, 0x00000000add00000, 0x00000000add00000|100%| O|  |TAMS 0x00000000adc00000| PB 0x00000000adc00000| Untracked 
| 221|0x00000000add00000, 0x00000000ade00000, 0x00000000ade00000|100%| O|  |TAMS 0x00000000add00000| PB 0x00000000add00000| Untracked 
| 222|0x00000000ade00000, 0x00000000adf00000, 0x00000000adf00000|100%| O|  |TAMS 0x00000000ade00000| PB 0x00000000ade00000| Untracked 
| 223|0x00000000adf00000, 0x00000000ae000000, 0x00000000ae000000|100%| O|  |TAMS 0x00000000adf00000| PB 0x00000000adf00000| Untracked 
| 224|0x00000000ae000000, 0x00000000ae100000, 0x00000000ae100000|100%| O|  |TAMS 0x00000000ae000000| PB 0x00000000ae000000| Untracked 
| 225|0x00000000ae100000, 0x00000000ae200000, 0x00000000ae200000|100%| O|  |TAMS 0x00000000ae100000| PB 0x00000000ae100000| Untracked 
| 226|0x00000000ae200000, 0x00000000ae300000, 0x00000000ae300000|100%| O|  |TAMS 0x00000000ae200000| PB 0x00000000ae200000| Untracked 
| 227|0x00000000ae300000, 0x00000000ae400000, 0x00000000ae400000|100%| O|  |TAMS 0x00000000ae300000| PB 0x00000000ae300000| Untracked 
| 228|0x00000000ae400000, 0x00000000ae500000, 0x00000000ae500000|100%| O|  |TAMS 0x00000000ae400000| PB 0x00000000ae400000| Untracked 
| 229|0x00000000ae500000, 0x00000000ae600000, 0x00000000ae600000|100%| O|  |TAMS 0x00000000ae500000| PB 0x00000000ae500000| Untracked 
| 230|0x00000000ae600000, 0x00000000ae700000, 0x00000000ae700000|100%| O|  |TAMS 0x00000000ae600000| PB 0x00000000ae600000| Untracked 
| 231|0x00000000ae700000, 0x00000000ae800000, 0x00000000ae800000|100%|HS|  |TAMS 0x00000000ae700000| PB 0x00000000ae700000| Complete 
| 232|0x00000000ae800000, 0x00000000ae900000, 0x00000000ae900000|100%| O|  |TAMS 0x00000000ae800000| PB 0x00000000ae800000| Untracked 
| 233|0x00000000ae900000, 0x00000000ae900000, 0x00000000aea00000|  0%| F|  |TAMS 0x00000000ae900000| PB 0x00000000ae900000| Untracked 
| 234|0x00000000aea00000, 0x00000000aeb00000, 0x00000000aeb00000|100%| O|  |TAMS 0x00000000aea00000| PB 0x00000000aea00000| Untracked 
| 235|0x00000000aeb00000, 0x00000000aec00000, 0x00000000aec00000|100%| O|  |TAMS 0x00000000aeb00000| PB 0x00000000aeb00000| Untracked 
| 236|0x00000000aec00000, 0x00000000aed00000, 0x00000000aed00000|100%| O|  |TAMS 0x00000000aec00000| PB 0x00000000aec00000| Untracked 
| 237|0x00000000aed00000, 0x00000000aee00000, 0x00000000aee00000|100%| O|  |TAMS 0x00000000aed00000| PB 0x00000000aed00000| Untracked 
| 238|0x00000000aee00000, 0x00000000aef00000, 0x00000000aef00000|100%| O|  |TAMS 0x00000000aee00000| PB 0x00000000aee00000| Untracked 
| 239|0x00000000aef00000, 0x00000000af000000, 0x00000000af000000|100%| O|  |TAMS 0x00000000aef00000| PB 0x00000000aef00000| Untracked 
| 240|0x00000000af000000, 0x00000000af100000, 0x00000000af100000|100%| O|  |TAMS 0x00000000af000000| PB 0x00000000af000000| Untracked 
| 241|0x00000000af100000, 0x00000000af200000, 0x00000000af200000|100%| O|  |TAMS 0x00000000af100000| PB 0x00000000af100000| Untracked 
| 242|0x00000000af200000, 0x00000000af300000, 0x00000000af300000|100%| O|  |TAMS 0x00000000af200000| PB 0x00000000af200000| Untracked 
| 243|0x00000000af300000, 0x00000000af400000, 0x00000000af400000|100%| O|  |TAMS 0x00000000af300000| PB 0x00000000af300000| Untracked 
| 244|0x00000000af400000, 0x00000000af500000, 0x00000000af500000|100%| O|  |TAMS 0x00000000af400000| PB 0x00000000af400000| Untracked 
| 245|0x00000000af500000, 0x00000000af600000, 0x00000000af600000|100%| O|  |TAMS 0x00000000af500000| PB 0x00000000af500000| Untracked 
| 246|0x00000000af600000, 0x00000000af700000, 0x00000000af700000|100%| O|  |TAMS 0x00000000af600000| PB 0x00000000af600000| Untracked 
| 247|0x00000000af700000, 0x00000000af800000, 0x00000000af800000|100%| O|  |TAMS 0x00000000af700000| PB 0x00000000af700000| Untracked 
| 248|0x00000000af800000, 0x00000000af900000, 0x00000000af900000|100%| O|  |TAMS 0x00000000af800000| PB 0x00000000af800000| Untracked 
| 249|0x00000000af900000, 0x00000000afa00000, 0x00000000afa00000|100%| O|  |TAMS 0x00000000af900000| PB 0x00000000af900000| Untracked 
| 250|0x00000000afa00000, 0x00000000afb00000, 0x00000000afb00000|100%| O|  |TAMS 0x00000000afa00000| PB 0x00000000afa00000| Untracked 
| 251|0x00000000afb00000, 0x00000000afc00000, 0x00000000afc00000|100%| O|  |TAMS 0x00000000afb00000| PB 0x00000000afb00000| Untracked 
| 252|0x00000000afc00000, 0x00000000afd00000, 0x00000000afd00000|100%| O|  |TAMS 0x00000000afc00000| PB 0x00000000afc00000| Untracked 
| 253|0x00000000afd00000, 0x00000000afe00000, 0x00000000afe00000|100%| O|  |TAMS 0x00000000afd00000| PB 0x00000000afd00000| Untracked 
| 254|0x00000000afe00000, 0x00000000aff00000, 0x00000000aff00000|100%|HS|  |TAMS 0x00000000afe00000| PB 0x00000000afe00000| Complete 
| 255|0x00000000aff00000, 0x00000000b0000000, 0x00000000b0000000|100%|HC|  |TAMS 0x00000000aff00000| PB 0x00000000aff00000| Complete 
| 256|0x00000000b0000000, 0x00000000b0100000, 0x00000000b0100000|100%| O|  |TAMS 0x00000000b0000000| PB 0x00000000b0000000| Untracked 
| 257|0x00000000b0100000, 0x00000000b0200000, 0x00000000b0200000|100%| O|  |TAMS 0x00000000b0100000| PB 0x00000000b0100000| Untracked 
| 258|0x00000000b0200000, 0x00000000b0300000, 0x00000000b0300000|100%| O|  |TAMS 0x00000000b0200000| PB 0x00000000b0200000| Untracked 
| 259|0x00000000b0300000, 0x00000000b0400000, 0x00000000b0400000|100%| O|  |TAMS 0x00000000b0300000| PB 0x00000000b0300000| Untracked 
| 260|0x00000000b0400000, 0x00000000b0500000, 0x00000000b0500000|100%| O|  |TAMS 0x00000000b0400000| PB 0x00000000b0400000| Untracked 
| 261|0x00000000b0500000, 0x00000000b0600000, 0x00000000b0600000|100%| O|  |TAMS 0x00000000b0500000| PB 0x00000000b0500000| Untracked 
| 262|0x00000000b0600000, 0x00000000b0700000, 0x00000000b0700000|100%| O|  |TAMS 0x00000000b0600000| PB 0x00000000b0600000| Untracked 
| 263|0x00000000b0700000, 0x00000000b0800000, 0x00000000b0800000|100%| O|  |TAMS 0x00000000b0700000| PB 0x00000000b0700000| Untracked 
| 264|0x00000000b0800000, 0x00000000b0900000, 0x00000000b0900000|100%| O|  |TAMS 0x00000000b0800000| PB 0x00000000b0800000| Untracked 
| 265|0x00000000b0900000, 0x00000000b0a00000, 0x00000000b0a00000|100%| O|  |TAMS 0x00000000b0900000| PB 0x00000000b0900000| Untracked 
| 266|0x00000000b0a00000, 0x00000000b0b00000, 0x00000000b0b00000|100%| O|  |TAMS 0x00000000b0a00000| PB 0x00000000b0a00000| Untracked 
| 267|0x00000000b0b00000, 0x00000000b0c00000, 0x00000000b0c00000|100%| O|  |TAMS 0x00000000b0b00000| PB 0x00000000b0b00000| Untracked 
| 268|0x00000000b0c00000, 0x00000000b0d00000, 0x00000000b0d00000|100%|HS|  |TAMS 0x00000000b0c00000| PB 0x00000000b0c00000| Complete 
| 269|0x00000000b0d00000, 0x00000000b0e00000, 0x00000000b0e00000|100%|HC|  |TAMS 0x00000000b0d00000| PB 0x00000000b0d00000| Complete 
| 270|0x00000000b0e00000, 0x00000000b0f00000, 0x00000000b0f00000|100%| O|  |TAMS 0x00000000b0e00000| PB 0x00000000b0e00000| Untracked 
| 271|0x00000000b0f00000, 0x00000000b1000000, 0x00000000b1000000|100%| O|  |TAMS 0x00000000b0f00000| PB 0x00000000b0f00000| Untracked 
| 272|0x00000000b1000000, 0x00000000b1100000, 0x00000000b1100000|100%| O|  |TAMS 0x00000000b1000000| PB 0x00000000b1000000| Untracked 
| 273|0x00000000b1100000, 0x00000000b1200000, 0x00000000b1200000|100%| O|  |TAMS 0x00000000b1100000| PB 0x00000000b1100000| Untracked 
| 274|0x00000000b1200000, 0x00000000b1300000, 0x00000000b1300000|100%| O|  |TAMS 0x00000000b1200000| PB 0x00000000b1200000| Untracked 
| 275|0x00000000b1300000, 0x00000000b1400000, 0x00000000b1400000|100%| O|  |TAMS 0x00000000b1300000| PB 0x00000000b1300000| Untracked 
| 276|0x00000000b1400000, 0x00000000b1500000, 0x00000000b1500000|100%| O|  |TAMS 0x00000000b1400000| PB 0x00000000b1400000| Untracked 
| 277|0x00000000b1500000, 0x00000000b1600000, 0x00000000b1600000|100%| O|  |TAMS 0x00000000b1500000| PB 0x00000000b1500000| Untracked 
| 278|0x00000000b1600000, 0x00000000b1700000, 0x00000000b1700000|100%| O|  |TAMS 0x00000000b1600000| PB 0x00000000b1600000| Untracked 
| 279|0x00000000b1700000, 0x00000000b1800000, 0x00000000b1800000|100%| O|  |TAMS 0x00000000b1700000| PB 0x00000000b1700000| Untracked 
| 280|0x00000000b1800000, 0x00000000b1900000, 0x00000000b1900000|100%| O|  |TAMS 0x00000000b1800000| PB 0x00000000b1800000| Untracked 
| 281|0x00000000b1900000, 0x00000000b1a00000, 0x00000000b1a00000|100%| O|  |TAMS 0x00000000b1900000| PB 0x00000000b1900000| Untracked 
| 282|0x00000000b1a00000, 0x00000000b1b00000, 0x00000000b1b00000|100%| O|  |TAMS 0x00000000b1a00000| PB 0x00000000b1a00000| Untracked 
| 283|0x00000000b1b00000, 0x00000000b1c00000, 0x00000000b1c00000|100%| O|  |TAMS 0x00000000b1b00000| PB 0x00000000b1b00000| Untracked 
| 284|0x00000000b1c00000, 0x00000000b1d00000, 0x00000000b1d00000|100%| O|  |TAMS 0x00000000b1c00000| PB 0x00000000b1c00000| Untracked 
| 285|0x00000000b1d00000, 0x00000000b1e00000, 0x00000000b1e00000|100%| O|  |TAMS 0x00000000b1d00000| PB 0x00000000b1d00000| Untracked 
| 286|0x00000000b1e00000, 0x00000000b1f00000, 0x00000000b1f00000|100%| O|  |TAMS 0x00000000b1e00000| PB 0x00000000b1e00000| Untracked 
| 287|0x00000000b1f00000, 0x00000000b2000000, 0x00000000b2000000|100%| O|  |TAMS 0x00000000b1f00000| PB 0x00000000b1f00000| Untracked 
| 288|0x00000000b2000000, 0x00000000b2100000, 0x00000000b2100000|100%| O|  |TAMS 0x00000000b2000000| PB 0x00000000b2000000| Untracked 
| 289|0x00000000b2100000, 0x00000000b2200000, 0x00000000b2200000|100%| O|  |TAMS 0x00000000b2100000| PB 0x00000000b2100000| Untracked 
| 290|0x00000000b2200000, 0x00000000b2300000, 0x00000000b2300000|100%| O|  |TAMS 0x00000000b2200000| PB 0x00000000b2200000| Untracked 
| 291|0x00000000b2300000, 0x00000000b2400000, 0x00000000b2400000|100%| O|  |TAMS 0x00000000b2300000| PB 0x00000000b2300000| Untracked 
| 292|0x00000000b2400000, 0x00000000b2500000, 0x00000000b2500000|100%| O|  |TAMS 0x00000000b2400000| PB 0x00000000b2400000| Untracked 
| 293|0x00000000b2500000, 0x00000000b2600000, 0x00000000b2600000|100%| O|  |TAMS 0x00000000b2500000| PB 0x00000000b2500000| Untracked 
| 294|0x00000000b2600000, 0x00000000b2700000, 0x00000000b2700000|100%| O|  |TAMS 0x00000000b2600000| PB 0x00000000b2600000| Untracked 
| 295|0x00000000b2700000, 0x00000000b2800000, 0x00000000b2800000|100%| O|  |TAMS 0x00000000b2700000| PB 0x00000000b2700000| Untracked 
| 296|0x00000000b2800000, 0x00000000b2900000, 0x00000000b2900000|100%| O|  |TAMS 0x00000000b2800000| PB 0x00000000b2800000| Untracked 
| 297|0x00000000b2900000, 0x00000000b2a00000, 0x00000000b2a00000|100%| O|  |TAMS 0x00000000b2900000| PB 0x00000000b2900000| Untracked 
| 298|0x00000000b2a00000, 0x00000000b2b00000, 0x00000000b2b00000|100%| O|  |TAMS 0x00000000b2a00000| PB 0x00000000b2a00000| Untracked 
| 299|0x00000000b2b00000, 0x00000000b2c00000, 0x00000000b2c00000|100%| O|  |TAMS 0x00000000b2b00000| PB 0x00000000b2b00000| Untracked 
| 300|0x00000000b2c00000, 0x00000000b2d00000, 0x00000000b2d00000|100%| O|  |TAMS 0x00000000b2c00000| PB 0x00000000b2c00000| Untracked 
| 301|0x00000000b2d00000, 0x00000000b2e00000, 0x00000000b2e00000|100%| O|  |TAMS 0x00000000b2d00000| PB 0x00000000b2d00000| Untracked 
| 302|0x00000000b2e00000, 0x00000000b2f00000, 0x00000000b2f00000|100%| O|  |TAMS 0x00000000b2e00000| PB 0x00000000b2e00000| Untracked 
| 303|0x00000000b2f00000, 0x00000000b3000000, 0x00000000b3000000|100%| O|  |TAMS 0x00000000b2f00000| PB 0x00000000b2f00000| Untracked 
| 304|0x00000000b3000000, 0x00000000b3100000, 0x00000000b3100000|100%| O|  |TAMS 0x00000000b3000000| PB 0x00000000b3000000| Untracked 
| 305|0x00000000b3100000, 0x00000000b3200000, 0x00000000b3200000|100%| O|  |TAMS 0x00000000b3100000| PB 0x00000000b3100000| Untracked 
| 306|0x00000000b3200000, 0x00000000b3300000, 0x00000000b3300000|100%| O|  |TAMS 0x00000000b3200000| PB 0x00000000b3200000| Untracked 
| 307|0x00000000b3300000, 0x00000000b3400000, 0x00000000b3400000|100%| O|  |TAMS 0x00000000b3300000| PB 0x00000000b3300000| Untracked 
| 308|0x00000000b3400000, 0x00000000b3500000, 0x00000000b3500000|100%| O|  |TAMS 0x00000000b3400000| PB 0x00000000b3400000| Untracked 
| 309|0x00000000b3500000, 0x00000000b3600000, 0x00000000b3600000|100%| O|  |TAMS 0x00000000b3500000| PB 0x00000000b3500000| Untracked 
| 310|0x00000000b3600000, 0x00000000b3600000, 0x00000000b3700000|  0%| F|  |TAMS 0x00000000b3600000| PB 0x00000000b3600000| Untracked 
| 311|0x00000000b3700000, 0x00000000b3800000, 0x00000000b3800000|100%| O|  |TAMS 0x00000000b3700000| PB 0x00000000b3700000| Untracked 
| 312|0x00000000b3800000, 0x00000000b3900000, 0x00000000b3900000|100%| O|  |TAMS 0x00000000b3800000| PB 0x00000000b3800000| Untracked 
| 313|0x00000000b3900000, 0x00000000b3a00000, 0x00000000b3a00000|100%| O|  |TAMS 0x00000000b3900000| PB 0x00000000b3900000| Untracked 
| 314|0x00000000b3a00000, 0x00000000b3b00000, 0x00000000b3b00000|100%| O|  |TAMS 0x00000000b3a00000| PB 0x00000000b3a00000| Untracked 
| 315|0x00000000b3b00000, 0x00000000b3c00000, 0x00000000b3c00000|100%| O|  |TAMS 0x00000000b3b00000| PB 0x00000000b3b00000| Untracked 
| 316|0x00000000b3c00000, 0x00000000b3d00000, 0x00000000b3d00000|100%| O|  |TAMS 0x00000000b3c00000| PB 0x00000000b3c00000| Untracked 
| 317|0x00000000b3d00000, 0x00000000b3e00000, 0x00000000b3e00000|100%| O|  |TAMS 0x00000000b3d00000| PB 0x00000000b3d00000| Untracked 
| 318|0x00000000b3e00000, 0x00000000b3e52b60, 0x00000000b3f00000| 32%| O|  |TAMS 0x00000000b3e00000| PB 0x00000000b3e00000| Untracked 
| 319|0x00000000b3f00000, 0x00000000b3f00000, 0x00000000b4000000|  0%| F|  |TAMS 0x00000000b3f00000| PB 0x00000000b3f00000| Untracked 
| 320|0x00000000b4000000, 0x00000000b4000000, 0x00000000b4100000|  0%| F|  |TAMS 0x00000000b4000000| PB 0x00000000b4000000| Untracked 
| 321|0x00000000b4100000, 0x00000000b4100000, 0x00000000b4200000|  0%| F|  |TAMS 0x00000000b4100000| PB 0x00000000b4100000| Untracked 
| 322|0x00000000b4200000, 0x00000000b4200000, 0x00000000b4300000|  0%| F|  |TAMS 0x00000000b4200000| PB 0x00000000b4200000| Untracked 
| 323|0x00000000b4300000, 0x00000000b4300000, 0x00000000b4400000|  0%| F|  |TAMS 0x00000000b4300000| PB 0x00000000b4300000| Untracked 
| 324|0x00000000b4400000, 0x00000000b4400000, 0x00000000b4500000|  0%| F|  |TAMS 0x00000000b4400000| PB 0x00000000b4400000| Untracked 
| 325|0x00000000b4500000, 0x00000000b4500000, 0x00000000b4600000|  0%| F|  |TAMS 0x00000000b4500000| PB 0x00000000b4500000| Untracked 
| 326|0x00000000b4600000, 0x00000000b4600000, 0x00000000b4700000|  0%| F|  |TAMS 0x00000000b4600000| PB 0x00000000b4600000| Untracked 
| 327|0x00000000b4700000, 0x00000000b4700000, 0x00000000b4800000|  0%| F|  |TAMS 0x00000000b4700000| PB 0x00000000b4700000| Untracked 
| 328|0x00000000b4800000, 0x00000000b4800000, 0x00000000b4900000|  0%| F|  |TAMS 0x00000000b4800000| PB 0x00000000b4800000| Untracked 
| 329|0x00000000b4900000, 0x00000000b4900000, 0x00000000b4a00000|  0%| F|  |TAMS 0x00000000b4900000| PB 0x00000000b4900000| Untracked 
| 330|0x00000000b4a00000, 0x00000000b4a00000, 0x00000000b4b00000|  0%| F|  |TAMS 0x00000000b4a00000| PB 0x00000000b4a00000| Untracked 
| 331|0x00000000b4b00000, 0x00000000b4c00000, 0x00000000b4c00000|100%| O|  |TAMS 0x00000000b4b00000| PB 0x00000000b4b00000| Untracked 
| 332|0x00000000b4c00000, 0x00000000b4c00000, 0x00000000b4d00000|  0%| F|  |TAMS 0x00000000b4c00000| PB 0x00000000b4c00000| Untracked 
| 333|0x00000000b4d00000, 0x00000000b4e00000, 0x00000000b4e00000|100%| O|  |TAMS 0x00000000b4d00000| PB 0x00000000b4d00000| Untracked 
| 334|0x00000000b4e00000, 0x00000000b4e00000, 0x00000000b4f00000|  0%| F|  |TAMS 0x00000000b4e00000| PB 0x00000000b4e00000| Untracked 
| 335|0x00000000b4f00000, 0x00000000b4f00000, 0x00000000b5000000|  0%| F|  |TAMS 0x00000000b4f00000| PB 0x00000000b4f00000| Untracked 
| 336|0x00000000b5000000, 0x00000000b5000000, 0x00000000b5100000|  0%| F|  |TAMS 0x00000000b5000000| PB 0x00000000b5000000| Untracked 
| 337|0x00000000b5100000, 0x00000000b5200000, 0x00000000b5200000|100%| O|  |TAMS 0x00000000b5100000| PB 0x00000000b5100000| Untracked 
| 338|0x00000000b5200000, 0x00000000b5200000, 0x00000000b5300000|  0%| F|  |TAMS 0x00000000b5200000| PB 0x00000000b5200000| Untracked 
| 339|0x00000000b5300000, 0x00000000b5400000, 0x00000000b5400000|100%| O|  |TAMS 0x00000000b5300000| PB 0x00000000b5300000| Untracked 
| 340|0x00000000b5400000, 0x00000000b5500000, 0x00000000b5500000|100%| O|  |TAMS 0x00000000b5400000| PB 0x00000000b5400000| Untracked 
| 341|0x00000000b5500000, 0x00000000b5600000, 0x00000000b5600000|100%| O|  |TAMS 0x00000000b5500000| PB 0x00000000b5500000| Untracked 
| 342|0x00000000b5600000, 0x00000000b5600000, 0x00000000b5700000|  0%| F|  |TAMS 0x00000000b5600000| PB 0x00000000b5600000| Untracked 
| 343|0x00000000b5700000, 0x00000000b5700000, 0x00000000b5800000|  0%| F|  |TAMS 0x00000000b5700000| PB 0x00000000b5700000| Untracked 
| 344|0x00000000b5800000, 0x00000000b5800000, 0x00000000b5900000|  0%| F|  |TAMS 0x00000000b5800000| PB 0x00000000b5800000| Untracked 
| 345|0x00000000b5900000, 0x00000000b5900000, 0x00000000b5a00000|  0%| F|  |TAMS 0x00000000b5900000| PB 0x00000000b5900000| Untracked 
| 346|0x00000000b5a00000, 0x00000000b5a00000, 0x00000000b5b00000|  0%| F|  |TAMS 0x00000000b5a00000| PB 0x00000000b5a00000| Untracked 
| 347|0x00000000b5b00000, 0x00000000b5c00000, 0x00000000b5c00000|100%| O|  |TAMS 0x00000000b5b00000| PB 0x00000000b5b00000| Untracked 
| 348|0x00000000b5c00000, 0x00000000b5c00000, 0x00000000b5d00000|  0%| F|  |TAMS 0x00000000b5c00000| PB 0x00000000b5c00000| Untracked 
| 349|0x00000000b5d00000, 0x00000000b5d00000, 0x00000000b5e00000|  0%| F|  |TAMS 0x00000000b5d00000| PB 0x00000000b5d00000| Untracked 
| 350|0x00000000b5e00000, 0x00000000b5e00000, 0x00000000b5f00000|  0%| F|  |TAMS 0x00000000b5e00000| PB 0x00000000b5e00000| Untracked 
| 351|0x00000000b5f00000, 0x00000000b5f00000, 0x00000000b6000000|  0%| F|  |TAMS 0x00000000b5f00000| PB 0x00000000b5f00000| Untracked 
| 352|0x00000000b6000000, 0x00000000b6000000, 0x00000000b6100000|  0%| F|  |TAMS 0x00000000b6000000| PB 0x00000000b6000000| Untracked 
| 353|0x00000000b6100000, 0x00000000b6100000, 0x00000000b6200000|  0%| F|  |TAMS 0x00000000b6100000| PB 0x00000000b6100000| Untracked 
| 354|0x00000000b6200000, 0x00000000b6200000, 0x00000000b6300000|  0%| F|  |TAMS 0x00000000b6200000| PB 0x00000000b6200000| Untracked 
| 355|0x00000000b6300000, 0x00000000b6300000, 0x00000000b6400000|  0%| F|  |TAMS 0x00000000b6300000| PB 0x00000000b6300000| Untracked 
| 356|0x00000000b6400000, 0x00000000b6400000, 0x00000000b6500000|  0%| F|  |TAMS 0x00000000b6400000| PB 0x00000000b6400000| Untracked 
| 357|0x00000000b6500000, 0x00000000b6500000, 0x00000000b6600000|  0%| F|  |TAMS 0x00000000b6500000| PB 0x00000000b6500000| Untracked 
| 358|0x00000000b6600000, 0x00000000b6600000, 0x00000000b6700000|  0%| F|  |TAMS 0x00000000b6600000| PB 0x00000000b6600000| Untracked 
| 359|0x00000000b6700000, 0x00000000b6700000, 0x00000000b6800000|  0%| F|  |TAMS 0x00000000b6700000| PB 0x00000000b6700000| Untracked 
| 360|0x00000000b6800000, 0x00000000b6800000, 0x00000000b6900000|  0%| F|  |TAMS 0x00000000b6800000| PB 0x00000000b6800000| Untracked 
| 361|0x00000000b6900000, 0x00000000b6900000, 0x00000000b6a00000|  0%| F|  |TAMS 0x00000000b6900000| PB 0x00000000b6900000| Untracked 
| 362|0x00000000b6a00000, 0x00000000b6a00000, 0x00000000b6b00000|  0%| F|  |TAMS 0x00000000b6a00000| PB 0x00000000b6a00000| Untracked 
| 363|0x00000000b6b00000, 0x00000000b6b00000, 0x00000000b6c00000|  0%| F|  |TAMS 0x00000000b6b00000| PB 0x00000000b6b00000| Untracked 
| 364|0x00000000b6c00000, 0x00000000b6c00000, 0x00000000b6d00000|  0%| F|  |TAMS 0x00000000b6c00000| PB 0x00000000b6c00000| Untracked 
| 365|0x00000000b6d00000, 0x00000000b6d00000, 0x00000000b6e00000|  0%| F|  |TAMS 0x00000000b6d00000| PB 0x00000000b6d00000| Untracked 
| 366|0x00000000b6e00000, 0x00000000b6e00000, 0x00000000b6f00000|  0%| F|  |TAMS 0x00000000b6e00000| PB 0x00000000b6e00000| Untracked 
| 367|0x00000000b6f00000, 0x00000000b6f00000, 0x00000000b7000000|  0%| F|  |TAMS 0x00000000b6f00000| PB 0x00000000b6f00000| Untracked 
| 368|0x00000000b7000000, 0x00000000b7000000, 0x00000000b7100000|  0%| F|  |TAMS 0x00000000b7000000| PB 0x00000000b7000000| Untracked 
| 369|0x00000000b7100000, 0x00000000b7100000, 0x00000000b7200000|  0%| F|  |TAMS 0x00000000b7100000| PB 0x00000000b7100000| Untracked 
| 370|0x00000000b7200000, 0x00000000b7200000, 0x00000000b7300000|  0%| F|  |TAMS 0x00000000b7200000| PB 0x00000000b7200000| Untracked 
| 371|0x00000000b7300000, 0x00000000b7300000, 0x00000000b7400000|  0%| F|  |TAMS 0x00000000b7300000| PB 0x00000000b7300000| Untracked 
| 372|0x00000000b7400000, 0x00000000b7400000, 0x00000000b7500000|  0%| F|  |TAMS 0x00000000b7400000| PB 0x00000000b7400000| Untracked 
| 373|0x00000000b7500000, 0x00000000b7500000, 0x00000000b7600000|  0%| F|  |TAMS 0x00000000b7500000| PB 0x00000000b7500000| Untracked 
| 374|0x00000000b7600000, 0x00000000b7600000, 0x00000000b7700000|  0%| F|  |TAMS 0x00000000b7600000| PB 0x00000000b7600000| Untracked 
| 375|0x00000000b7700000, 0x00000000b7700000, 0x00000000b7800000|  0%| F|  |TAMS 0x00000000b7700000| PB 0x00000000b7700000| Untracked 
| 376|0x00000000b7800000, 0x00000000b7800000, 0x00000000b7900000|  0%| F|  |TAMS 0x00000000b7800000| PB 0x00000000b7800000| Untracked 
| 377|0x00000000b7900000, 0x00000000b7900000, 0x00000000b7a00000|  0%| F|  |TAMS 0x00000000b7900000| PB 0x00000000b7900000| Untracked 
| 378|0x00000000b7a00000, 0x00000000b7a00000, 0x00000000b7b00000|  0%| F|  |TAMS 0x00000000b7a00000| PB 0x00000000b7a00000| Untracked 
| 379|0x00000000b7b00000, 0x00000000b7b00000, 0x00000000b7c00000|  0%| F|  |TAMS 0x00000000b7b00000| PB 0x00000000b7b00000| Untracked 
| 380|0x00000000b7c00000, 0x00000000b7c00000, 0x00000000b7d00000|  0%| F|  |TAMS 0x00000000b7c00000| PB 0x00000000b7c00000| Untracked 
| 381|0x00000000b7d00000, 0x00000000b7d00000, 0x00000000b7e00000|  0%| F|  |TAMS 0x00000000b7d00000| PB 0x00000000b7d00000| Untracked 
| 382|0x00000000b7e00000, 0x00000000b7e00000, 0x00000000b7f00000|  0%| F|  |TAMS 0x00000000b7e00000| PB 0x00000000b7e00000| Untracked 
| 383|0x00000000b7f00000, 0x00000000b7f00000, 0x00000000b8000000|  0%| F|  |TAMS 0x00000000b7f00000| PB 0x00000000b7f00000| Untracked 
| 384|0x00000000b8000000, 0x00000000b8000000, 0x00000000b8100000|  0%| F|  |TAMS 0x00000000b8000000| PB 0x00000000b8000000| Untracked 
| 385|0x00000000b8100000, 0x00000000b8200000, 0x00000000b8200000|100%| O|  |TAMS 0x00000000b8100000| PB 0x00000000b8100000| Untracked 
| 386|0x00000000b8200000, 0x00000000b8300000, 0x00000000b8300000|100%| O|  |TAMS 0x00000000b8200000| PB 0x00000000b8200000| Untracked 
| 387|0x00000000b8300000, 0x00000000b8400000, 0x00000000b8400000|100%| O|  |TAMS 0x00000000b8300000| PB 0x00000000b8300000| Untracked 
| 388|0x00000000b8400000, 0x00000000b8500000, 0x00000000b8500000|100%| O|  |TAMS 0x00000000b8400000| PB 0x00000000b8400000| Untracked 
| 389|0x00000000b8500000, 0x00000000b8600000, 0x00000000b8600000|100%| O|  |TAMS 0x00000000b8500000| PB 0x00000000b8500000| Untracked 
| 390|0x00000000b8600000, 0x00000000b8700000, 0x00000000b8700000|100%| O|  |TAMS 0x00000000b8600000| PB 0x00000000b8600000| Untracked 
| 391|0x00000000b8700000, 0x00000000b8800000, 0x00000000b8800000|100%| O|  |TAMS 0x00000000b8700000| PB 0x00000000b8700000| Untracked 
| 392|0x00000000b8800000, 0x00000000b8900000, 0x00000000b8900000|100%| O|  |TAMS 0x00000000b8800000| PB 0x00000000b8800000| Untracked 
| 393|0x00000000b8900000, 0x00000000b8a00000, 0x00000000b8a00000|100%| O|  |TAMS 0x00000000b8900000| PB 0x00000000b8900000| Untracked 
| 394|0x00000000b8a00000, 0x00000000b8b00000, 0x00000000b8b00000|100%| O|  |TAMS 0x00000000b8a00000| PB 0x00000000b8a00000| Untracked 
| 395|0x00000000b8b00000, 0x00000000b8c00000, 0x00000000b8c00000|100%| O|  |TAMS 0x00000000b8b00000| PB 0x00000000b8b00000| Untracked 
| 396|0x00000000b8c00000, 0x00000000b8d00000, 0x00000000b8d00000|100%| O|  |TAMS 0x00000000b8c00000| PB 0x00000000b8c00000| Untracked 
| 397|0x00000000b8d00000, 0x00000000b8e00000, 0x00000000b8e00000|100%| O|  |TAMS 0x00000000b8d00000| PB 0x00000000b8d00000| Untracked 
| 398|0x00000000b8e00000, 0x00000000b8f00000, 0x00000000b8f00000|100%| O|  |TAMS 0x00000000b8e00000| PB 0x00000000b8e00000| Untracked 
| 399|0x00000000b8f00000, 0x00000000b9000000, 0x00000000b9000000|100%| O|  |TAMS 0x00000000b8f00000| PB 0x00000000b8f00000| Untracked 
| 400|0x00000000b9000000, 0x00000000b9100000, 0x00000000b9100000|100%| O|  |TAMS 0x00000000b9000000| PB 0x00000000b9000000| Untracked 
| 401|0x00000000b9100000, 0x00000000b9200000, 0x00000000b9200000|100%| O|  |TAMS 0x00000000b9100000| PB 0x00000000b9100000| Untracked 
| 402|0x00000000b9200000, 0x00000000b9300000, 0x00000000b9300000|100%| O|  |TAMS 0x00000000b9200000| PB 0x00000000b9200000| Untracked 
| 403|0x00000000b9300000, 0x00000000b9400000, 0x00000000b9400000|100%| O|  |TAMS 0x00000000b9300000| PB 0x00000000b9300000| Untracked 
| 404|0x00000000b9400000, 0x00000000b9500000, 0x00000000b9500000|100%| O|  |TAMS 0x00000000b9400000| PB 0x00000000b9400000| Untracked 
| 405|0x00000000b9500000, 0x00000000b9600000, 0x00000000b9600000|100%| O|  |TAMS 0x00000000b9500000| PB 0x00000000b9500000| Untracked 
| 406|0x00000000b9600000, 0x00000000b9700000, 0x00000000b9700000|100%| O|  |TAMS 0x00000000b9600000| PB 0x00000000b9600000| Untracked 
| 407|0x00000000b9700000, 0x00000000b9800000, 0x00000000b9800000|100%| O|  |TAMS 0x00000000b9700000| PB 0x00000000b9700000| Untracked 
| 408|0x00000000b9800000, 0x00000000b9900000, 0x00000000b9900000|100%| O|  |TAMS 0x00000000b9800000| PB 0x00000000b9800000| Untracked 
| 409|0x00000000b9900000, 0x00000000b9a00000, 0x00000000b9a00000|100%| O|  |TAMS 0x00000000b9900000| PB 0x00000000b9900000| Untracked 
| 410|0x00000000b9a00000, 0x00000000b9b00000, 0x00000000b9b00000|100%| O|  |TAMS 0x00000000b9a00000| PB 0x00000000b9a00000| Untracked 
| 411|0x00000000b9b00000, 0x00000000b9c00000, 0x00000000b9c00000|100%| O|  |TAMS 0x00000000b9b00000| PB 0x00000000b9b00000| Untracked 
| 412|0x00000000b9c00000, 0x00000000b9d00000, 0x00000000b9d00000|100%| O|  |TAMS 0x00000000b9c00000| PB 0x00000000b9c00000| Untracked 
| 413|0x00000000b9d00000, 0x00000000b9e00000, 0x00000000b9e00000|100%| O|  |TAMS 0x00000000b9d00000| PB 0x00000000b9d00000| Untracked 
| 414|0x00000000b9e00000, 0x00000000b9f00000, 0x00000000b9f00000|100%| O|  |TAMS 0x00000000b9e00000| PB 0x00000000b9e00000| Untracked 
| 415|0x00000000b9f00000, 0x00000000ba000000, 0x00000000ba000000|100%| O|  |TAMS 0x00000000b9f00000| PB 0x00000000b9f00000| Untracked 
| 416|0x00000000ba000000, 0x00000000ba100000, 0x00000000ba100000|100%| O|  |TAMS 0x00000000ba000000| PB 0x00000000ba000000| Untracked 
| 417|0x00000000ba100000, 0x00000000ba200000, 0x00000000ba200000|100%| O|  |TAMS 0x00000000ba100000| PB 0x00000000ba100000| Untracked 
| 418|0x00000000ba200000, 0x00000000ba300000, 0x00000000ba300000|100%| O|  |TAMS 0x00000000ba200000| PB 0x00000000ba200000| Untracked 
| 419|0x00000000ba300000, 0x00000000ba400000, 0x00000000ba400000|100%| O|  |TAMS 0x00000000ba300000| PB 0x00000000ba300000| Untracked 
| 420|0x00000000ba400000, 0x00000000ba500000, 0x00000000ba500000|100%| O|  |TAMS 0x00000000ba400000| PB 0x00000000ba400000| Untracked 
| 421|0x00000000ba500000, 0x00000000ba600000, 0x00000000ba600000|100%| O|  |TAMS 0x00000000ba500000| PB 0x00000000ba500000| Untracked 
| 422|0x00000000ba600000, 0x00000000ba700000, 0x00000000ba700000|100%| O|  |TAMS 0x00000000ba600000| PB 0x00000000ba600000| Untracked 
| 423|0x00000000ba700000, 0x00000000ba800000, 0x00000000ba800000|100%| O|  |TAMS 0x00000000ba700000| PB 0x00000000ba700000| Untracked 
| 424|0x00000000ba800000, 0x00000000ba900000, 0x00000000ba900000|100%| O|  |TAMS 0x00000000ba800000| PB 0x00000000ba800000| Untracked 
| 425|0x00000000ba900000, 0x00000000ba900000, 0x00000000baa00000|  0%| F|  |TAMS 0x00000000ba900000| PB 0x00000000ba900000| Untracked 
| 426|0x00000000baa00000, 0x00000000baa00000, 0x00000000bab00000|  0%| F|  |TAMS 0x00000000baa00000| PB 0x00000000baa00000| Untracked 
| 427|0x00000000bab00000, 0x00000000bab00000, 0x00000000bac00000|  0%| F|  |TAMS 0x00000000bab00000| PB 0x00000000bab00000| Untracked 
| 428|0x00000000bac00000, 0x00000000bac00000, 0x00000000bad00000|  0%| F|  |TAMS 0x00000000bac00000| PB 0x00000000bac00000| Untracked 
| 429|0x00000000bad00000, 0x00000000bad00000, 0x00000000bae00000|  0%| F|  |TAMS 0x00000000bad00000| PB 0x00000000bad00000| Untracked 
| 430|0x00000000bae00000, 0x00000000bae00000, 0x00000000baf00000|  0%| F|  |TAMS 0x00000000bae00000| PB 0x00000000bae00000| Untracked 
| 431|0x00000000baf00000, 0x00000000baf00000, 0x00000000bb000000|  0%| F|  |TAMS 0x00000000baf00000| PB 0x00000000baf00000| Untracked 
| 432|0x00000000bb000000, 0x00000000bb000000, 0x00000000bb100000|  0%| F|  |TAMS 0x00000000bb000000| PB 0x00000000bb000000| Untracked 
| 433|0x00000000bb100000, 0x00000000bb100000, 0x00000000bb200000|  0%| F|  |TAMS 0x00000000bb100000| PB 0x00000000bb100000| Untracked 
| 434|0x00000000bb200000, 0x00000000bb200000, 0x00000000bb300000|  0%| F|  |TAMS 0x00000000bb200000| PB 0x00000000bb200000| Untracked 
| 435|0x00000000bb300000, 0x00000000bb300000, 0x00000000bb400000|  0%| F|  |TAMS 0x00000000bb300000| PB 0x00000000bb300000| Untracked 
| 436|0x00000000bb400000, 0x00000000bb400000, 0x00000000bb500000|  0%| F|  |TAMS 0x00000000bb400000| PB 0x00000000bb400000| Untracked 
| 437|0x00000000bb500000, 0x00000000bb500000, 0x00000000bb600000|  0%| F|  |TAMS 0x00000000bb500000| PB 0x00000000bb500000| Untracked 
| 438|0x00000000bb600000, 0x00000000bb600000, 0x00000000bb700000|  0%| F|  |TAMS 0x00000000bb600000| PB 0x00000000bb600000| Untracked 
| 439|0x00000000bb700000, 0x00000000bb700000, 0x00000000bb800000|  0%| F|  |TAMS 0x00000000bb700000| PB 0x00000000bb700000| Untracked 
| 440|0x00000000bb800000, 0x00000000bb800000, 0x00000000bb900000|  0%| F|  |TAMS 0x00000000bb800000| PB 0x00000000bb800000| Untracked 
| 441|0x00000000bb900000, 0x00000000bb900000, 0x00000000bba00000|  0%| F|  |TAMS 0x00000000bb900000| PB 0x00000000bb900000| Untracked 
| 442|0x00000000bba00000, 0x00000000bba00000, 0x00000000bbb00000|  0%| F|  |TAMS 0x00000000bba00000| PB 0x00000000bba00000| Untracked 
| 443|0x00000000bbb00000, 0x00000000bbb00000, 0x00000000bbc00000|  0%| F|  |TAMS 0x00000000bbb00000| PB 0x00000000bbb00000| Untracked 
| 444|0x00000000bbc00000, 0x00000000bbc00000, 0x00000000bbd00000|  0%| F|  |TAMS 0x00000000bbc00000| PB 0x00000000bbc00000| Untracked 
| 445|0x00000000bbd00000, 0x00000000bbd00000, 0x00000000bbe00000|  0%| F|  |TAMS 0x00000000bbd00000| PB 0x00000000bbd00000| Untracked 
| 446|0x00000000bbe00000, 0x00000000bbe00000, 0x00000000bbf00000|  0%| F|  |TAMS 0x00000000bbe00000| PB 0x00000000bbe00000| Untracked 
| 447|0x00000000bbf00000, 0x00000000bbf00000, 0x00000000bc000000|  0%| F|  |TAMS 0x00000000bbf00000| PB 0x00000000bbf00000| Untracked 
| 448|0x00000000bc000000, 0x00000000bc000000, 0x00000000bc100000|  0%| F|  |TAMS 0x00000000bc000000| PB 0x00000000bc000000| Untracked 
| 449|0x00000000bc100000, 0x00000000bc100000, 0x00000000bc200000|  0%| F|  |TAMS 0x00000000bc100000| PB 0x00000000bc100000| Untracked 
| 450|0x00000000bc200000, 0x00000000bc200000, 0x00000000bc300000|  0%| F|  |TAMS 0x00000000bc200000| PB 0x00000000bc200000| Untracked 
| 451|0x00000000bc300000, 0x00000000bc300000, 0x00000000bc400000|  0%| F|  |TAMS 0x00000000bc300000| PB 0x00000000bc300000| Untracked 
| 452|0x00000000bc400000, 0x00000000bc400000, 0x00000000bc500000|  0%| F|  |TAMS 0x00000000bc400000| PB 0x00000000bc400000| Untracked 
| 453|0x00000000bc500000, 0x00000000bc500000, 0x00000000bc600000|  0%| F|  |TAMS 0x00000000bc500000| PB 0x00000000bc500000| Untracked 
| 454|0x00000000bc600000, 0x00000000bc600000, 0x00000000bc700000|  0%| F|  |TAMS 0x00000000bc600000| PB 0x00000000bc600000| Untracked 
| 455|0x00000000bc700000, 0x00000000bc700000, 0x00000000bc800000|  0%| F|  |TAMS 0x00000000bc700000| PB 0x00000000bc700000| Untracked 
| 456|0x00000000bc800000, 0x00000000bc800000, 0x00000000bc900000|  0%| F|  |TAMS 0x00000000bc800000| PB 0x00000000bc800000| Untracked 
| 457|0x00000000bc900000, 0x00000000bc900000, 0x00000000bca00000|  0%| F|  |TAMS 0x00000000bc900000| PB 0x00000000bc900000| Untracked 
| 458|0x00000000bca00000, 0x00000000bca00000, 0x00000000bcb00000|  0%| F|  |TAMS 0x00000000bca00000| PB 0x00000000bca00000| Untracked 
| 459|0x00000000bcb00000, 0x00000000bcb00000, 0x00000000bcc00000|  0%| F|  |TAMS 0x00000000bcb00000| PB 0x00000000bcb00000| Untracked 
| 460|0x00000000bcc00000, 0x00000000bcc00000, 0x00000000bcd00000|  0%| F|  |TAMS 0x00000000bcc00000| PB 0x00000000bcc00000| Untracked 
| 461|0x00000000bcd00000, 0x00000000bcd00000, 0x00000000bce00000|  0%| F|  |TAMS 0x00000000bcd00000| PB 0x00000000bcd00000| Untracked 
| 462|0x00000000bce00000, 0x00000000bce00000, 0x00000000bcf00000|  0%| F|  |TAMS 0x00000000bce00000| PB 0x00000000bce00000| Untracked 
| 463|0x00000000bcf00000, 0x00000000bcf00000, 0x00000000bd000000|  0%| F|  |TAMS 0x00000000bcf00000| PB 0x00000000bcf00000| Untracked 
| 464|0x00000000bd000000, 0x00000000bd000000, 0x00000000bd100000|  0%| F|  |TAMS 0x00000000bd000000| PB 0x00000000bd000000| Untracked 
| 465|0x00000000bd100000, 0x00000000bd100000, 0x00000000bd200000|  0%| F|  |TAMS 0x00000000bd100000| PB 0x00000000bd100000| Untracked 
| 466|0x00000000bd200000, 0x00000000bd200000, 0x00000000bd300000|  0%| F|  |TAMS 0x00000000bd200000| PB 0x00000000bd200000| Untracked 
| 467|0x00000000bd300000, 0x00000000bd300000, 0x00000000bd400000|  0%| F|  |TAMS 0x00000000bd300000| PB 0x00000000bd300000| Untracked 
| 468|0x00000000bd400000, 0x00000000bd400000, 0x00000000bd500000|  0%| F|  |TAMS 0x00000000bd400000| PB 0x00000000bd400000| Untracked 
| 469|0x00000000bd500000, 0x00000000bd500000, 0x00000000bd600000|  0%| F|  |TAMS 0x00000000bd500000| PB 0x00000000bd500000| Untracked 
| 470|0x00000000bd600000, 0x00000000bd600000, 0x00000000bd700000|  0%| F|  |TAMS 0x00000000bd600000| PB 0x00000000bd600000| Untracked 
| 471|0x00000000bd700000, 0x00000000bd700000, 0x00000000bd800000|  0%| F|  |TAMS 0x00000000bd700000| PB 0x00000000bd700000| Untracked 
| 472|0x00000000bd800000, 0x00000000bd800000, 0x00000000bd900000|  0%| F|  |TAMS 0x00000000bd800000| PB 0x00000000bd800000| Untracked 
| 473|0x00000000bd900000, 0x00000000bd900000, 0x00000000bda00000|  0%| F|  |TAMS 0x00000000bd900000| PB 0x00000000bd900000| Untracked 
| 474|0x00000000bda00000, 0x00000000bda00000, 0x00000000bdb00000|  0%| F|  |TAMS 0x00000000bda00000| PB 0x00000000bda00000| Untracked 
| 475|0x00000000bdb00000, 0x00000000bdb00000, 0x00000000bdc00000|  0%| F|  |TAMS 0x00000000bdb00000| PB 0x00000000bdb00000| Untracked 
| 476|0x00000000bdc00000, 0x00000000bdc00000, 0x00000000bdd00000|  0%| F|  |TAMS 0x00000000bdc00000| PB 0x00000000bdc00000| Untracked 
| 477|0x00000000bdd00000, 0x00000000bdd00000, 0x00000000bde00000|  0%| F|  |TAMS 0x00000000bdd00000| PB 0x00000000bdd00000| Untracked 
| 478|0x00000000bde00000, 0x00000000bde00000, 0x00000000bdf00000|  0%| F|  |TAMS 0x00000000bde00000| PB 0x00000000bde00000| Untracked 
| 479|0x00000000bdf00000, 0x00000000bdf00000, 0x00000000be000000|  0%| F|  |TAMS 0x00000000bdf00000| PB 0x00000000bdf00000| Untracked 
| 480|0x00000000be000000, 0x00000000be000000, 0x00000000be100000|  0%| F|  |TAMS 0x00000000be000000| PB 0x00000000be000000| Untracked 
| 481|0x00000000be100000, 0x00000000be100000, 0x00000000be200000|  0%| F|  |TAMS 0x00000000be100000| PB 0x00000000be100000| Untracked 
| 482|0x00000000be200000, 0x00000000be200000, 0x00000000be300000|  0%| F|  |TAMS 0x00000000be200000| PB 0x00000000be200000| Untracked 
| 483|0x00000000be300000, 0x00000000be300000, 0x00000000be400000|  0%| F|  |TAMS 0x00000000be300000| PB 0x00000000be300000| Untracked 
| 484|0x00000000be400000, 0x00000000be400000, 0x00000000be500000|  0%| F|  |TAMS 0x00000000be400000| PB 0x00000000be400000| Untracked 
| 485|0x00000000be500000, 0x00000000be500000, 0x00000000be600000|  0%| F|  |TAMS 0x00000000be500000| PB 0x00000000be500000| Untracked 
| 486|0x00000000be600000, 0x00000000be600000, 0x00000000be700000|  0%| F|  |TAMS 0x00000000be600000| PB 0x00000000be600000| Untracked 
| 487|0x00000000be700000, 0x00000000be700000, 0x00000000be800000|  0%| F|  |TAMS 0x00000000be700000| PB 0x00000000be700000| Untracked 
| 488|0x00000000be800000, 0x00000000be800000, 0x00000000be900000|  0%| F|  |TAMS 0x00000000be800000| PB 0x00000000be800000| Untracked 
| 489|0x00000000be900000, 0x00000000be900000, 0x00000000bea00000|  0%| F|  |TAMS 0x00000000be900000| PB 0x00000000be900000| Untracked 
| 490|0x00000000bea00000, 0x00000000bea00000, 0x00000000beb00000|  0%| F|  |TAMS 0x00000000bea00000| PB 0x00000000bea00000| Untracked 
| 491|0x00000000beb00000, 0x00000000beb00000, 0x00000000bec00000|  0%| F|  |TAMS 0x00000000beb00000| PB 0x00000000beb00000| Untracked 
| 492|0x00000000bec00000, 0x00000000bec00000, 0x00000000bed00000|  0%| F|  |TAMS 0x00000000bec00000| PB 0x00000000bec00000| Untracked 
| 493|0x00000000bed00000, 0x00000000bed00000, 0x00000000bee00000|  0%| F|  |TAMS 0x00000000bed00000| PB 0x00000000bed00000| Untracked 
| 494|0x00000000bee00000, 0x00000000bee00000, 0x00000000bef00000|  0%| F|  |TAMS 0x00000000bee00000| PB 0x00000000bee00000| Untracked 
| 495|0x00000000bef00000, 0x00000000bef00000, 0x00000000bf000000|  0%| F|  |TAMS 0x00000000bef00000| PB 0x00000000bef00000| Untracked 
| 496|0x00000000bf000000, 0x00000000bf000000, 0x00000000bf100000|  0%| F|  |TAMS 0x00000000bf000000| PB 0x00000000bf000000| Untracked 
| 497|0x00000000bf100000, 0x00000000bf100000, 0x00000000bf200000|  0%| F|  |TAMS 0x00000000bf100000| PB 0x00000000bf100000| Untracked 
| 498|0x00000000bf200000, 0x00000000bf200000, 0x00000000bf300000|  0%| F|  |TAMS 0x00000000bf200000| PB 0x00000000bf200000| Untracked 
| 499|0x00000000bf300000, 0x00000000bf300000, 0x00000000bf400000|  0%| F|  |TAMS 0x00000000bf300000| PB 0x00000000bf300000| Untracked 
| 500|0x00000000bf400000, 0x00000000bf400000, 0x00000000bf500000|  0%| F|  |TAMS 0x00000000bf400000| PB 0x00000000bf400000| Untracked 
| 501|0x00000000bf500000, 0x00000000bf500000, 0x00000000bf600000|  0%| F|  |TAMS 0x00000000bf500000| PB 0x00000000bf500000| Untracked 
| 502|0x00000000bf600000, 0x00000000bf600000, 0x00000000bf700000|  0%| F|  |TAMS 0x00000000bf600000| PB 0x00000000bf600000| Untracked 
| 503|0x00000000bf700000, 0x00000000bf700000, 0x00000000bf800000|  0%| F|  |TAMS 0x00000000bf700000| PB 0x00000000bf700000| Untracked 
| 504|0x00000000bf800000, 0x00000000bf800000, 0x00000000bf900000|  0%| F|  |TAMS 0x00000000bf800000| PB 0x00000000bf800000| Untracked 
| 505|0x00000000bf900000, 0x00000000bf900000, 0x00000000bfa00000|  0%| F|  |TAMS 0x00000000bf900000| PB 0x00000000bf900000| Untracked 
| 506|0x00000000bfa00000, 0x00000000bfa00000, 0x00000000bfb00000|  0%| F|  |TAMS 0x00000000bfa00000| PB 0x00000000bfa00000| Untracked 
| 507|0x00000000bfb00000, 0x00000000bfb00000, 0x00000000bfc00000|  0%| F|  |TAMS 0x00000000bfb00000| PB 0x00000000bfb00000| Untracked 
| 508|0x00000000bfc00000, 0x00000000bfc00000, 0x00000000bfd00000|  0%| F|  |TAMS 0x00000000bfc00000| PB 0x00000000bfc00000| Untracked 
| 509|0x00000000bfd00000, 0x00000000bfd00000, 0x00000000bfe00000|  0%| F|  |TAMS 0x00000000bfd00000| PB 0x00000000bfd00000| Untracked 
| 510|0x00000000bfe00000, 0x00000000bfe00000, 0x00000000bff00000|  0%| F|  |TAMS 0x00000000bfe00000| PB 0x00000000bfe00000| Untracked 
| 511|0x00000000bff00000, 0x00000000bff00000, 0x00000000c0000000|  0%| F|  |TAMS 0x00000000bff00000| PB 0x00000000bff00000| Untracked 
| 512|0x00000000c0000000, 0x00000000c0000000, 0x00000000c0100000|  0%| F|  |TAMS 0x00000000c0000000| PB 0x00000000c0000000| Untracked 
| 513|0x00000000c0100000, 0x00000000c0100000, 0x00000000c0200000|  0%| F|  |TAMS 0x00000000c0100000| PB 0x00000000c0100000| Untracked 
| 514|0x00000000c0200000, 0x00000000c0200000, 0x00000000c0300000|  0%| F|  |TAMS 0x00000000c0200000| PB 0x00000000c0200000| Untracked 
| 515|0x00000000c0300000, 0x00000000c0300000, 0x00000000c0400000|  0%| F|  |TAMS 0x00000000c0300000| PB 0x00000000c0300000| Untracked 
| 516|0x00000000c0400000, 0x00000000c0400000, 0x00000000c0500000|  0%| F|  |TAMS 0x00000000c0400000| PB 0x00000000c0400000| Untracked 
| 517|0x00000000c0500000, 0x00000000c0500000, 0x00000000c0600000|  0%| F|  |TAMS 0x00000000c0500000| PB 0x00000000c0500000| Untracked 
| 518|0x00000000c0600000, 0x00000000c0600000, 0x00000000c0700000|  0%| F|  |TAMS 0x00000000c0600000| PB 0x00000000c0600000| Untracked 
| 519|0x00000000c0700000, 0x00000000c0700000, 0x00000000c0800000|  0%| F|  |TAMS 0x00000000c0700000| PB 0x00000000c0700000| Untracked 
| 520|0x00000000c0800000, 0x00000000c0800000, 0x00000000c0900000|  0%| F|  |TAMS 0x00000000c0800000| PB 0x00000000c0800000| Untracked 
| 521|0x00000000c0900000, 0x00000000c0900000, 0x00000000c0a00000|  0%| F|  |TAMS 0x00000000c0900000| PB 0x00000000c0900000| Untracked 
| 522|0x00000000c0a00000, 0x00000000c0a00000, 0x00000000c0b00000|  0%| F|  |TAMS 0x00000000c0a00000| PB 0x00000000c0a00000| Untracked 
| 523|0x00000000c0b00000, 0x00000000c0b00000, 0x00000000c0c00000|  0%| F|  |TAMS 0x00000000c0b00000| PB 0x00000000c0b00000| Untracked 
| 524|0x00000000c0c00000, 0x00000000c0c00000, 0x00000000c0d00000|  0%| F|  |TAMS 0x00000000c0c00000| PB 0x00000000c0c00000| Untracked 
| 525|0x00000000c0d00000, 0x00000000c0d00000, 0x00000000c0e00000|  0%| F|  |TAMS 0x00000000c0d00000| PB 0x00000000c0d00000| Untracked 
| 526|0x00000000c0e00000, 0x00000000c0e00000, 0x00000000c0f00000|  0%| F|  |TAMS 0x00000000c0e00000| PB 0x00000000c0e00000| Untracked 
| 527|0x00000000c0f00000, 0x00000000c0f00000, 0x00000000c1000000|  0%| F|  |TAMS 0x00000000c0f00000| PB 0x00000000c0f00000| Untracked 
| 528|0x00000000c1000000, 0x00000000c1000000, 0x00000000c1100000|  0%| F|  |TAMS 0x00000000c1000000| PB 0x00000000c1000000| Untracked 
| 529|0x00000000c1100000, 0x00000000c1100000, 0x00000000c1200000|  0%| F|  |TAMS 0x00000000c1100000| PB 0x00000000c1100000| Untracked 
| 530|0x00000000c1200000, 0x00000000c1200000, 0x00000000c1300000|  0%| F|  |TAMS 0x00000000c1200000| PB 0x00000000c1200000| Untracked 
| 531|0x00000000c1300000, 0x00000000c1300000, 0x00000000c1400000|  0%| F|  |TAMS 0x00000000c1300000| PB 0x00000000c1300000| Untracked 
| 532|0x00000000c1400000, 0x00000000c1400000, 0x00000000c1500000|  0%| F|  |TAMS 0x00000000c1400000| PB 0x00000000c1400000| Untracked 
| 533|0x00000000c1500000, 0x00000000c1500000, 0x00000000c1600000|  0%| F|  |TAMS 0x00000000c1500000| PB 0x00000000c1500000| Untracked 
| 534|0x00000000c1600000, 0x00000000c1600000, 0x00000000c1700000|  0%| F|  |TAMS 0x00000000c1600000| PB 0x00000000c1600000| Untracked 
| 535|0x00000000c1700000, 0x00000000c1700000, 0x00000000c1800000|  0%| F|  |TAMS 0x00000000c1700000| PB 0x00000000c1700000| Untracked 
| 536|0x00000000c1800000, 0x00000000c1800000, 0x00000000c1900000|  0%| F|  |TAMS 0x00000000c1800000| PB 0x00000000c1800000| Untracked 
| 537|0x00000000c1900000, 0x00000000c1900000, 0x00000000c1a00000|  0%| F|  |TAMS 0x00000000c1900000| PB 0x00000000c1900000| Untracked 
| 538|0x00000000c1a00000, 0x00000000c1a00000, 0x00000000c1b00000|  0%| F|  |TAMS 0x00000000c1a00000| PB 0x00000000c1a00000| Untracked 
| 539|0x00000000c1b00000, 0x00000000c1b00000, 0x00000000c1c00000|  0%| F|  |TAMS 0x00000000c1b00000| PB 0x00000000c1b00000| Untracked 
| 540|0x00000000c1c00000, 0x00000000c1c00000, 0x00000000c1d00000|  0%| F|  |TAMS 0x00000000c1c00000| PB 0x00000000c1c00000| Untracked 
| 541|0x00000000c1d00000, 0x00000000c1d00000, 0x00000000c1e00000|  0%| F|  |TAMS 0x00000000c1d00000| PB 0x00000000c1d00000| Untracked 
| 542|0x00000000c1e00000, 0x00000000c1e00000, 0x00000000c1f00000|  0%| F|  |TAMS 0x00000000c1e00000| PB 0x00000000c1e00000| Untracked 
| 543|0x00000000c1f00000, 0x00000000c1f00000, 0x00000000c2000000|  0%| F|  |TAMS 0x00000000c1f00000| PB 0x00000000c1f00000| Untracked 
| 544|0x00000000c2000000, 0x00000000c2000000, 0x00000000c2100000|  0%| F|  |TAMS 0x00000000c2000000| PB 0x00000000c2000000| Untracked 
| 545|0x00000000c2100000, 0x00000000c2100000, 0x00000000c2200000|  0%| F|  |TAMS 0x00000000c2100000| PB 0x00000000c2100000| Untracked 
| 546|0x00000000c2200000, 0x00000000c2200000, 0x00000000c2300000|  0%| F|  |TAMS 0x00000000c2200000| PB 0x00000000c2200000| Untracked 
| 547|0x00000000c2300000, 0x00000000c2300000, 0x00000000c2400000|  0%| F|  |TAMS 0x00000000c2300000| PB 0x00000000c2300000| Untracked 
| 548|0x00000000c2400000, 0x00000000c2400000, 0x00000000c2500000|  0%| F|  |TAMS 0x00000000c2400000| PB 0x00000000c2400000| Untracked 
| 549|0x00000000c2500000, 0x00000000c2500000, 0x00000000c2600000|  0%| F|  |TAMS 0x00000000c2500000| PB 0x00000000c2500000| Untracked 
| 550|0x00000000c2600000, 0x00000000c2600000, 0x00000000c2700000|  0%| F|  |TAMS 0x00000000c2600000| PB 0x00000000c2600000| Untracked 
| 551|0x00000000c2700000, 0x00000000c2700000, 0x00000000c2800000|  0%| F|  |TAMS 0x00000000c2700000| PB 0x00000000c2700000| Untracked 
| 552|0x00000000c2800000, 0x00000000c2800000, 0x00000000c2900000|  0%| F|  |TAMS 0x00000000c2800000| PB 0x00000000c2800000| Untracked 
| 553|0x00000000c2900000, 0x00000000c2900000, 0x00000000c2a00000|  0%| F|  |TAMS 0x00000000c2900000| PB 0x00000000c2900000| Untracked 
| 554|0x00000000c2a00000, 0x00000000c2a00000, 0x00000000c2b00000|  0%| F|  |TAMS 0x00000000c2a00000| PB 0x00000000c2a00000| Untracked 
| 555|0x00000000c2b00000, 0x00000000c2b00000, 0x00000000c2c00000|  0%| F|  |TAMS 0x00000000c2b00000| PB 0x00000000c2b00000| Untracked 
| 556|0x00000000c2c00000, 0x00000000c2c00000, 0x00000000c2d00000|  0%| F|  |TAMS 0x00000000c2c00000| PB 0x00000000c2c00000| Untracked 
| 557|0x00000000c2d00000, 0x00000000c2d00000, 0x00000000c2e00000|  0%| F|  |TAMS 0x00000000c2d00000| PB 0x00000000c2d00000| Untracked 
| 558|0x00000000c2e00000, 0x00000000c2e00000, 0x00000000c2f00000|  0%| F|  |TAMS 0x00000000c2e00000| PB 0x00000000c2e00000| Untracked 
| 559|0x00000000c2f00000, 0x00000000c2f00000, 0x00000000c3000000|  0%| F|  |TAMS 0x00000000c2f00000| PB 0x00000000c2f00000| Untracked 
| 560|0x00000000c3000000, 0x00000000c3000000, 0x00000000c3100000|  0%| F|  |TAMS 0x00000000c3000000| PB 0x00000000c3000000| Untracked 
| 561|0x00000000c3100000, 0x00000000c3100000, 0x00000000c3200000|  0%| F|  |TAMS 0x00000000c3100000| PB 0x00000000c3100000| Untracked 
| 562|0x00000000c3200000, 0x00000000c3200000, 0x00000000c3300000|  0%| F|  |TAMS 0x00000000c3200000| PB 0x00000000c3200000| Untracked 
| 563|0x00000000c3300000, 0x00000000c3300000, 0x00000000c3400000|  0%| F|  |TAMS 0x00000000c3300000| PB 0x00000000c3300000| Untracked 
| 564|0x00000000c3400000, 0x00000000c3400000, 0x00000000c3500000|  0%| F|  |TAMS 0x00000000c3400000| PB 0x00000000c3400000| Untracked 
| 565|0x00000000c3500000, 0x00000000c3500000, 0x00000000c3600000|  0%| F|  |TAMS 0x00000000c3500000| PB 0x00000000c3500000| Untracked 
| 566|0x00000000c3600000, 0x00000000c3600000, 0x00000000c3700000|  0%| F|  |TAMS 0x00000000c3600000| PB 0x00000000c3600000| Untracked 
| 567|0x00000000c3700000, 0x00000000c3700000, 0x00000000c3800000|  0%| F|  |TAMS 0x00000000c3700000| PB 0x00000000c3700000| Untracked 
| 568|0x00000000c3800000, 0x00000000c3800000, 0x00000000c3900000|  0%| F|  |TAMS 0x00000000c3800000| PB 0x00000000c3800000| Untracked 
| 569|0x00000000c3900000, 0x00000000c3900000, 0x00000000c3a00000|  0%| F|  |TAMS 0x00000000c3900000| PB 0x00000000c3900000| Untracked 
| 570|0x00000000c3a00000, 0x00000000c3a00000, 0x00000000c3b00000|  0%| F|  |TAMS 0x00000000c3a00000| PB 0x00000000c3a00000| Untracked 
| 571|0x00000000c3b00000, 0x00000000c3b00000, 0x00000000c3c00000|  0%| F|  |TAMS 0x00000000c3b00000| PB 0x00000000c3b00000| Untracked 
| 572|0x00000000c3c00000, 0x00000000c3c00000, 0x00000000c3d00000|  0%| F|  |TAMS 0x00000000c3c00000| PB 0x00000000c3c00000| Untracked 
| 573|0x00000000c3d00000, 0x00000000c3d00000, 0x00000000c3e00000|  0%| F|  |TAMS 0x00000000c3d00000| PB 0x00000000c3d00000| Untracked 
| 574|0x00000000c3e00000, 0x00000000c3e00000, 0x00000000c3f00000|  0%| F|  |TAMS 0x00000000c3e00000| PB 0x00000000c3e00000| Untracked 
| 575|0x00000000c3f00000, 0x00000000c3f00000, 0x00000000c4000000|  0%| F|  |TAMS 0x00000000c3f00000| PB 0x00000000c3f00000| Untracked 
| 576|0x00000000c4000000, 0x00000000c4000000, 0x00000000c4100000|  0%| F|  |TAMS 0x00000000c4000000| PB 0x00000000c4000000| Untracked 
| 577|0x00000000c4100000, 0x00000000c4100000, 0x00000000c4200000|  0%| F|  |TAMS 0x00000000c4100000| PB 0x00000000c4100000| Untracked 
| 578|0x00000000c4200000, 0x00000000c4200000, 0x00000000c4300000|  0%| F|  |TAMS 0x00000000c4200000| PB 0x00000000c4200000| Untracked 
| 579|0x00000000c4300000, 0x00000000c4300000, 0x00000000c4400000|  0%| F|  |TAMS 0x00000000c4300000| PB 0x00000000c4300000| Untracked 
| 580|0x00000000c4400000, 0x00000000c4400000, 0x00000000c4500000|  0%| F|  |TAMS 0x00000000c4400000| PB 0x00000000c4400000| Untracked 
| 581|0x00000000c4500000, 0x00000000c4500000, 0x00000000c4600000|  0%| F|  |TAMS 0x00000000c4500000| PB 0x00000000c4500000| Untracked 
| 582|0x00000000c4600000, 0x00000000c4600000, 0x00000000c4700000|  0%| F|  |TAMS 0x00000000c4600000| PB 0x00000000c4600000| Untracked 
| 583|0x00000000c4700000, 0x00000000c4700000, 0x00000000c4800000|  0%| F|  |TAMS 0x00000000c4700000| PB 0x00000000c4700000| Untracked 
| 584|0x00000000c4800000, 0x00000000c4800000, 0x00000000c4900000|  0%| F|  |TAMS 0x00000000c4800000| PB 0x00000000c4800000| Untracked 
| 585|0x00000000c4900000, 0x00000000c4900000, 0x00000000c4a00000|  0%| F|  |TAMS 0x00000000c4900000| PB 0x00000000c4900000| Untracked 
| 586|0x00000000c4a00000, 0x00000000c4a00000, 0x00000000c4b00000|  0%| F|  |TAMS 0x00000000c4a00000| PB 0x00000000c4a00000| Untracked 
| 587|0x00000000c4b00000, 0x00000000c4b00000, 0x00000000c4c00000|  0%| F|  |TAMS 0x00000000c4b00000| PB 0x00000000c4b00000| Untracked 
| 588|0x00000000c4c00000, 0x00000000c4c00000, 0x00000000c4d00000|  0%| F|  |TAMS 0x00000000c4c00000| PB 0x00000000c4c00000| Untracked 
| 589|0x00000000c4d00000, 0x00000000c4d00000, 0x00000000c4e00000|  0%| F|  |TAMS 0x00000000c4d00000| PB 0x00000000c4d00000| Untracked 
| 590|0x00000000c4e00000, 0x00000000c4e00000, 0x00000000c4f00000|  0%| F|  |TAMS 0x00000000c4e00000| PB 0x00000000c4e00000| Untracked 
| 591|0x00000000c4f00000, 0x00000000c4f00000, 0x00000000c5000000|  0%| F|  |TAMS 0x00000000c4f00000| PB 0x00000000c4f00000| Untracked 
| 592|0x00000000c5000000, 0x00000000c5000000, 0x00000000c5100000|  0%| F|  |TAMS 0x00000000c5000000| PB 0x00000000c5000000| Untracked 
| 593|0x00000000c5100000, 0x00000000c5100000, 0x00000000c5200000|  0%| F|  |TAMS 0x00000000c5100000| PB 0x00000000c5100000| Untracked 
| 594|0x00000000c5200000, 0x00000000c5200000, 0x00000000c5300000|  0%| F|  |TAMS 0x00000000c5200000| PB 0x00000000c5200000| Untracked 
| 595|0x00000000c5300000, 0x00000000c5300000, 0x00000000c5400000|  0%| F|  |TAMS 0x00000000c5300000| PB 0x00000000c5300000| Untracked 
| 596|0x00000000c5400000, 0x00000000c5400000, 0x00000000c5500000|  0%| F|  |TAMS 0x00000000c5400000| PB 0x00000000c5400000| Untracked 
| 597|0x00000000c5500000, 0x00000000c5500000, 0x00000000c5600000|  0%| F|  |TAMS 0x00000000c5500000| PB 0x00000000c5500000| Untracked 
| 598|0x00000000c5600000, 0x00000000c5600000, 0x00000000c5700000|  0%| F|  |TAMS 0x00000000c5600000| PB 0x00000000c5600000| Untracked 
| 599|0x00000000c5700000, 0x00000000c5700000, 0x00000000c5800000|  0%| F|  |TAMS 0x00000000c5700000| PB 0x00000000c5700000| Untracked 
| 600|0x00000000c5800000, 0x00000000c5800000, 0x00000000c5900000|  0%| F|  |TAMS 0x00000000c5800000| PB 0x00000000c5800000| Untracked 
| 601|0x00000000c5900000, 0x00000000c5900000, 0x00000000c5a00000|  0%| F|  |TAMS 0x00000000c5900000| PB 0x00000000c5900000| Untracked 
| 602|0x00000000c5a00000, 0x00000000c5a00000, 0x00000000c5b00000|  0%| F|  |TAMS 0x00000000c5a00000| PB 0x00000000c5a00000| Untracked 
| 603|0x00000000c5b00000, 0x00000000c5b00000, 0x00000000c5c00000|  0%| F|  |TAMS 0x00000000c5b00000| PB 0x00000000c5b00000| Untracked 
| 604|0x00000000c5c00000, 0x00000000c5c00000, 0x00000000c5d00000|  0%| F|  |TAMS 0x00000000c5c00000| PB 0x00000000c5c00000| Untracked 
| 605|0x00000000c5d00000, 0x00000000c5d00000, 0x00000000c5e00000|  0%| F|  |TAMS 0x00000000c5d00000| PB 0x00000000c5d00000| Untracked 
| 606|0x00000000c5e00000, 0x00000000c5e00000, 0x00000000c5f00000|  0%| F|  |TAMS 0x00000000c5e00000| PB 0x00000000c5e00000| Untracked 
| 607|0x00000000c5f00000, 0x00000000c5f00000, 0x00000000c6000000|  0%| F|  |TAMS 0x00000000c5f00000| PB 0x00000000c5f00000| Untracked 
| 608|0x00000000c6000000, 0x00000000c6000000, 0x00000000c6100000|  0%| F|  |TAMS 0x00000000c6000000| PB 0x00000000c6000000| Untracked 
| 609|0x00000000c6100000, 0x00000000c6100000, 0x00000000c6200000|  0%| F|  |TAMS 0x00000000c6100000| PB 0x00000000c6100000| Untracked 
| 610|0x00000000c6200000, 0x00000000c6200000, 0x00000000c6300000|  0%| F|  |TAMS 0x00000000c6200000| PB 0x00000000c6200000| Untracked 
| 611|0x00000000c6300000, 0x00000000c6300000, 0x00000000c6400000|  0%| F|  |TAMS 0x00000000c6300000| PB 0x00000000c6300000| Untracked 
| 612|0x00000000c6400000, 0x00000000c6400000, 0x00000000c6500000|  0%| F|  |TAMS 0x00000000c6400000| PB 0x00000000c6400000| Untracked 
| 613|0x00000000c6500000, 0x00000000c6500000, 0x00000000c6600000|  0%| F|  |TAMS 0x00000000c6500000| PB 0x00000000c6500000| Untracked 
| 614|0x00000000c6600000, 0x00000000c6600000, 0x00000000c6700000|  0%| F|  |TAMS 0x00000000c6600000| PB 0x00000000c6600000| Untracked 
| 615|0x00000000c6700000, 0x00000000c6700000, 0x00000000c6800000|  0%| F|  |TAMS 0x00000000c6700000| PB 0x00000000c6700000| Untracked 
| 616|0x00000000c6800000, 0x00000000c6800000, 0x00000000c6900000|  0%| F|  |TAMS 0x00000000c6800000| PB 0x00000000c6800000| Untracked 
| 617|0x00000000c6900000, 0x00000000c6900000, 0x00000000c6a00000|  0%| F|  |TAMS 0x00000000c6900000| PB 0x00000000c6900000| Untracked 
| 618|0x00000000c6a00000, 0x00000000c6a00000, 0x00000000c6b00000|  0%| F|  |TAMS 0x00000000c6a00000| PB 0x00000000c6a00000| Untracked 
| 619|0x00000000c6b00000, 0x00000000c6b00000, 0x00000000c6c00000|  0%| F|  |TAMS 0x00000000c6b00000| PB 0x00000000c6b00000| Untracked 
| 620|0x00000000c6c00000, 0x00000000c6c00000, 0x00000000c6d00000|  0%| F|  |TAMS 0x00000000c6c00000| PB 0x00000000c6c00000| Untracked 
| 621|0x00000000c6d00000, 0x00000000c6d00000, 0x00000000c6e00000|  0%| F|  |TAMS 0x00000000c6d00000| PB 0x00000000c6d00000| Untracked 
| 622|0x00000000c6e00000, 0x00000000c6e00000, 0x00000000c6f00000|  0%| F|  |TAMS 0x00000000c6e00000| PB 0x00000000c6e00000| Untracked 
| 623|0x00000000c6f00000, 0x00000000c6f00000, 0x00000000c7000000|  0%| F|  |TAMS 0x00000000c6f00000| PB 0x00000000c6f00000| Untracked 
| 624|0x00000000c7000000, 0x00000000c7000000, 0x00000000c7100000|  0%| F|  |TAMS 0x00000000c7000000| PB 0x00000000c7000000| Untracked 
| 625|0x00000000c7100000, 0x00000000c7100000, 0x00000000c7200000|  0%| F|  |TAMS 0x00000000c7100000| PB 0x00000000c7100000| Untracked 
| 626|0x00000000c7200000, 0x00000000c7200000, 0x00000000c7300000|  0%| F|  |TAMS 0x00000000c7200000| PB 0x00000000c7200000| Untracked 
| 627|0x00000000c7300000, 0x00000000c7300000, 0x00000000c7400000|  0%| F|  |TAMS 0x00000000c7300000| PB 0x00000000c7300000| Untracked 
| 628|0x00000000c7400000, 0x00000000c7400000, 0x00000000c7500000|  0%| F|  |TAMS 0x00000000c7400000| PB 0x00000000c7400000| Untracked 
| 629|0x00000000c7500000, 0x00000000c7500000, 0x00000000c7600000|  0%| F|  |TAMS 0x00000000c7500000| PB 0x00000000c7500000| Untracked 
| 630|0x00000000c7600000, 0x00000000c7600000, 0x00000000c7700000|  0%| F|  |TAMS 0x00000000c7600000| PB 0x00000000c7600000| Untracked 
| 631|0x00000000c7700000, 0x00000000c7700000, 0x00000000c7800000|  0%| F|  |TAMS 0x00000000c7700000| PB 0x00000000c7700000| Untracked 
| 632|0x00000000c7800000, 0x00000000c7800000, 0x00000000c7900000|  0%| F|  |TAMS 0x00000000c7800000| PB 0x00000000c7800000| Untracked 
| 633|0x00000000c7900000, 0x00000000c7900000, 0x00000000c7a00000|  0%| F|  |TAMS 0x00000000c7900000| PB 0x00000000c7900000| Untracked 
| 634|0x00000000c7a00000, 0x00000000c7a00000, 0x00000000c7b00000|  0%| F|  |TAMS 0x00000000c7a00000| PB 0x00000000c7a00000| Untracked 
| 635|0x00000000c7b00000, 0x00000000c7b00000, 0x00000000c7c00000|  0%| F|  |TAMS 0x00000000c7b00000| PB 0x00000000c7b00000| Untracked 
| 636|0x00000000c7c00000, 0x00000000c7c00000, 0x00000000c7d00000|  0%| F|  |TAMS 0x00000000c7c00000| PB 0x00000000c7c00000| Untracked 
| 637|0x00000000c7d00000, 0x00000000c7d00000, 0x00000000c7e00000|  0%| F|  |TAMS 0x00000000c7d00000| PB 0x00000000c7d00000| Untracked 
| 638|0x00000000c7e00000, 0x00000000c7e00000, 0x00000000c7f00000|  0%| F|  |TAMS 0x00000000c7e00000| PB 0x00000000c7e00000| Untracked 
| 639|0x00000000c7f00000, 0x00000000c7f00000, 0x00000000c8000000|  0%| F|  |TAMS 0x00000000c7f00000| PB 0x00000000c7f00000| Untracked 
| 640|0x00000000c8000000, 0x00000000c8000000, 0x00000000c8100000|  0%| F|  |TAMS 0x00000000c8000000| PB 0x00000000c8000000| Untracked 
| 641|0x00000000c8100000, 0x00000000c8100000, 0x00000000c8200000|  0%| F|  |TAMS 0x00000000c8100000| PB 0x00000000c8100000| Untracked 
| 642|0x00000000c8200000, 0x00000000c8200000, 0x00000000c8300000|  0%| F|  |TAMS 0x00000000c8200000| PB 0x00000000c8200000| Untracked 
| 643|0x00000000c8300000, 0x00000000c8300000, 0x00000000c8400000|  0%| F|  |TAMS 0x00000000c8300000| PB 0x00000000c8300000| Untracked 
| 644|0x00000000c8400000, 0x00000000c8400000, 0x00000000c8500000|  0%| F|  |TAMS 0x00000000c8400000| PB 0x00000000c8400000| Untracked 
| 645|0x00000000c8500000, 0x00000000c8500000, 0x00000000c8600000|  0%| F|  |TAMS 0x00000000c8500000| PB 0x00000000c8500000| Untracked 
| 646|0x00000000c8600000, 0x00000000c8600000, 0x00000000c8700000|  0%| F|  |TAMS 0x00000000c8600000| PB 0x00000000c8600000| Untracked 
| 647|0x00000000c8700000, 0x00000000c8700000, 0x00000000c8800000|  0%| F|  |TAMS 0x00000000c8700000| PB 0x00000000c8700000| Untracked 
| 648|0x00000000c8800000, 0x00000000c8800000, 0x00000000c8900000|  0%| F|  |TAMS 0x00000000c8800000| PB 0x00000000c8800000| Untracked 
| 649|0x00000000c8900000, 0x00000000c8900000, 0x00000000c8a00000|  0%| F|  |TAMS 0x00000000c8900000| PB 0x00000000c8900000| Untracked 
| 650|0x00000000c8a00000, 0x00000000c8a00000, 0x00000000c8b00000|  0%| F|  |TAMS 0x00000000c8a00000| PB 0x00000000c8a00000| Untracked 
| 651|0x00000000c8b00000, 0x00000000c8b00000, 0x00000000c8c00000|  0%| F|  |TAMS 0x00000000c8b00000| PB 0x00000000c8b00000| Untracked 
| 652|0x00000000c8c00000, 0x00000000c8c00000, 0x00000000c8d00000|  0%| F|  |TAMS 0x00000000c8c00000| PB 0x00000000c8c00000| Untracked 
| 653|0x00000000c8d00000, 0x00000000c8d00000, 0x00000000c8e00000|  0%| F|  |TAMS 0x00000000c8d00000| PB 0x00000000c8d00000| Untracked 
| 654|0x00000000c8e00000, 0x00000000c8e00000, 0x00000000c8f00000|  0%| F|  |TAMS 0x00000000c8e00000| PB 0x00000000c8e00000| Untracked 
| 655|0x00000000c8f00000, 0x00000000c8f00000, 0x00000000c9000000|  0%| F|  |TAMS 0x00000000c8f00000| PB 0x00000000c8f00000| Untracked 
| 656|0x00000000c9000000, 0x00000000c9000000, 0x00000000c9100000|  0%| F|  |TAMS 0x00000000c9000000| PB 0x00000000c9000000| Untracked 
| 657|0x00000000c9100000, 0x00000000c9100000, 0x00000000c9200000|  0%| F|  |TAMS 0x00000000c9100000| PB 0x00000000c9100000| Untracked 
| 658|0x00000000c9200000, 0x00000000c9200000, 0x00000000c9300000|  0%| F|  |TAMS 0x00000000c9200000| PB 0x00000000c9200000| Untracked 
| 659|0x00000000c9300000, 0x00000000c9300000, 0x00000000c9400000|  0%| F|  |TAMS 0x00000000c9300000| PB 0x00000000c9300000| Untracked 
| 660|0x00000000c9400000, 0x00000000c9400000, 0x00000000c9500000|  0%| F|  |TAMS 0x00000000c9400000| PB 0x00000000c9400000| Untracked 
| 661|0x00000000c9500000, 0x00000000c9500000, 0x00000000c9600000|  0%| F|  |TAMS 0x00000000c9500000| PB 0x00000000c9500000| Untracked 
| 662|0x00000000c9600000, 0x00000000c9600000, 0x00000000c9700000|  0%| F|  |TAMS 0x00000000c9600000| PB 0x00000000c9600000| Untracked 
| 663|0x00000000c9700000, 0x00000000c9700000, 0x00000000c9800000|  0%| F|  |TAMS 0x00000000c9700000| PB 0x00000000c9700000| Untracked 
| 664|0x00000000c9800000, 0x00000000c9800000, 0x00000000c9900000|  0%| F|  |TAMS 0x00000000c9800000| PB 0x00000000c9800000| Untracked 
| 665|0x00000000c9900000, 0x00000000c9900000, 0x00000000c9a00000|  0%| F|  |TAMS 0x00000000c9900000| PB 0x00000000c9900000| Untracked 
| 666|0x00000000c9a00000, 0x00000000c9a00000, 0x00000000c9b00000|  0%| F|  |TAMS 0x00000000c9a00000| PB 0x00000000c9a00000| Untracked 
| 667|0x00000000c9b00000, 0x00000000c9b00000, 0x00000000c9c00000|  0%| F|  |TAMS 0x00000000c9b00000| PB 0x00000000c9b00000| Untracked 
| 668|0x00000000c9c00000, 0x00000000c9c00000, 0x00000000c9d00000|  0%| F|  |TAMS 0x00000000c9c00000| PB 0x00000000c9c00000| Untracked 
| 669|0x00000000c9d00000, 0x00000000c9d00000, 0x00000000c9e00000|  0%| F|  |TAMS 0x00000000c9d00000| PB 0x00000000c9d00000| Untracked 
| 670|0x00000000c9e00000, 0x00000000c9e00000, 0x00000000c9f00000|  0%| F|  |TAMS 0x00000000c9e00000| PB 0x00000000c9e00000| Untracked 
| 671|0x00000000c9f00000, 0x00000000c9f00000, 0x00000000ca000000|  0%| F|  |TAMS 0x00000000c9f00000| PB 0x00000000c9f00000| Untracked 
| 672|0x00000000ca000000, 0x00000000ca000000, 0x00000000ca100000|  0%| F|  |TAMS 0x00000000ca000000| PB 0x00000000ca000000| Untracked 
| 673|0x00000000ca100000, 0x00000000ca100000, 0x00000000ca200000|  0%| F|  |TAMS 0x00000000ca100000| PB 0x00000000ca100000| Untracked 
| 674|0x00000000ca200000, 0x00000000ca200000, 0x00000000ca300000|  0%| F|  |TAMS 0x00000000ca200000| PB 0x00000000ca200000| Untracked 
| 675|0x00000000ca300000, 0x00000000ca300000, 0x00000000ca400000|  0%| F|  |TAMS 0x00000000ca300000| PB 0x00000000ca300000| Untracked 
| 676|0x00000000ca400000, 0x00000000ca400000, 0x00000000ca500000|  0%| F|  |TAMS 0x00000000ca400000| PB 0x00000000ca400000| Untracked 
| 677|0x00000000ca500000, 0x00000000ca500000, 0x00000000ca600000|  0%| F|  |TAMS 0x00000000ca500000| PB 0x00000000ca500000| Untracked 
| 678|0x00000000ca600000, 0x00000000ca600000, 0x00000000ca700000|  0%| F|  |TAMS 0x00000000ca600000| PB 0x00000000ca600000| Untracked 
| 679|0x00000000ca700000, 0x00000000ca700000, 0x00000000ca800000|  0%| F|  |TAMS 0x00000000ca700000| PB 0x00000000ca700000| Untracked 
| 680|0x00000000ca800000, 0x00000000ca800000, 0x00000000ca900000|  0%| F|  |TAMS 0x00000000ca800000| PB 0x00000000ca800000| Untracked 
| 681|0x00000000ca900000, 0x00000000ca900000, 0x00000000caa00000|  0%| F|  |TAMS 0x00000000ca900000| PB 0x00000000ca900000| Untracked 
| 682|0x00000000caa00000, 0x00000000caa00000, 0x00000000cab00000|  0%| F|  |TAMS 0x00000000caa00000| PB 0x00000000caa00000| Untracked 
| 683|0x00000000cab00000, 0x00000000cab00000, 0x00000000cac00000|  0%| F|  |TAMS 0x00000000cab00000| PB 0x00000000cab00000| Untracked 
| 684|0x00000000cac00000, 0x00000000cac00000, 0x00000000cad00000|  0%| F|  |TAMS 0x00000000cac00000| PB 0x00000000cac00000| Untracked 
| 685|0x00000000cad00000, 0x00000000cad00000, 0x00000000cae00000|  0%| F|  |TAMS 0x00000000cad00000| PB 0x00000000cad00000| Untracked 
| 686|0x00000000cae00000, 0x00000000cae00000, 0x00000000caf00000|  0%| F|  |TAMS 0x00000000cae00000| PB 0x00000000cae00000| Untracked 
| 687|0x00000000caf00000, 0x00000000caf00000, 0x00000000cb000000|  0%| F|  |TAMS 0x00000000caf00000| PB 0x00000000caf00000| Untracked 
| 688|0x00000000cb000000, 0x00000000cb000000, 0x00000000cb100000|  0%| F|  |TAMS 0x00000000cb000000| PB 0x00000000cb000000| Untracked 
| 689|0x00000000cb100000, 0x00000000cb100000, 0x00000000cb200000|  0%| F|  |TAMS 0x00000000cb100000| PB 0x00000000cb100000| Untracked 
| 690|0x00000000cb200000, 0x00000000cb200000, 0x00000000cb300000|  0%| F|  |TAMS 0x00000000cb200000| PB 0x00000000cb200000| Untracked 
| 691|0x00000000cb300000, 0x00000000cb300000, 0x00000000cb400000|  0%| F|  |TAMS 0x00000000cb300000| PB 0x00000000cb300000| Untracked 
| 692|0x00000000cb400000, 0x00000000cb400000, 0x00000000cb500000|  0%| F|  |TAMS 0x00000000cb400000| PB 0x00000000cb400000| Untracked 
| 693|0x00000000cb500000, 0x00000000cb500000, 0x00000000cb600000|  0%| F|  |TAMS 0x00000000cb500000| PB 0x00000000cb500000| Untracked 
| 694|0x00000000cb600000, 0x00000000cb600000, 0x00000000cb700000|  0%| F|  |TAMS 0x00000000cb600000| PB 0x00000000cb600000| Untracked 
| 695|0x00000000cb700000, 0x00000000cb700000, 0x00000000cb800000|  0%| F|  |TAMS 0x00000000cb700000| PB 0x00000000cb700000| Untracked 
| 696|0x00000000cb800000, 0x00000000cb800000, 0x00000000cb900000|  0%| F|  |TAMS 0x00000000cb800000| PB 0x00000000cb800000| Untracked 
| 697|0x00000000cb900000, 0x00000000cb900000, 0x00000000cba00000|  0%| F|  |TAMS 0x00000000cb900000| PB 0x00000000cb900000| Untracked 
| 698|0x00000000cba00000, 0x00000000cba00000, 0x00000000cbb00000|  0%| F|  |TAMS 0x00000000cba00000| PB 0x00000000cba00000| Untracked 
| 699|0x00000000cbb00000, 0x00000000cbb00000, 0x00000000cbc00000|  0%| F|  |TAMS 0x00000000cbb00000| PB 0x00000000cbb00000| Untracked 
| 700|0x00000000cbc00000, 0x00000000cbc00000, 0x00000000cbd00000|  0%| F|  |TAMS 0x00000000cbc00000| PB 0x00000000cbc00000| Untracked 
| 701|0x00000000cbd00000, 0x00000000cbd00000, 0x00000000cbe00000|  0%| F|  |TAMS 0x00000000cbd00000| PB 0x00000000cbd00000| Untracked 
| 702|0x00000000cbe00000, 0x00000000cbe00000, 0x00000000cbf00000|  0%| F|  |TAMS 0x00000000cbe00000| PB 0x00000000cbe00000| Untracked 
| 703|0x00000000cbf00000, 0x00000000cbf00000, 0x00000000cc000000|  0%| F|  |TAMS 0x00000000cbf00000| PB 0x00000000cbf00000| Untracked 
| 704|0x00000000cc000000, 0x00000000cc000000, 0x00000000cc100000|  0%| F|  |TAMS 0x00000000cc000000| PB 0x00000000cc000000| Untracked 
| 705|0x00000000cc100000, 0x00000000cc100000, 0x00000000cc200000|  0%| F|  |TAMS 0x00000000cc100000| PB 0x00000000cc100000| Untracked 
| 706|0x00000000cc200000, 0x00000000cc200000, 0x00000000cc300000|  0%| F|  |TAMS 0x00000000cc200000| PB 0x00000000cc200000| Untracked 
| 707|0x00000000cc300000, 0x00000000cc300000, 0x00000000cc400000|  0%| F|  |TAMS 0x00000000cc300000| PB 0x00000000cc300000| Untracked 
| 708|0x00000000cc400000, 0x00000000cc400000, 0x00000000cc500000|  0%| F|  |TAMS 0x00000000cc400000| PB 0x00000000cc400000| Untracked 
| 709|0x00000000cc500000, 0x00000000cc500000, 0x00000000cc600000|  0%| F|  |TAMS 0x00000000cc500000| PB 0x00000000cc500000| Untracked 
| 710|0x00000000cc600000, 0x00000000cc600000, 0x00000000cc700000|  0%| F|  |TAMS 0x00000000cc600000| PB 0x00000000cc600000| Untracked 
| 711|0x00000000cc700000, 0x00000000cc700000, 0x00000000cc800000|  0%| F|  |TAMS 0x00000000cc700000| PB 0x00000000cc700000| Untracked 
| 712|0x00000000cc800000, 0x00000000cc800000, 0x00000000cc900000|  0%| F|  |TAMS 0x00000000cc800000| PB 0x00000000cc800000| Untracked 
| 713|0x00000000cc900000, 0x00000000cc900000, 0x00000000cca00000|  0%| F|  |TAMS 0x00000000cc900000| PB 0x00000000cc900000| Untracked 
| 714|0x00000000cca00000, 0x00000000cca00000, 0x00000000ccb00000|  0%| F|  |TAMS 0x00000000cca00000| PB 0x00000000cca00000| Untracked 
| 715|0x00000000ccb00000, 0x00000000ccb00000, 0x00000000ccc00000|  0%| F|  |TAMS 0x00000000ccb00000| PB 0x00000000ccb00000| Untracked 
| 716|0x00000000ccc00000, 0x00000000ccc00000, 0x00000000ccd00000|  0%| F|  |TAMS 0x00000000ccc00000| PB 0x00000000ccc00000| Untracked 
| 717|0x00000000ccd00000, 0x00000000ccd00000, 0x00000000cce00000|  0%| F|  |TAMS 0x00000000ccd00000| PB 0x00000000ccd00000| Untracked 
| 718|0x00000000cce00000, 0x00000000cce00000, 0x00000000ccf00000|  0%| F|  |TAMS 0x00000000cce00000| PB 0x00000000cce00000| Untracked 
| 719|0x00000000ccf00000, 0x00000000ccf00000, 0x00000000cd000000|  0%| F|  |TAMS 0x00000000ccf00000| PB 0x00000000ccf00000| Untracked 
| 720|0x00000000cd000000, 0x00000000cd000000, 0x00000000cd100000|  0%| F|  |TAMS 0x00000000cd000000| PB 0x00000000cd000000| Untracked 
| 721|0x00000000cd100000, 0x00000000cd100000, 0x00000000cd200000|  0%| F|  |TAMS 0x00000000cd100000| PB 0x00000000cd100000| Untracked 
| 722|0x00000000cd200000, 0x00000000cd200000, 0x00000000cd300000|  0%| F|  |TAMS 0x00000000cd200000| PB 0x00000000cd200000| Untracked 
| 723|0x00000000cd300000, 0x00000000cd300000, 0x00000000cd400000|  0%| F|  |TAMS 0x00000000cd300000| PB 0x00000000cd300000| Untracked 
| 724|0x00000000cd400000, 0x00000000cd400000, 0x00000000cd500000|  0%| F|  |TAMS 0x00000000cd400000| PB 0x00000000cd400000| Untracked 
| 725|0x00000000cd500000, 0x00000000cd500000, 0x00000000cd600000|  0%| F|  |TAMS 0x00000000cd500000| PB 0x00000000cd500000| Untracked 
| 726|0x00000000cd600000, 0x00000000cd600000, 0x00000000cd700000|  0%| F|  |TAMS 0x00000000cd600000| PB 0x00000000cd600000| Untracked 
| 727|0x00000000cd700000, 0x00000000cd700000, 0x00000000cd800000|  0%| F|  |TAMS 0x00000000cd700000| PB 0x00000000cd700000| Untracked 
| 728|0x00000000cd800000, 0x00000000cd800000, 0x00000000cd900000|  0%| F|  |TAMS 0x00000000cd800000| PB 0x00000000cd800000| Untracked 
| 729|0x00000000cd900000, 0x00000000cd900000, 0x00000000cda00000|  0%| F|  |TAMS 0x00000000cd900000| PB 0x00000000cd900000| Untracked 
| 730|0x00000000cda00000, 0x00000000cda00000, 0x00000000cdb00000|  0%| F|  |TAMS 0x00000000cda00000| PB 0x00000000cda00000| Untracked 
| 731|0x00000000cdb00000, 0x00000000cdb00000, 0x00000000cdc00000|  0%| F|  |TAMS 0x00000000cdb00000| PB 0x00000000cdb00000| Untracked 
| 732|0x00000000cdc00000, 0x00000000cdd00000, 0x00000000cdd00000|100%| E|  |TAMS 0x00000000cdc00000| PB 0x00000000cdc00000| Complete 
| 733|0x00000000cdd00000, 0x00000000cde00000, 0x00000000cde00000|100%| E|CS|TAMS 0x00000000cdd00000| PB 0x00000000cdd00000| Complete 
| 734|0x00000000cde00000, 0x00000000cdf00000, 0x00000000cdf00000|100%| E|CS|TAMS 0x00000000cde00000| PB 0x00000000cde00000| Complete 
| 735|0x00000000cdf00000, 0x00000000ce000000, 0x00000000ce000000|100%| E|CS|TAMS 0x00000000cdf00000| PB 0x00000000cdf00000| Complete 
| 736|0x00000000ce000000, 0x00000000ce100000, 0x00000000ce100000|100%| E|CS|TAMS 0x00000000ce000000| PB 0x00000000ce000000| Complete 
| 737|0x00000000ce100000, 0x00000000ce200000, 0x00000000ce200000|100%| E|CS|TAMS 0x00000000ce100000| PB 0x00000000ce100000| Complete 
| 738|0x00000000ce200000, 0x00000000ce300000, 0x00000000ce300000|100%| E|CS|TAMS 0x00000000ce200000| PB 0x00000000ce200000| Complete 
| 739|0x00000000ce300000, 0x00000000ce400000, 0x00000000ce400000|100%| E|CS|TAMS 0x00000000ce300000| PB 0x00000000ce300000| Complete 
| 740|0x00000000ce400000, 0x00000000ce500000, 0x00000000ce500000|100%| E|CS|TAMS 0x00000000ce400000| PB 0x00000000ce400000| Complete 
| 741|0x00000000ce500000, 0x00000000ce600000, 0x00000000ce600000|100%| E|CS|TAMS 0x00000000ce500000| PB 0x00000000ce500000| Complete 
| 742|0x00000000ce600000, 0x00000000ce700000, 0x00000000ce700000|100%| E|CS|TAMS 0x00000000ce600000| PB 0x00000000ce600000| Complete 
| 743|0x00000000ce700000, 0x00000000ce800000, 0x00000000ce800000|100%| E|CS|TAMS 0x00000000ce700000| PB 0x00000000ce700000| Complete 
| 744|0x00000000ce800000, 0x00000000ce900000, 0x00000000ce900000|100%| E|CS|TAMS 0x00000000ce800000| PB 0x00000000ce800000| Complete 
| 745|0x00000000ce900000, 0x00000000cea00000, 0x00000000cea00000|100%| E|CS|TAMS 0x00000000ce900000| PB 0x00000000ce900000| Complete 
| 746|0x00000000cea00000, 0x00000000ceb00000, 0x00000000ceb00000|100%| E|CS|TAMS 0x00000000cea00000| PB 0x00000000cea00000| Complete 
| 747|0x00000000ceb00000, 0x00000000cec00000, 0x00000000cec00000|100%| E|CS|TAMS 0x00000000ceb00000| PB 0x00000000ceb00000| Complete 
| 748|0x00000000cec00000, 0x00000000ced00000, 0x00000000ced00000|100%| E|CS|TAMS 0x00000000cec00000| PB 0x00000000cec00000| Complete 
| 749|0x00000000ced00000, 0x00000000cee00000, 0x00000000cee00000|100%| E|CS|TAMS 0x00000000ced00000| PB 0x00000000ced00000| Complete 
| 750|0x00000000cee00000, 0x00000000cef00000, 0x00000000cef00000|100%| E|CS|TAMS 0x00000000cee00000| PB 0x00000000cee00000| Complete 
| 751|0x00000000cef00000, 0x00000000cf000000, 0x00000000cf000000|100%| E|CS|TAMS 0x00000000cef00000| PB 0x00000000cef00000| Complete 
| 752|0x00000000cf000000, 0x00000000cf100000, 0x00000000cf100000|100%| E|CS|TAMS 0x00000000cf000000| PB 0x00000000cf000000| Complete 
| 753|0x00000000cf100000, 0x00000000cf200000, 0x00000000cf200000|100%| E|CS|TAMS 0x00000000cf100000| PB 0x00000000cf100000| Complete 
| 754|0x00000000cf200000, 0x00000000cf300000, 0x00000000cf300000|100%| E|CS|TAMS 0x00000000cf200000| PB 0x00000000cf200000| Complete 
| 755|0x00000000cf300000, 0x00000000cf400000, 0x00000000cf400000|100%| E|CS|TAMS 0x00000000cf300000| PB 0x00000000cf300000| Complete 
| 756|0x00000000cf400000, 0x00000000cf500000, 0x00000000cf500000|100%| E|CS|TAMS 0x00000000cf400000| PB 0x00000000cf400000| Complete 
| 757|0x00000000cf500000, 0x00000000cf600000, 0x00000000cf600000|100%| E|CS|TAMS 0x00000000cf500000| PB 0x00000000cf500000| Complete 
| 758|0x00000000cf600000, 0x00000000cf700000, 0x00000000cf700000|100%| E|CS|TAMS 0x00000000cf600000| PB 0x00000000cf600000| Complete 
| 759|0x00000000cf700000, 0x00000000cf800000, 0x00000000cf800000|100%| E|CS|TAMS 0x00000000cf700000| PB 0x00000000cf700000| Complete 
| 760|0x00000000cf800000, 0x00000000cf900000, 0x00000000cf900000|100%| E|CS|TAMS 0x00000000cf800000| PB 0x00000000cf800000| Complete 
| 761|0x00000000cf900000, 0x00000000cfa00000, 0x00000000cfa00000|100%| E|  |TAMS 0x00000000cf900000| PB 0x00000000cf900000| Complete 
| 762|0x00000000cfa00000, 0x00000000cfb00000, 0x00000000cfb00000|100%| E|CS|TAMS 0x00000000cfa00000| PB 0x00000000cfa00000| Complete 
| 763|0x00000000cfb00000, 0x00000000cfc00000, 0x00000000cfc00000|100%| E|CS|TAMS 0x00000000cfb00000| PB 0x00000000cfb00000| Complete 
| 764|0x00000000cfc00000, 0x00000000cfd00000, 0x00000000cfd00000|100%| E|CS|TAMS 0x00000000cfc00000| PB 0x00000000cfc00000| Complete 
| 765|0x00000000cfd00000, 0x00000000cfe00000, 0x00000000cfe00000|100%| E|CS|TAMS 0x00000000cfd00000| PB 0x00000000cfd00000| Complete 
| 766|0x00000000cfe00000, 0x00000000cff00000, 0x00000000cff00000|100%| E|CS|TAMS 0x00000000cfe00000| PB 0x00000000cfe00000| Complete 
| 767|0x00000000cff00000, 0x00000000d0000000, 0x00000000d0000000|100%| E|CS|TAMS 0x00000000cff00000| PB 0x00000000cff00000| Complete 
| 768|0x00000000d0000000, 0x00000000d0100000, 0x00000000d0100000|100%| E|CS|TAMS 0x00000000d0000000| PB 0x00000000d0000000| Complete 
| 769|0x00000000d0100000, 0x00000000d0200000, 0x00000000d0200000|100%| E|CS|TAMS 0x00000000d0100000| PB 0x00000000d0100000| Complete 
| 770|0x00000000d0200000, 0x00000000d0300000, 0x00000000d0300000|100%| E|CS|TAMS 0x00000000d0200000| PB 0x00000000d0200000| Complete 
| 771|0x00000000d0300000, 0x00000000d0400000, 0x00000000d0400000|100%| E|CS|TAMS 0x00000000d0300000| PB 0x00000000d0300000| Complete 
| 772|0x00000000d0400000, 0x00000000d0500000, 0x00000000d0500000|100%| E|CS|TAMS 0x00000000d0400000| PB 0x00000000d0400000| Complete 
| 773|0x00000000d0500000, 0x00000000d0600000, 0x00000000d0600000|100%| E|CS|TAMS 0x00000000d0500000| PB 0x00000000d0500000| Complete 
| 774|0x00000000d0600000, 0x00000000d0700000, 0x00000000d0700000|100%| E|CS|TAMS 0x00000000d0600000| PB 0x00000000d0600000| Complete 
| 775|0x00000000d0700000, 0x00000000d0800000, 0x00000000d0800000|100%| E|CS|TAMS 0x00000000d0700000| PB 0x00000000d0700000| Complete 
| 776|0x00000000d0800000, 0x00000000d0900000, 0x00000000d0900000|100%| E|CS|TAMS 0x00000000d0800000| PB 0x00000000d0800000| Complete 
| 777|0x00000000d0900000, 0x00000000d0a00000, 0x00000000d0a00000|100%| E|CS|TAMS 0x00000000d0900000| PB 0x00000000d0900000| Complete 
| 778|0x00000000d0a00000, 0x00000000d0b00000, 0x00000000d0b00000|100%| E|CS|TAMS 0x00000000d0a00000| PB 0x00000000d0a00000| Complete 
| 779|0x00000000d0b00000, 0x00000000d0c00000, 0x00000000d0c00000|100%| E|CS|TAMS 0x00000000d0b00000| PB 0x00000000d0b00000| Complete 
| 780|0x00000000d0c00000, 0x00000000d0d00000, 0x00000000d0d00000|100%| E|CS|TAMS 0x00000000d0c00000| PB 0x00000000d0c00000| Complete 
| 781|0x00000000d0d00000, 0x00000000d0e00000, 0x00000000d0e00000|100%| E|CS|TAMS 0x00000000d0d00000| PB 0x00000000d0d00000| Complete 
| 782|0x00000000d0e00000, 0x00000000d0f00000, 0x00000000d0f00000|100%| E|CS|TAMS 0x00000000d0e00000| PB 0x00000000d0e00000| Complete 
| 783|0x00000000d0f00000, 0x00000000d1000000, 0x00000000d1000000|100%| E|CS|TAMS 0x00000000d0f00000| PB 0x00000000d0f00000| Complete 
| 784|0x00000000d1000000, 0x00000000d1100000, 0x00000000d1100000|100%| E|CS|TAMS 0x00000000d1000000| PB 0x00000000d1000000| Complete 
| 785|0x00000000d1100000, 0x00000000d1200000, 0x00000000d1200000|100%| E|CS|TAMS 0x00000000d1100000| PB 0x00000000d1100000| Complete 
| 786|0x00000000d1200000, 0x00000000d1300000, 0x00000000d1300000|100%| E|CS|TAMS 0x00000000d1200000| PB 0x00000000d1200000| Complete 
| 787|0x00000000d1300000, 0x00000000d1400000, 0x00000000d1400000|100%| E|CS|TAMS 0x00000000d1300000| PB 0x00000000d1300000| Complete 
| 788|0x00000000d1400000, 0x00000000d1500000, 0x00000000d1500000|100%| E|CS|TAMS 0x00000000d1400000| PB 0x00000000d1400000| Complete 
| 789|0x00000000d1500000, 0x00000000d1600000, 0x00000000d1600000|100%| E|CS|TAMS 0x00000000d1500000| PB 0x00000000d1500000| Complete 
| 790|0x00000000d1600000, 0x00000000d1700000, 0x00000000d1700000|100%| E|CS|TAMS 0x00000000d1600000| PB 0x00000000d1600000| Complete 
| 791|0x00000000d1700000, 0x00000000d1800000, 0x00000000d1800000|100%| E|CS|TAMS 0x00000000d1700000| PB 0x00000000d1700000| Complete 
| 792|0x00000000d1800000, 0x00000000d1900000, 0x00000000d1900000|100%| E|CS|TAMS 0x00000000d1800000| PB 0x00000000d1800000| Complete 
| 793|0x00000000d1900000, 0x00000000d1a00000, 0x00000000d1a00000|100%| E|CS|TAMS 0x00000000d1900000| PB 0x00000000d1900000| Complete 
| 794|0x00000000d1a00000, 0x00000000d1b00000, 0x00000000d1b00000|100%| E|CS|TAMS 0x00000000d1a00000| PB 0x00000000d1a00000| Complete 
| 795|0x00000000d1b00000, 0x00000000d1c00000, 0x00000000d1c00000|100%| E|CS|TAMS 0x00000000d1b00000| PB 0x00000000d1b00000| Complete 
| 796|0x00000000d1c00000, 0x00000000d1d00000, 0x00000000d1d00000|100%| E|CS|TAMS 0x00000000d1c00000| PB 0x00000000d1c00000| Complete 
| 797|0x00000000d1d00000, 0x00000000d1e00000, 0x00000000d1e00000|100%| E|CS|TAMS 0x00000000d1d00000| PB 0x00000000d1d00000| Complete 
| 798|0x00000000d1e00000, 0x00000000d1f00000, 0x00000000d1f00000|100%| E|CS|TAMS 0x00000000d1e00000| PB 0x00000000d1e00000| Complete 
| 799|0x00000000d1f00000, 0x00000000d2000000, 0x00000000d2000000|100%| E|CS|TAMS 0x00000000d1f00000| PB 0x00000000d1f00000| Complete 
| 800|0x00000000d2000000, 0x00000000d2100000, 0x00000000d2100000|100%| E|CS|TAMS 0x00000000d2000000| PB 0x00000000d2000000| Complete 
| 801|0x00000000d2100000, 0x00000000d2200000, 0x00000000d2200000|100%| E|CS|TAMS 0x00000000d2100000| PB 0x00000000d2100000| Complete 
| 802|0x00000000d2200000, 0x00000000d2300000, 0x00000000d2300000|100%| E|CS|TAMS 0x00000000d2200000| PB 0x00000000d2200000| Complete 
| 803|0x00000000d2300000, 0x00000000d2400000, 0x00000000d2400000|100%| E|CS|TAMS 0x00000000d2300000| PB 0x00000000d2300000| Complete 
| 804|0x00000000d2400000, 0x00000000d2500000, 0x00000000d2500000|100%| E|CS|TAMS 0x00000000d2400000| PB 0x00000000d2400000| Complete 
| 805|0x00000000d2500000, 0x00000000d2600000, 0x00000000d2600000|100%| E|CS|TAMS 0x00000000d2500000| PB 0x00000000d2500000| Complete 
| 806|0x00000000d2600000, 0x00000000d2700000, 0x00000000d2700000|100%| E|CS|TAMS 0x00000000d2600000| PB 0x00000000d2600000| Complete 
| 807|0x00000000d2700000, 0x00000000d2800000, 0x00000000d2800000|100%| E|CS|TAMS 0x00000000d2700000| PB 0x00000000d2700000| Complete 
| 808|0x00000000d2800000, 0x00000000d2900000, 0x00000000d2900000|100%| E|CS|TAMS 0x00000000d2800000| PB 0x00000000d2800000| Complete 
| 809|0x00000000d2900000, 0x00000000d2a00000, 0x00000000d2a00000|100%| E|CS|TAMS 0x00000000d2900000| PB 0x00000000d2900000| Complete 
| 810|0x00000000d2a00000, 0x00000000d2b00000, 0x00000000d2b00000|100%| E|CS|TAMS 0x00000000d2a00000| PB 0x00000000d2a00000| Complete 
| 811|0x00000000d2b00000, 0x00000000d2c00000, 0x00000000d2c00000|100%| E|CS|TAMS 0x00000000d2b00000| PB 0x00000000d2b00000| Complete 
| 812|0x00000000d2c00000, 0x00000000d2d00000, 0x00000000d2d00000|100%| E|CS|TAMS 0x00000000d2c00000| PB 0x00000000d2c00000| Complete 
| 813|0x00000000d2d00000, 0x00000000d2e00000, 0x00000000d2e00000|100%| E|CS|TAMS 0x00000000d2d00000| PB 0x00000000d2d00000| Complete 
| 814|0x00000000d2e00000, 0x00000000d2f00000, 0x00000000d2f00000|100%| E|CS|TAMS 0x00000000d2e00000| PB 0x00000000d2e00000| Complete 
| 815|0x00000000d2f00000, 0x00000000d3000000, 0x00000000d3000000|100%| E|CS|TAMS 0x00000000d2f00000| PB 0x00000000d2f00000| Complete 
| 816|0x00000000d3000000, 0x00000000d3100000, 0x00000000d3100000|100%| E|CS|TAMS 0x00000000d3000000| PB 0x00000000d3000000| Complete 
| 817|0x00000000d3100000, 0x00000000d3200000, 0x00000000d3200000|100%| E|CS|TAMS 0x00000000d3100000| PB 0x00000000d3100000| Complete 
| 818|0x00000000d3200000, 0x00000000d3300000, 0x00000000d3300000|100%| E|CS|TAMS 0x00000000d3200000| PB 0x00000000d3200000| Complete 
| 819|0x00000000d3300000, 0x00000000d3400000, 0x00000000d3400000|100%| E|CS|TAMS 0x00000000d3300000| PB 0x00000000d3300000| Complete 
| 820|0x00000000d3400000, 0x00000000d3500000, 0x00000000d3500000|100%| E|CS|TAMS 0x00000000d3400000| PB 0x00000000d3400000| Complete 
| 821|0x00000000d3500000, 0x00000000d3600000, 0x00000000d3600000|100%| E|CS|TAMS 0x00000000d3500000| PB 0x00000000d3500000| Complete 
| 822|0x00000000d3600000, 0x00000000d3700000, 0x00000000d3700000|100%| E|CS|TAMS 0x00000000d3600000| PB 0x00000000d3600000| Complete 
| 823|0x00000000d3700000, 0x00000000d3800000, 0x00000000d3800000|100%| E|CS|TAMS 0x00000000d3700000| PB 0x00000000d3700000| Complete 
| 824|0x00000000d3800000, 0x00000000d3900000, 0x00000000d3900000|100%| E|CS|TAMS 0x00000000d3800000| PB 0x00000000d3800000| Complete 
| 825|0x00000000d3900000, 0x00000000d3a00000, 0x00000000d3a00000|100%| E|CS|TAMS 0x00000000d3900000| PB 0x00000000d3900000| Complete 
| 826|0x00000000d3a00000, 0x00000000d3b00000, 0x00000000d3b00000|100%| E|CS|TAMS 0x00000000d3a00000| PB 0x00000000d3a00000| Complete 
| 827|0x00000000d3b00000, 0x00000000d3c00000, 0x00000000d3c00000|100%| E|CS|TAMS 0x00000000d3b00000| PB 0x00000000d3b00000| Complete 
| 828|0x00000000d3c00000, 0x00000000d3d00000, 0x00000000d3d00000|100%| E|CS|TAMS 0x00000000d3c00000| PB 0x00000000d3c00000| Complete 
| 829|0x00000000d3d00000, 0x00000000d3e00000, 0x00000000d3e00000|100%| E|CS|TAMS 0x00000000d3d00000| PB 0x00000000d3d00000| Complete 
| 830|0x00000000d3e00000, 0x00000000d3f00000, 0x00000000d3f00000|100%| E|CS|TAMS 0x00000000d3e00000| PB 0x00000000d3e00000| Complete 
| 831|0x00000000d3f00000, 0x00000000d4000000, 0x00000000d4000000|100%| E|CS|TAMS 0x00000000d3f00000| PB 0x00000000d3f00000| Complete 
| 832|0x00000000d4000000, 0x00000000d4100000, 0x00000000d4100000|100%| E|CS|TAMS 0x00000000d4000000| PB 0x00000000d4000000| Complete 
| 833|0x00000000d4100000, 0x00000000d4200000, 0x00000000d4200000|100%| E|CS|TAMS 0x00000000d4100000| PB 0x00000000d4100000| Complete 
| 834|0x00000000d4200000, 0x00000000d4300000, 0x00000000d4300000|100%| E|CS|TAMS 0x00000000d4200000| PB 0x00000000d4200000| Complete 
| 835|0x00000000d4300000, 0x00000000d4400000, 0x00000000d4400000|100%| E|CS|TAMS 0x00000000d4300000| PB 0x00000000d4300000| Complete 
| 836|0x00000000d4400000, 0x00000000d4500000, 0x00000000d4500000|100%| E|CS|TAMS 0x00000000d4400000| PB 0x00000000d4400000| Complete 
| 837|0x00000000d4500000, 0x00000000d4600000, 0x00000000d4600000|100%| E|CS|TAMS 0x00000000d4500000| PB 0x00000000d4500000| Complete 
| 838|0x00000000d4600000, 0x00000000d4700000, 0x00000000d4700000|100%| E|CS|TAMS 0x00000000d4600000| PB 0x00000000d4600000| Complete 
| 839|0x00000000d4700000, 0x00000000d4800000, 0x00000000d4800000|100%| E|CS|TAMS 0x00000000d4700000| PB 0x00000000d4700000| Complete 
| 840|0x00000000d4800000, 0x00000000d4900000, 0x00000000d4900000|100%| E|CS|TAMS 0x00000000d4800000| PB 0x00000000d4800000| Complete 
| 841|0x00000000d4900000, 0x00000000d4a00000, 0x00000000d4a00000|100%| E|CS|TAMS 0x00000000d4900000| PB 0x00000000d4900000| Complete 
| 842|0x00000000d4a00000, 0x00000000d4b00000, 0x00000000d4b00000|100%| E|CS|TAMS 0x00000000d4a00000| PB 0x00000000d4a00000| Complete 
| 843|0x00000000d4b00000, 0x00000000d4c00000, 0x00000000d4c00000|100%| E|CS|TAMS 0x00000000d4b00000| PB 0x00000000d4b00000| Complete 
| 844|0x00000000d4c00000, 0x00000000d4d00000, 0x00000000d4d00000|100%| E|CS|TAMS 0x00000000d4c00000| PB 0x00000000d4c00000| Complete 
| 845|0x00000000d4d00000, 0x00000000d4e00000, 0x00000000d4e00000|100%| E|CS|TAMS 0x00000000d4d00000| PB 0x00000000d4d00000| Complete 
| 846|0x00000000d4e00000, 0x00000000d4f00000, 0x00000000d4f00000|100%| E|CS|TAMS 0x00000000d4e00000| PB 0x00000000d4e00000| Complete 
| 847|0x00000000d4f00000, 0x00000000d5000000, 0x00000000d5000000|100%| E|CS|TAMS 0x00000000d4f00000| PB 0x00000000d4f00000| Complete 
| 848|0x00000000d5000000, 0x00000000d5100000, 0x00000000d5100000|100%| E|CS|TAMS 0x00000000d5000000| PB 0x00000000d5000000| Complete 
| 849|0x00000000d5100000, 0x00000000d5200000, 0x00000000d5200000|100%| E|CS|TAMS 0x00000000d5100000| PB 0x00000000d5100000| Complete 
| 850|0x00000000d5200000, 0x00000000d5300000, 0x00000000d5300000|100%| E|CS|TAMS 0x00000000d5200000| PB 0x00000000d5200000| Complete 
| 851|0x00000000d5300000, 0x00000000d5400000, 0x00000000d5400000|100%| E|CS|TAMS 0x00000000d5300000| PB 0x00000000d5300000| Complete 
| 852|0x00000000d5400000, 0x00000000d5500000, 0x00000000d5500000|100%| E|CS|TAMS 0x00000000d5400000| PB 0x00000000d5400000| Complete 
| 853|0x00000000d5500000, 0x00000000d5600000, 0x00000000d5600000|100%| E|CS|TAMS 0x00000000d5500000| PB 0x00000000d5500000| Complete 
| 854|0x00000000d5600000, 0x00000000d5700000, 0x00000000d5700000|100%| E|CS|TAMS 0x00000000d5600000| PB 0x00000000d5600000| Complete 
| 855|0x00000000d5700000, 0x00000000d5800000, 0x00000000d5800000|100%| E|CS|TAMS 0x00000000d5700000| PB 0x00000000d5700000| Complete 
| 856|0x00000000d5800000, 0x00000000d5900000, 0x00000000d5900000|100%| E|CS|TAMS 0x00000000d5800000| PB 0x00000000d5800000| Complete 
| 857|0x00000000d5900000, 0x00000000d5a00000, 0x00000000d5a00000|100%| E|CS|TAMS 0x00000000d5900000| PB 0x00000000d5900000| Complete 
| 858|0x00000000d5a00000, 0x00000000d5b00000, 0x00000000d5b00000|100%| E|CS|TAMS 0x00000000d5a00000| PB 0x00000000d5a00000| Complete 
| 859|0x00000000d5b00000, 0x00000000d5c00000, 0x00000000d5c00000|100%| E|CS|TAMS 0x00000000d5b00000| PB 0x00000000d5b00000| Complete 
| 860|0x00000000d5c00000, 0x00000000d5d00000, 0x00000000d5d00000|100%| E|CS|TAMS 0x00000000d5c00000| PB 0x00000000d5c00000| Complete 
| 861|0x00000000d5d00000, 0x00000000d5e00000, 0x00000000d5e00000|100%| E|CS|TAMS 0x00000000d5d00000| PB 0x00000000d5d00000| Complete 
| 862|0x00000000d5e00000, 0x00000000d5f00000, 0x00000000d5f00000|100%| E|CS|TAMS 0x00000000d5e00000| PB 0x00000000d5e00000| Complete 
| 863|0x00000000d5f00000, 0x00000000d6000000, 0x00000000d6000000|100%| E|CS|TAMS 0x00000000d5f00000| PB 0x00000000d5f00000| Complete 
| 864|0x00000000d6000000, 0x00000000d6100000, 0x00000000d6100000|100%| E|CS|TAMS 0x00000000d6000000| PB 0x00000000d6000000| Complete 
| 865|0x00000000d6100000, 0x00000000d6200000, 0x00000000d6200000|100%| E|CS|TAMS 0x00000000d6100000| PB 0x00000000d6100000| Complete 
| 866|0x00000000d6200000, 0x00000000d6300000, 0x00000000d6300000|100%| E|CS|TAMS 0x00000000d6200000| PB 0x00000000d6200000| Complete 
| 867|0x00000000d6300000, 0x00000000d6400000, 0x00000000d6400000|100%| E|CS|TAMS 0x00000000d6300000| PB 0x00000000d6300000| Complete 
| 868|0x00000000d6400000, 0x00000000d6500000, 0x00000000d6500000|100%| E|CS|TAMS 0x00000000d6400000| PB 0x00000000d6400000| Complete 
| 869|0x00000000d6500000, 0x00000000d6600000, 0x00000000d6600000|100%| E|CS|TAMS 0x00000000d6500000| PB 0x00000000d6500000| Complete 
| 870|0x00000000d6600000, 0x00000000d6700000, 0x00000000d6700000|100%| E|CS|TAMS 0x00000000d6600000| PB 0x00000000d6600000| Complete 
| 871|0x00000000d6700000, 0x00000000d6800000, 0x00000000d6800000|100%| E|CS|TAMS 0x00000000d6700000| PB 0x00000000d6700000| Complete 
| 872|0x00000000d6800000, 0x00000000d6900000, 0x00000000d6900000|100%| E|CS|TAMS 0x00000000d6800000| PB 0x00000000d6800000| Complete 
| 873|0x00000000d6900000, 0x00000000d6a00000, 0x00000000d6a00000|100%| E|CS|TAMS 0x00000000d6900000| PB 0x00000000d6900000| Complete 
| 874|0x00000000d6a00000, 0x00000000d6b00000, 0x00000000d6b00000|100%| E|CS|TAMS 0x00000000d6a00000| PB 0x00000000d6a00000| Complete 
| 875|0x00000000d6b00000, 0x00000000d6c00000, 0x00000000d6c00000|100%| E|CS|TAMS 0x00000000d6b00000| PB 0x00000000d6b00000| Complete 
| 876|0x00000000d6c00000, 0x00000000d6d00000, 0x00000000d6d00000|100%| E|CS|TAMS 0x00000000d6c00000| PB 0x00000000d6c00000| Complete 
| 877|0x00000000d6d00000, 0x00000000d6e00000, 0x00000000d6e00000|100%| E|CS|TAMS 0x00000000d6d00000| PB 0x00000000d6d00000| Complete 
| 878|0x00000000d6e00000, 0x00000000d6f00000, 0x00000000d6f00000|100%| E|CS|TAMS 0x00000000d6e00000| PB 0x00000000d6e00000| Complete 
| 879|0x00000000d6f00000, 0x00000000d7000000, 0x00000000d7000000|100%| E|CS|TAMS 0x00000000d6f00000| PB 0x00000000d6f00000| Complete 
| 880|0x00000000d7000000, 0x00000000d7100000, 0x00000000d7100000|100%| E|CS|TAMS 0x00000000d7000000| PB 0x00000000d7000000| Complete 
| 881|0x00000000d7100000, 0x00000000d7200000, 0x00000000d7200000|100%| E|CS|TAMS 0x00000000d7100000| PB 0x00000000d7100000| Complete 
| 882|0x00000000d7200000, 0x00000000d7300000, 0x00000000d7300000|100%| E|CS|TAMS 0x00000000d7200000| PB 0x00000000d7200000| Complete 
| 883|0x00000000d7300000, 0x00000000d7400000, 0x00000000d7400000|100%| E|CS|TAMS 0x00000000d7300000| PB 0x00000000d7300000| Complete 
| 884|0x00000000d7400000, 0x00000000d7500000, 0x00000000d7500000|100%| E|CS|TAMS 0x00000000d7400000| PB 0x00000000d7400000| Complete 
| 885|0x00000000d7500000, 0x00000000d7600000, 0x00000000d7600000|100%| E|CS|TAMS 0x00000000d7500000| PB 0x00000000d7500000| Complete 
| 886|0x00000000d7600000, 0x00000000d7700000, 0x00000000d7700000|100%| E|CS|TAMS 0x00000000d7600000| PB 0x00000000d7600000| Complete 
| 887|0x00000000d7700000, 0x00000000d7800000, 0x00000000d7800000|100%| E|CS|TAMS 0x00000000d7700000| PB 0x00000000d7700000| Complete 
| 888|0x00000000d7800000, 0x00000000d7900000, 0x00000000d7900000|100%| E|CS|TAMS 0x00000000d7800000| PB 0x00000000d7800000| Complete 
| 889|0x00000000d7900000, 0x00000000d7a00000, 0x00000000d7a00000|100%| E|CS|TAMS 0x00000000d7900000| PB 0x00000000d7900000| Complete 
| 890|0x00000000d7a00000, 0x00000000d7b00000, 0x00000000d7b00000|100%| E|CS|TAMS 0x00000000d7a00000| PB 0x00000000d7a00000| Complete 
| 891|0x00000000d7b00000, 0x00000000d7c00000, 0x00000000d7c00000|100%| E|CS|TAMS 0x00000000d7b00000| PB 0x00000000d7b00000| Complete 
| 892|0x00000000d7c00000, 0x00000000d7d00000, 0x00000000d7d00000|100%| E|CS|TAMS 0x00000000d7c00000| PB 0x00000000d7c00000| Complete 
| 893|0x00000000d7d00000, 0x00000000d7e00000, 0x00000000d7e00000|100%| E|CS|TAMS 0x00000000d7d00000| PB 0x00000000d7d00000| Complete 
| 894|0x00000000d7e00000, 0x00000000d7f00000, 0x00000000d7f00000|100%| E|CS|TAMS 0x00000000d7e00000| PB 0x00000000d7e00000| Complete 
| 895|0x00000000d7f00000, 0x00000000d8000000, 0x00000000d8000000|100%| E|CS|TAMS 0x00000000d7f00000| PB 0x00000000d7f00000| Complete 
| 896|0x00000000d8000000, 0x00000000d8100000, 0x00000000d8100000|100%| E|CS|TAMS 0x00000000d8000000| PB 0x00000000d8000000| Complete 
| 897|0x00000000d8100000, 0x00000000d8200000, 0x00000000d8200000|100%| E|CS|TAMS 0x00000000d8100000| PB 0x00000000d8100000| Complete 
| 898|0x00000000d8200000, 0x00000000d8300000, 0x00000000d8300000|100%| E|CS|TAMS 0x00000000d8200000| PB 0x00000000d8200000| Complete 
| 899|0x00000000d8300000, 0x00000000d8400000, 0x00000000d8400000|100%| E|CS|TAMS 0x00000000d8300000| PB 0x00000000d8300000| Complete 
| 900|0x00000000d8400000, 0x00000000d8500000, 0x00000000d8500000|100%| E|CS|TAMS 0x00000000d8400000| PB 0x00000000d8400000| Complete 
| 901|0x00000000d8500000, 0x00000000d8600000, 0x00000000d8600000|100%| E|CS|TAMS 0x00000000d8500000| PB 0x00000000d8500000| Complete 
| 902|0x00000000d8600000, 0x00000000d8700000, 0x00000000d8700000|100%| E|CS|TAMS 0x00000000d8600000| PB 0x00000000d8600000| Complete 
| 903|0x00000000d8700000, 0x00000000d8800000, 0x00000000d8800000|100%| E|CS|TAMS 0x00000000d8700000| PB 0x00000000d8700000| Complete 
| 904|0x00000000d8800000, 0x00000000d8900000, 0x00000000d8900000|100%| E|CS|TAMS 0x00000000d8800000| PB 0x00000000d8800000| Complete 
| 905|0x00000000d8900000, 0x00000000d8a00000, 0x00000000d8a00000|100%| E|CS|TAMS 0x00000000d8900000| PB 0x00000000d8900000| Complete 
| 906|0x00000000d8a00000, 0x00000000d8b00000, 0x00000000d8b00000|100%| E|CS|TAMS 0x00000000d8a00000| PB 0x00000000d8a00000| Complete 
| 907|0x00000000d8b00000, 0x00000000d8c00000, 0x00000000d8c00000|100%| E|CS|TAMS 0x00000000d8b00000| PB 0x00000000d8b00000| Complete 
| 908|0x00000000d8c00000, 0x00000000d8d00000, 0x00000000d8d00000|100%| E|CS|TAMS 0x00000000d8c00000| PB 0x00000000d8c00000| Complete 
| 909|0x00000000d8d00000, 0x00000000d8e00000, 0x00000000d8e00000|100%| E|CS|TAMS 0x00000000d8d00000| PB 0x00000000d8d00000| Complete 
| 910|0x00000000d8e00000, 0x00000000d8f00000, 0x00000000d8f00000|100%| E|CS|TAMS 0x00000000d8e00000| PB 0x00000000d8e00000| Complete 
| 911|0x00000000d8f00000, 0x00000000d9000000, 0x00000000d9000000|100%| E|CS|TAMS 0x00000000d8f00000| PB 0x00000000d8f00000| Complete 
| 912|0x00000000d9000000, 0x00000000d9100000, 0x00000000d9100000|100%| E|CS|TAMS 0x00000000d9000000| PB 0x00000000d9000000| Complete 
| 913|0x00000000d9100000, 0x00000000d9200000, 0x00000000d9200000|100%| E|CS|TAMS 0x00000000d9100000| PB 0x00000000d9100000| Complete 
| 914|0x00000000d9200000, 0x00000000d9300000, 0x00000000d9300000|100%| E|CS|TAMS 0x00000000d9200000| PB 0x00000000d9200000| Complete 
| 915|0x00000000d9300000, 0x00000000d9400000, 0x00000000d9400000|100%| E|CS|TAMS 0x00000000d9300000| PB 0x00000000d9300000| Complete 
| 916|0x00000000d9400000, 0x00000000d9500000, 0x00000000d9500000|100%| E|CS|TAMS 0x00000000d9400000| PB 0x00000000d9400000| Complete 
| 917|0x00000000d9500000, 0x00000000d9600000, 0x00000000d9600000|100%| E|CS|TAMS 0x00000000d9500000| PB 0x00000000d9500000| Complete 
| 918|0x00000000d9600000, 0x00000000d9700000, 0x00000000d9700000|100%| E|CS|TAMS 0x00000000d9600000| PB 0x00000000d9600000| Complete 
| 919|0x00000000d9700000, 0x00000000d97b4a20, 0x00000000d9800000| 70%| S|CS|TAMS 0x00000000d9700000| PB 0x00000000d9700000| Complete 
| 920|0x00000000d9800000, 0x00000000d9900000, 0x00000000d9900000|100%| S|CS|TAMS 0x00000000d9800000| PB 0x00000000d9800000| Complete 
| 921|0x00000000d9900000, 0x00000000d9a00000, 0x00000000d9a00000|100%| S|CS|TAMS 0x00000000d9900000| PB 0x00000000d9900000| Complete 
| 922|0x00000000d9a00000, 0x00000000d9b00000, 0x00000000d9b00000|100%| E|CS|TAMS 0x00000000d9a00000| PB 0x00000000d9a00000| Complete 
| 923|0x00000000d9b00000, 0x00000000d9c00000, 0x00000000d9c00000|100%| E|CS|TAMS 0x00000000d9b00000| PB 0x00000000d9b00000| Complete 
| 924|0x00000000d9c00000, 0x00000000d9d00000, 0x00000000d9d00000|100%| E|CS|TAMS 0x00000000d9c00000| PB 0x00000000d9c00000| Complete 
| 925|0x00000000d9d00000, 0x00000000d9e00000, 0x00000000d9e00000|100%| E|CS|TAMS 0x00000000d9d00000| PB 0x00000000d9d00000| Complete 
| 926|0x00000000d9e00000, 0x00000000d9f00000, 0x00000000d9f00000|100%| E|CS|TAMS 0x00000000d9e00000| PB 0x00000000d9e00000| Complete 
| 927|0x00000000d9f00000, 0x00000000da000000, 0x00000000da000000|100%| E|CS|TAMS 0x00000000d9f00000| PB 0x00000000d9f00000| Complete 
| 928|0x00000000da000000, 0x00000000da100000, 0x00000000da100000|100%| E|CS|TAMS 0x00000000da000000| PB 0x00000000da000000| Complete 
| 929|0x00000000da100000, 0x00000000da200000, 0x00000000da200000|100%| E|CS|TAMS 0x00000000da100000| PB 0x00000000da100000| Complete 
| 930|0x00000000da200000, 0x00000000da300000, 0x00000000da300000|100%| E|CS|TAMS 0x00000000da200000| PB 0x00000000da200000| Complete 
| 931|0x00000000da300000, 0x00000000da400000, 0x00000000da400000|100%| E|CS|TAMS 0x00000000da300000| PB 0x00000000da300000| Complete 
| 932|0x00000000da400000, 0x00000000da500000, 0x00000000da500000|100%| E|CS|TAMS 0x00000000da400000| PB 0x00000000da400000| Complete 
| 933|0x00000000da500000, 0x00000000da600000, 0x00000000da600000|100%| E|CS|TAMS 0x00000000da500000| PB 0x00000000da500000| Complete 
| 934|0x00000000da600000, 0x00000000da700000, 0x00000000da700000|100%| E|CS|TAMS 0x00000000da600000| PB 0x00000000da600000| Complete 
| 935|0x00000000da700000, 0x00000000da800000, 0x00000000da800000|100%| E|CS|TAMS 0x00000000da700000| PB 0x00000000da700000| Complete 
| 936|0x00000000da800000, 0x00000000da900000, 0x00000000da900000|100%| E|CS|TAMS 0x00000000da800000| PB 0x00000000da800000| Complete 
| 937|0x00000000da900000, 0x00000000daa00000, 0x00000000daa00000|100%| E|CS|TAMS 0x00000000da900000| PB 0x00000000da900000| Complete 
| 938|0x00000000daa00000, 0x00000000dab00000, 0x00000000dab00000|100%| E|CS|TAMS 0x00000000daa00000| PB 0x00000000daa00000| Complete 
| 939|0x00000000dab00000, 0x00000000dac00000, 0x00000000dac00000|100%| E|CS|TAMS 0x00000000dab00000| PB 0x00000000dab00000| Complete 
| 940|0x00000000dac00000, 0x00000000dad00000, 0x00000000dad00000|100%| E|CS|TAMS 0x00000000dac00000| PB 0x00000000dac00000| Complete 
| 941|0x00000000dad00000, 0x00000000dae00000, 0x00000000dae00000|100%| E|CS|TAMS 0x00000000dad00000| PB 0x00000000dad00000| Complete 
| 942|0x00000000dae00000, 0x00000000daf00000, 0x00000000daf00000|100%| E|CS|TAMS 0x00000000dae00000| PB 0x00000000dae00000| Complete 
| 943|0x00000000daf00000, 0x00000000db000000, 0x00000000db000000|100%| E|CS|TAMS 0x00000000daf00000| PB 0x00000000daf00000| Complete 
| 951|0x00000000db700000, 0x00000000db800000, 0x00000000db800000|100%| E|CS|TAMS 0x00000000db700000| PB 0x00000000db700000| Complete 
| 952|0x00000000db800000, 0x00000000db900000, 0x00000000db900000|100%| E|CS|TAMS 0x00000000db800000| PB 0x00000000db800000| Complete 
| 953|0x00000000db900000, 0x00000000dba00000, 0x00000000dba00000|100%| E|CS|TAMS 0x00000000db900000| PB 0x00000000db900000| Complete 
| 954|0x00000000dba00000, 0x00000000dbb00000, 0x00000000dbb00000|100%| E|CS|TAMS 0x00000000dba00000| PB 0x00000000dba00000| Complete 
| 955|0x00000000dbb00000, 0x00000000dbc00000, 0x00000000dbc00000|100%| E|CS|TAMS 0x00000000dbb00000| PB 0x00000000dbb00000| Complete 
| 988|0x00000000ddc00000, 0x00000000ddd00000, 0x00000000ddd00000|100%| E|CS|TAMS 0x00000000ddc00000| PB 0x00000000ddc00000| Complete 
| 989|0x00000000ddd00000, 0x00000000dde00000, 0x00000000dde00000|100%| E|CS|TAMS 0x00000000ddd00000| PB 0x00000000ddd00000| Complete 
|1512|0x00000000fe800000, 0x00000000fe900000, 0x00000000fe900000|100%| E|CS|TAMS 0x00000000fe800000| PB 0x00000000fe800000| Complete 
|1513|0x00000000fe900000, 0x00000000fea00000, 0x00000000fea00000|100%| E|CS|TAMS 0x00000000fe900000| PB 0x00000000fe900000| Complete 
|1514|0x00000000fea00000, 0x00000000feb00000, 0x00000000feb00000|100%| E|CS|TAMS 0x00000000fea00000| PB 0x00000000fea00000| Complete 
|1515|0x00000000feb00000, 0x00000000fec00000, 0x00000000fec00000|100%| E|CS|TAMS 0x00000000feb00000| PB 0x00000000feb00000| Complete 
|1516|0x00000000fec00000, 0x00000000fed00000, 0x00000000fed00000|100%| E|CS|TAMS 0x00000000fec00000| PB 0x00000000fec00000| Complete 
|1517|0x00000000fed00000, 0x00000000fee00000, 0x00000000fee00000|100%| E|CS|TAMS 0x00000000fed00000| PB 0x00000000fed00000| Complete 
|1518|0x00000000fee00000, 0x00000000fef00000, 0x00000000fef00000|100%| E|CS|TAMS 0x00000000fee00000| PB 0x00000000fee00000| Complete 
|1519|0x00000000fef00000, 0x00000000ff000000, 0x00000000ff000000|100%| E|CS|TAMS 0x00000000fef00000| PB 0x00000000fef00000| Complete 
|1520|0x00000000ff000000, 0x00000000ff100000, 0x00000000ff100000|100%| E|CS|TAMS 0x00000000ff000000| PB 0x00000000ff000000| Complete 
|1521|0x00000000ff100000, 0x00000000ff200000, 0x00000000ff200000|100%| E|CS|TAMS 0x00000000ff100000| PB 0x00000000ff100000| Complete 
|1522|0x00000000ff200000, 0x00000000ff300000, 0x00000000ff300000|100%| E|CS|TAMS 0x00000000ff200000| PB 0x00000000ff200000| Complete 
|1523|0x00000000ff300000, 0x00000000ff400000, 0x00000000ff400000|100%| E|CS|TAMS 0x00000000ff300000| PB 0x00000000ff300000| Complete 
|1524|0x00000000ff400000, 0x00000000ff500000, 0x00000000ff500000|100%| E|CS|TAMS 0x00000000ff400000| PB 0x00000000ff400000| Complete 
|1525|0x00000000ff500000, 0x00000000ff600000, 0x00000000ff600000|100%| E|CS|TAMS 0x00000000ff500000| PB 0x00000000ff500000| Complete 
|1526|0x00000000ff600000, 0x00000000ff700000, 0x00000000ff700000|100%| E|CS|TAMS 0x00000000ff600000| PB 0x00000000ff600000| Complete 
|1527|0x00000000ff700000, 0x00000000ff800000, 0x00000000ff800000|100%| O|  |TAMS 0x00000000ff700000| PB 0x00000000ff700000| Untracked 
|1528|0x00000000ff800000, 0x00000000ff900000, 0x00000000ff900000|100%| O|  |TAMS 0x00000000ff800000| PB 0x00000000ff800000| Untracked 
|1529|0x00000000ff900000, 0x00000000ffa00000, 0x00000000ffa00000|100%| E|CS|TAMS 0x00000000ff900000| PB 0x00000000ff900000| Complete 
|1530|0x00000000ffa00000, 0x00000000ffb00000, 0x00000000ffb00000|100%| O|  |TAMS 0x00000000ffa00000| PB 0x00000000ffa00000| Untracked 
|1531|0x00000000ffb00000, 0x00000000ffc00000, 0x00000000ffc00000|100%| O|  |TAMS 0x00000000ffb00000| PB 0x00000000ffb00000| Untracked 
|1532|0x00000000ffc00000, 0x00000000ffd00000, 0x00000000ffd00000|100%| E|CS|TAMS 0x00000000ffc00000| PB 0x00000000ffc00000| Complete 
|1533|0x00000000ffd00000, 0x00000000ffe00000, 0x00000000ffe00000|100%| E|CS|TAMS 0x00000000ffd00000| PB 0x00000000ffd00000| Complete 
|1534|0x00000000ffe00000, 0x00000000fff00000, 0x00000000fff00000|100%| E|CS|TAMS 0x00000000ffe00000| PB 0x00000000ffe00000| Complete 
|1535|0x00000000fff00000, 0x0000000100000000, 0x0000000100000000|100%| O|  |TAMS 0x00000000fff00000| PB 0x00000000fff00000| Untracked 

Card table byte_map: [0x000001a4fd390000,0x000001a4fd690000] _byte_map_base: 0x000001a4fce90000

Marking Bits: (CMBitMap*) 0x000001a4eaf71880
 Bits: [0x000001a4fd690000, 0x000001a4fee90000)

Polling page: 0x000001a4e8db0000

Metaspace:

Usage:
  Non-class:    254.28 MB used.
      Class:     39.62 MB used.
       Both:    293.91 MB used.

Virtual space:
  Non-class space:      320.00 MB reserved,     255.62 MB ( 80%) committed,  5 nodes.
      Class space:        1.00 GB reserved,      40.88 MB (  4%) committed,  1 nodes.
             Both:        1.31 GB reserved,     296.50 MB ( 22%) committed. 

Chunk freelists:
   Non-Class:  15.69 MB
       Class:  6.95 MB
        Both:  22.64 MB

MaxMetaspaceSize: unlimited
CompressedClassSpaceSize: 1.00 GB
Initial GC threshold: 21.00 MB
Current GC threshold: 494.00 MB
CDS: off
 - commit_granule_bytes: 65536.
 - commit_granule_words: 8192.
 - virtual_space_node_default_size: 8388608.
 - enlarge_chunks_in_place: 1.
 - use_allocation_guard: 0.


Internal statistics:

num_allocs_failed_limit: 6.
num_arena_births: 12808.
num_arena_deaths: 7474.
num_vsnodes_births: 6.
num_vsnodes_deaths: 0.
num_space_committed: 5656.
num_space_uncommitted: 365.
num_chunks_returned_to_freelist: 13020.
num_chunks_taken_from_freelist: 34072.
num_chunk_merges: 4398.
num_chunk_splits: 19436.
num_chunks_enlarged: 12328.
num_inconsistent_stats: 0.

CodeHeap 'non-profiled nmethods': size=120000Kb used=31169Kb max_used=31463Kb free=88830Kb
 bounds [0x000001a4f5b60000, 0x000001a4f7c30000, 0x000001a4fd090000]
CodeHeap 'profiled nmethods': size=120000Kb used=48511Kb max_used=55487Kb free=71488Kb
 bounds [0x000001a4ee090000, 0x000001a4f1700000, 0x000001a4f55c0000]
CodeHeap 'non-nmethods': size=5760Kb used=2339Kb max_used=2439Kb free=3420Kb
 bounds [0x000001a4f55c0000, 0x000001a4f5840000, 0x000001a4f5b60000]
CodeCache: size=245760Kb, used=82019Kb, max_used=89389Kb, free=163738Kb
 total_blobs=24375, nmethods=23218, adapters=1058, full_count=0
Compilation: enabled, stopped_count=0, restarted_count=0

Compilation events (20 events):
Event: 13276.575 Thread 0x000001a4ff547ed0 nmethod 67636 0x000001a4f628dc10 code [0x000001a4f628dda0, 0x000001a4f628df88]
Event: 13276.592 Thread 0x000001a4ff547ed0 67638       4       com.android.tools.r8.internal.gx::a (37 bytes)
Event: 13276.593 Thread 0x000001a4ff547ed0 nmethod 67638 0x000001a4f62c6a90 code [0x000001a4f62c6c20, 0x000001a4f62c6ca8]
Event: 13276.595 Thread 0x000001a4ff547ed0 67639       4       com.android.tools.r8.graph.i2::n0 (86 bytes)
Event: 13276.623 Thread 0x000001a4ff547ed0 nmethod 67639 0x000001a4f6127290 code [0x000001a4f61274a0, 0x000001a4f61280e0]
Event: 13276.623 Thread 0x000001a4ff547ed0 67642       4       com.android.tools.r8.internal.zm2::a (531 bytes)
Event: 13276.840 Thread 0x000001a4ff547ed0 nmethod 67642 0x000001a4f679df10 code [0x000001a4f679e400, 0x000001a4f67a0988]
Event: 13276.841 Thread 0x000001a4ff547ed0 67652       4       com.android.tools.r8.internal.ar4::a (622 bytes)
Event: 13277.467 Thread 0x000001a4ff547ed0 nmethod 67652 0x000001a4f7c19d10 code [0x000001a4f7c1a740, 0x000001a4f7c22408]
Event: 13277.468 Thread 0x000001a4ff547ed0 67684 % !   4       com.android.tools.r8.internal.d91::a @ 986 (4378 bytes)
Event: 13278.016 Thread 0x000001a4ff548970 67697       2       com.android.tools.r8.internal.xl4::e (4 bytes)
Event: 13278.016 Thread 0x000001a4ff548970 nmethod 67697 0x000001a4ef66ff90 code [0x000001a4ef670120, 0x000001a4ef670210]
Event: 13278.789 Thread 0x000001a4ff548970 67706       2       com.android.tools.r8.internal.iq4::c (11 bytes)
Event: 13278.790 Thread 0x000001a4ff548970 nmethod 67706 0x000001a4f0da2210 code [0x000001a4f0da23c0, 0x000001a4f0da2548]
Event: 13278.812 Thread 0x000001a4ff548970 67708       2       com.android.tools.r8.internal.ca2::b (503 bytes)
Event: 13278.819 Thread 0x000001a4ff548970 nmethod 67708 0x000001a4f017e990 code [0x000001a4f017ee40, 0x000001a4f0180228]
Event: 13278.836 Thread 0x000001a4ff548970 67712       3       com.android.tools.r8.internal.x8::P0 (5 bytes)
Event: 13278.837 Thread 0x000001a4ff548970 nmethod 67712 0x000001a4f0fb0b90 code [0x000001a4f0fb0d60, 0x000001a4f0fb12a8]
Event: 13278.842 Thread 0x000001a4ff548970 67714       2       com.android.tools.r8.internal.pz2::a (25 bytes)
Event: 13278.842 Thread 0x000001a4ff548970 nmethod 67714 0x000001a4f0fb0790 code [0x000001a4f0fb0940, 0x000001a4f0fb0aa0]

GC Heap History (20 events):
Event: 13211.690 GC heap before
{Heap before GC invocations=250 (full 0):
 garbage-first heap   total 998400K, used 872708K [0x00000000a0000000, 0x0000000100000000)
  region size 1024K, 531 young (543744K), 8 survivors (8192K)
 Metaspace       used 300750K, committed 303360K, reserved 1376256K
  class space    used 40567K, committed 41856K, reserved 1048576K
}
Event: 13211.845 GC heap after
{Heap after GC invocations=251 (full 0):
 garbage-first heap   total 998400K, used 336029K [0x00000000a0000000, 0x0000000100000000)
  region size 1024K, 11 young (11264K), 11 survivors (11264K)
 Metaspace       used 300750K, committed 303360K, reserved 1376256K
  class space    used 40567K, committed 41856K, reserved 1048576K
}
Event: 13216.087 GC heap before
{Heap before GC invocations=251 (full 0):
 garbage-first heap   total 998400K, used 778397K [0x00000000a0000000, 0x0000000100000000)
  region size 1024K, 444 young (454656K), 11 survivors (11264K)
 Metaspace       used 300813K, committed 303424K, reserved 1376256K
  class space    used 40568K, committed 41856K, reserved 1048576K
}
Event: 13216.142 GC heap after
{Heap after GC invocations=252 (full 0):
 garbage-first heap   total 998400K, used 351389K [0x00000000a0000000, 0x0000000100000000)
  region size 1024K, 26 young (26624K), 26 survivors (26624K)
 Metaspace       used 300813K, committed 303424K, reserved 1376256K
  class space    used 40568K, committed 41856K, reserved 1048576K
}
Event: 13233.453 GC heap before
{Heap before GC invocations=253 (full 0):
 garbage-first heap   total 998400K, used 924829K [0x00000000a0000000, 0x0000000100000000)
  region size 1024K, 585 young (599040K), 26 survivors (26624K)
 Metaspace       used 300887K, committed 303488K, reserved 1376256K
  class space    used 40570K, committed 41856K, reserved 1048576K
}
Event: 13233.954 GC heap after
{Heap after GC invocations=254 (full 0):
 garbage-first heap   total 998400K, used 381625K [0x00000000a0000000, 0x0000000100000000)
  region size 1024K, 56 young (57344K), 56 survivors (57344K)
 Metaspace       used 300887K, committed 303488K, reserved 1376256K
  class space    used 40570K, committed 41856K, reserved 1048576K
}
Event: 13233.960 GC heap before
{Heap before GC invocations=254 (full 0):
 garbage-first heap   total 998400K, used 382649K [0x00000000a0000000, 0x0000000100000000)
  region size 1024K, 57 young (58368K), 56 survivors (57344K)
 Metaspace       used 300887K, committed 303488K, reserved 1376256K
  class space    used 40570K, committed 41856K, reserved 1048576K
}
Event: 13234.126 GC heap after
{Heap after GC invocations=255 (full 0):
 garbage-first heap   total 998400K, used 380928K [0x00000000a0000000, 0x0000000100000000)
  region size 1024K, 2 young (2048K), 2 survivors (2048K)
 Metaspace       used 300887K, committed 303488K, reserved 1376256K
  class space    used 40570K, committed 41856K, reserved 1048576K
}
Event: 13253.201 GC heap before
{Heap before GC invocations=255 (full 0):
 garbage-first heap   total 998400K, used 924672K [0x00000000a0000000, 0x0000000100000000)
  region size 1024K, 534 young (546816K), 2 survivors (2048K)
 Metaspace       used 300924K, committed 303552K, reserved 1376256K
  class space    used 40573K, committed 41856K, reserved 1048576K
}
Event: 13253.355 GC heap after
{Heap after GC invocations=256 (full 0):
 garbage-first heap   total 998400K, used 382464K [0x00000000a0000000, 0x0000000100000000)
  region size 1024K, 4 young (4096K), 4 survivors (4096K)
 Metaspace       used 300924K, committed 303552K, reserved 1376256K
  class space    used 40573K, committed 41856K, reserved 1048576K
}
Event: 13261.924 GC heap before
{Heap before GC invocations=256 (full 0):
 garbage-first heap   total 998400K, used 619008K [0x00000000a0000000, 0x0000000100000000)
  region size 1024K, 235 young (240640K), 4 survivors (4096K)
 Metaspace       used 300940K, committed 303552K, reserved 1376256K
  class space    used 40573K, committed 41856K, reserved 1048576K
}
Event: 13262.066 GC heap after
{Heap after GC invocations=257 (full 0):
 garbage-first heap   total 998400K, used 381952K [0x00000000a0000000, 0x0000000100000000)
  region size 1024K, 4 young (4096K), 4 survivors (4096K)
 Metaspace       used 300940K, committed 303552K, reserved 1376256K
  class space    used 40573K, committed 41856K, reserved 1048576K
}
Event: 13267.796 GC heap before
{Heap before GC invocations=257 (full 0):
 garbage-first heap   total 998400K, used 618496K [0x00000000a0000000, 0x0000000100000000)
  region size 1024K, 235 young (240640K), 4 survivors (4096K)
 Metaspace       used 300943K, committed 303552K, reserved 1376256K
  class space    used 40573K, committed 41856K, reserved 1048576K
}
Event: 13267.895 GC heap after
{Heap after GC invocations=258 (full 0):
 garbage-first heap   total 998400K, used 381018K [0x00000000a0000000, 0x0000000100000000)
  region size 1024K, 5 young (5120K), 5 survivors (5120K)
 Metaspace       used 300943K, committed 303552K, reserved 1376256K
  class space    used 40573K, committed 41856K, reserved 1048576K
}
Event: 13271.349 GC heap before
{Heap before GC invocations=258 (full 0):
 garbage-first heap   total 998400K, used 650330K [0x00000000a0000000, 0x0000000100000000)
  region size 1024K, 268 young (274432K), 5 survivors (5120K)
 Metaspace       used 300953K, committed 303552K, reserved 1376256K
  class space    used 40573K, committed 41856K, reserved 1048576K
}
Event: 13272.130 GC heap after
{Heap after GC invocations=259 (full 0):
 garbage-first heap   total 998400K, used 380203K [0x00000000a0000000, 0x0000000100000000)
  region size 1024K, 6 young (6144K), 6 survivors (6144K)
 Metaspace       used 300953K, committed 303552K, reserved 1376256K
  class space    used 40573K, committed 41856K, reserved 1048576K
}
Event: 13273.261 GC heap before
{Heap before GC invocations=259 (full 0):
 garbage-first heap   total 998400K, used 423211K [0x00000000a0000000, 0x0000000100000000)
  region size 1024K, 48 young (49152K), 6 survivors (6144K)
 Metaspace       used 300956K, committed 303552K, reserved 1376256K
  class space    used 40573K, committed 41856K, reserved 1048576K
}
Event: 13273.355 GC heap after
{Heap after GC invocations=260 (full 0):
 garbage-first heap   total 998400K, used 379938K [0x00000000a0000000, 0x0000000100000000)
  region size 1024K, 4 young (4096K), 4 survivors (4096K)
 Metaspace       used 300956K, committed 303552K, reserved 1376256K
  class space    used 40573K, committed 41856K, reserved 1048576K
}
Event: 13274.597 GC heap before
{Heap before GC invocations=260 (full 0):
 garbage-first heap   total 998400K, used 424994K [0x00000000a0000000, 0x0000000100000000)
  region size 1024K, 48 young (49152K), 4 survivors (4096K)
 Metaspace       used 300957K, committed 303552K, reserved 1376256K
  class space    used 40573K, committed 41856K, reserved 1048576K
}
Event: 13274.687 GC heap after
{Heap after GC invocations=261 (full 0):
 garbage-first heap   total 998400K, used 378909K [0x00000000a0000000, 0x0000000100000000)
  region size 1024K, 3 young (3072K), 3 survivors (3072K)
 Metaspace       used 300957K, committed 303552K, reserved 1376256K
  class space    used 40573K, committed 41856K, reserved 1048576K
}

Dll operation events (3 events):
Event: 0.099 Loaded shared library C:\Program Files\Android\Android Studio1\jbr\bin\java.dll
Event: 0.124 Loaded shared library C:\Program Files\Android\Android Studio1\jbr\bin\zip.dll
Event: 7.002 Loaded shared library C:\Program Files\Android\Android Studio1\jbr\bin\verify.dll

Deoptimization events (20 events):
Event: 13275.140 Thread 0x000001a4986d0fd0 Uncommon trap: trap_request=0xffffffbe fr.pc=0x000001a4f6c2ccf4 relative=0x0000000000000f74
Event: 13275.140 Thread 0x000001a4986d0fd0 Uncommon trap: reason=profile_predicate action=maybe_recompile pc=0x000001a4f6c2ccf4 method=com.android.tools.r8.ir.optimize.k0.a(Lcom/android/tools/r8/internal/y81;)Z @ 655 c2
Event: 13275.141 Thread 0x000001a4986d0fd0 DEOPT PACKING pc=0x000001a4f6c2ccf4 sp=0x00000028610fa360
Event: 13275.141 Thread 0x000001a4986d0fd0 DEOPT UNPACKING pc=0x000001a4f56143a2 sp=0x00000028610fa310 mode 2
Event: 13275.143 Thread 0x000001a4986d0fd0 DEOPT PACKING pc=0x000001a4f02a62ab sp=0x00000028610f9bc0
Event: 13275.143 Thread 0x000001a4986d0fd0 DEOPT UNPACKING pc=0x000001a4f5614b42 sp=0x00000028610f9290 mode 0
Event: 13275.230 Thread 0x000001a4986d1660 DEOPT PACKING pc=0x000001a4f02a65d5 sp=0x0000002860df9d60
Event: 13275.230 Thread 0x000001a4986d1660 DEOPT UNPACKING pc=0x000001a4f5614b42 sp=0x0000002860df9428 mode 0
Event: 13275.249 Thread 0x000001a498369570 Uncommon trap: trap_request=0xffffffde fr.pc=0x000001a4f7bea158 relative=0x0000000000007738
Event: 13275.249 Thread 0x000001a498369570 Uncommon trap: reason=class_check action=maybe_recompile pc=0x000001a4f7bea158 method=com.android.tools.r8.internal.xh.c(Lcom/android/tools/r8/internal/y81;)Lcom/android/tools/r8/internal/sh; @ 1706 c2
Event: 13275.249 Thread 0x000001a498369570 DEOPT PACKING pc=0x000001a4f7bea158 sp=0x0000002861cf7640
Event: 13275.249 Thread 0x000001a498369570 DEOPT UNPACKING pc=0x000001a4f56143a2 sp=0x0000002861cf75e8 mode 2
Event: 13275.250 Thread 0x000001a498369570 Uncommon trap: trap_request=0xffffffde fr.pc=0x000001a4f630c6b0 relative=0x0000000000002b70
Event: 13275.250 Thread 0x000001a498369570 Uncommon trap: reason=class_check action=maybe_recompile pc=0x000001a4f630c6b0 method=com.android.tools.r8.ir.optimize.k0.a(Lcom/android/tools/r8/internal/yt4;Lcom/android/tools/r8/internal/y81;Lcom/android/tools/r8/internal/od;Lcom/android/tools/r8/ir/op
Event: 13275.250 Thread 0x000001a498369570 DEOPT PACKING pc=0x000001a4f630c6b0 sp=0x0000002861cf7870
Event: 13275.250 Thread 0x000001a498369570 DEOPT UNPACKING pc=0x000001a4f56143a2 sp=0x0000002861cf7838 mode 2
Event: 13275.491 Thread 0x000001a4986d0fd0 DEOPT PACKING pc=0x000001a4f0b06da2 sp=0x00000028610fa320
Event: 13275.491 Thread 0x000001a4986d0fd0 DEOPT UNPACKING pc=0x000001a4f5614b42 sp=0x00000028610f98f8 mode 0
Event: 13276.412 Thread 0x000001a4986d0fd0 DEOPT PACKING pc=0x000001a4f0b06da2 sp=0x00000028610fa320
Event: 13276.412 Thread 0x000001a4986d0fd0 DEOPT UNPACKING pc=0x000001a4f5614b42 sp=0x00000028610f98f8 mode 0

Classes loaded (20 events):
Event: 13093.322 Loading class com/sun/org/apache/xerces/internal/xni/parser/XMLParseException
Event: 13093.332 Loading class com/sun/org/apache/xerces/internal/xni/XNIException
Event: 13093.354 Loading class com/sun/org/apache/xerces/internal/xni/XNIException done
Event: 13093.354 Loading class com/sun/org/apache/xerces/internal/xni/parser/XMLParseException done
Event: 13093.355 Loading class com/sun/org/apache/xerces/internal/util/DefaultErrorHandler
Event: 13093.356 Loading class com/sun/org/apache/xerces/internal/util/DefaultErrorHandler done
Event: 13096.466 Loading class java/util/concurrent/RejectedExecutionException
Event: 13096.472 Loading class java/util/concurrent/RejectedExecutionException done
Event: 13112.975 Loading class java/util/IdentityHashMap$EntrySpliterator
Event: 13112.986 Loading class java/util/IdentityHashMap$IdentityHashMapSpliterator
Event: 13112.990 Loading class java/util/IdentityHashMap$IdentityHashMapSpliterator done
Event: 13112.990 Loading class java/util/IdentityHashMap$EntrySpliterator done
Event: 13113.545 Loading class java/util/SortedSet$1
Event: 13113.550 Loading class java/util/SortedSet$1 done
Event: 13187.451 Loading class java/nio/ShortBuffer
Event: 13187.514 Loading class java/nio/ShortBuffer done
Event: 13188.142 Loading class java/nio/ByteBufferAsShortBufferL
Event: 13188.209 Loading class java/nio/ByteBufferAsShortBufferL done
Event: 13189.105 Loading class java/util/zip/Adler32
Event: 13189.114 Loading class java/util/zip/Adler32 done

Classes unloaded (20 events):
Event: 12898.459 Thread 0x000001a4ff35adb0 Unloading class 0x0000000100a78238 'com/android/ide/gradle/model/builder/AndroidStudioToolingPluginKt'
Event: 12898.459 Thread 0x000001a4ff35adb0 Unloading class 0x0000000100a78000 'com/android/ide/gradle/model/dependencies/DeclaredDependenciesModelBuilder$Companion'
Event: 12898.459 Thread 0x000001a4ff35adb0 Unloading class 0x0000000100a71bb8 'com/android/ide/gradle/model/dependencies/DeclaredDependenciesModelBuilder'
Event: 12898.459 Thread 0x000001a4ff35adb0 Unloading class 0x0000000100a71960 'com/android/ide/gradle/model/builder/GradlePropertiesModelBuilder'
Event: 12898.459 Thread 0x000001a4ff35adb0 Unloading class 0x0000000100a71708 'com/android/ide/gradle/model/builder/LegacyV1AgpVersionModelBuilder'
Event: 12898.459 Thread 0x000001a4ff35adb0 Unloading class 0x0000000100a714b0 'com/android/ide/gradle/model/composites/BuildMapModelBuilder'
Event: 12898.459 Thread 0x000001a4ff35adb0 Unloading class 0x0000000100a71258 'com/android/ide/gradle/model/builder/GradlePluginModelBuilder'
Event: 12898.459 Thread 0x000001a4ff35adb0 Unloading class 0x0000000100a71000 'com/android/ide/gradle/model/builder/AndroidStudioToolingPlugin'
Event: 13085.170 Thread 0x000001a4ff35adb0 Unloading class 0x000000010107d000 'java/lang/invoke/LambdaForm$MH+0x000000010107d000'
Event: 13085.170 Thread 0x000001a4ff35adb0 Unloading class 0x00000001008bb000 'build_4gyj21wmglftprw2wx12dy9gf$_run_closure1$_closure3'
Event: 13085.170 Thread 0x000001a4ff35adb0 Unloading class 0x00000001008ba9b8 'build_4gyj21wmglftprw2wx12dy9gf$_run_closure2'
Event: 13085.170 Thread 0x000001a4ff35adb0 Unloading class 0x00000001008ba560 'build_4gyj21wmglftprw2wx12dy9gf$_run_closure1'
Event: 13085.170 Thread 0x000001a4ff35adb0 Unloading class 0x00000001008ba000 'build_4gyj21wmglftprw2wx12dy9gf'
Event: 13085.170 Thread 0x000001a4ff35adb0 Unloading class 0x00000001008b8000 'jdk/internal/reflect/GeneratedSerializationConstructorAccessor964'
Event: 13085.171 Thread 0x000001a4ff35adb0 Unloading class 0x00000001015579b0 'sync_studio_tooling4606_bb5dsbbamck422qzk6ppwos82$_run_closure2'
Event: 13085.171 Thread 0x000001a4ff35adb0 Unloading class 0x0000000101557558 'sync_studio_tooling4606_bb5dsbbamck422qzk6ppwos82$_run_closure1'
Event: 13085.171 Thread 0x000001a4ff35adb0 Unloading class 0x0000000101557000 'sync_studio_tooling4606_bb5dsbbamck422qzk6ppwos82'
Event: 13085.171 Thread 0x000001a4ff35adb0 Unloading class 0x0000000101556458 'sync_studio_tooling4606_bb5dsbbamck422qzk6ppwos82$_run_closure1$_closure2'
Event: 13085.171 Thread 0x000001a4ff35adb0 Unloading class 0x0000000101556000 'sync_studio_tooling4606_bb5dsbbamck422qzk6ppwos82$_run_closure1'
Event: 13085.171 Thread 0x000001a4ff35adb0 Unloading class 0x00000001012c7800 'sync_studio_tooling4606_bb5dsbbamck422qzk6ppwos82'

Classes redefined (0 events):
No events

Internal exceptions (20 events):
Event: 13218.153 Thread 0x000001a498369570 Exception <a 'sun/nio/fs/WindowsException'{0x00000000cfc1e2b8}> (0x00000000cfc1e2b8) 
thrown [s\src\hotspot\share\prims\jni.cpp, line 537]
Event: 13218.180 Thread 0x000001a498369570 Exception <a 'sun/nio/fs/WindowsException'{0x00000000cfc280e8}> (0x00000000cfc280e8) 
thrown [s\src\hotspot\share\prims\jni.cpp, line 537]
Event: 13218.184 Thread 0x000001a498369570 Exception <a 'sun/nio/fs/WindowsException'{0x00000000cfc358e8}> (0x00000000cfc358e8) 
thrown [s\src\hotspot\share\prims\jni.cpp, line 537]
Event: 13218.191 Thread 0x000001a498369570 Exception <a 'sun/nio/fs/WindowsException'{0x00000000cfc3cf50}> (0x00000000cfc3cf50) 
thrown [s\src\hotspot\share\prims\jni.cpp, line 537]
Event: 13218.197 Thread 0x000001a498369570 Exception <a 'sun/nio/fs/WindowsException'{0x00000000cfc45f90}> (0x00000000cfc45f90) 
thrown [s\src\hotspot\share\prims\jni.cpp, line 537]
Event: 13218.197 Thread 0x000001a498369570 Exception <a 'sun/nio/fs/WindowsException'{0x00000000cfc47100}> (0x00000000cfc47100) 
thrown [s\src\hotspot\share\prims\jni.cpp, line 537]
Event: 13218.197 Thread 0x000001a498369570 Exception <a 'sun/nio/fs/WindowsException'{0x00000000cfc49838}> (0x00000000cfc49838) 
thrown [s\src\hotspot\share\prims\jni.cpp, line 537]
Event: 13218.197 Thread 0x000001a498369570 Exception <a 'sun/nio/fs/WindowsException'{0x00000000cfc4ab50}> (0x00000000cfc4ab50) 
thrown [s\src\hotspot\share\prims\jni.cpp, line 537]
Event: 13218.199 Thread 0x000001a498369570 Exception <a 'sun/nio/fs/WindowsException'{0x00000000cfc5a590}> (0x00000000cfc5a590) 
thrown [s\src\hotspot\share\prims\jni.cpp, line 537]
Event: 13218.214 Thread 0x000001a498369570 Exception <a 'sun/nio/fs/WindowsException'{0x00000000cfc5bb90}> (0x00000000cfc5bb90) 
thrown [s\src\hotspot\share\prims\jni.cpp, line 537]
Event: 13218.216 Thread 0x000001a498369570 Exception <a 'sun/nio/fs/WindowsException'{0x00000000cfc628f8}> (0x00000000cfc628f8) 
thrown [s\src\hotspot\share\prims\jni.cpp, line 537]
Event: 13218.217 Thread 0x000001a498369570 Exception <a 'sun/nio/fs/WindowsException'{0x00000000cfc64228}> (0x00000000cfc64228) 
thrown [s\src\hotspot\share\prims\jni.cpp, line 537]
Event: 13228.108 Thread 0x000001a487f794a0 Exception <a 'sun/nio/fs/WindowsException'{0x00000000bbc85eb0}> (0x00000000bbc85eb0) 
thrown [s\src\hotspot\share\prims\jni.cpp, line 537]
Event: 13238.155 Thread 0x000001a487f794a0 Exception <a 'sun/nio/fs/WindowsException'{0x00000000d7242b40}> (0x00000000d7242b40) 
thrown [s\src\hotspot\share\prims\jni.cpp, line 537]
Event: 13248.393 Thread 0x000001a487f794a0 Exception <a 'sun/nio/fs/WindowsException'{0x00000000c6a081f8}> (0x00000000c6a081f8) 
thrown [s\src\hotspot\share\prims\jni.cpp, line 537]
Event: 13252.011 Thread 0x000001a498369570 Exception <a 'sun/nio/fs/WindowsException'{0x00000000be9f81f0}> (0x00000000be9f81f0) 
thrown [s\src\hotspot\share\prims\jni.cpp, line 537]
Event: 13258.110 Thread 0x000001a487f794a0 Exception <a 'sun/nio/fs/WindowsException'{0x00000000d9887ae8}> (0x00000000d9887ae8) 
thrown [s\src\hotspot\share\prims\jni.cpp, line 537]
Event: 13268.214 Thread 0x000001a487f794a0 Exception <a 'sun/nio/fs/WindowsException'{0x00000000d8c80598}> (0x00000000d8c80598) 
thrown [s\src\hotspot\share\prims\jni.cpp, line 537]
Event: 13268.643 Thread 0x000001a4986d0fd0 Exception <a 'sun/nio/fs/WindowsException'{0x00000000d693ea20}> (0x00000000d693ea20) 
thrown [s\src\hotspot\share\prims\jni.cpp, line 537]
Event: 13278.725 Thread 0x000001a487f794a0 Exception <a 'sun/nio/fs/WindowsException'{0x00000000cfdf3c48}> (0x00000000cfdf3c48) 
thrown [s\src\hotspot\share\prims\jni.cpp, line 537]

ZGC Phase Switch (0 events):
No events

VM Operations (20 events):
Event: 13269.981 Executing safepoint VM operation: Cleanup
Event: 13270.119 Executing safepoint VM operation: Cleanup done
Event: 13271.170 Executing safepoint VM operation: Cleanup
Event: 13271.226 Executing safepoint VM operation: Cleanup done
Event: 13271.349 Executing safepoint VM operation: G1CollectForAllocation (G1 Evacuation Pause)
Event: 13272.130 Executing safepoint VM operation: G1CollectForAllocation (G1 Evacuation Pause) done
Event: 13273.137 Executing safepoint VM operation: Cleanup
Event: 13273.199 Executing safepoint VM operation: Cleanup done
Event: 13273.244 Executing safepoint VM operation: G1CollectForAllocation (G1 Evacuation Pause)
Event: 13273.356 Executing safepoint VM operation: G1CollectForAllocation (G1 Evacuation Pause) done
Event: 13274.368 Executing safepoint VM operation: Cleanup
Event: 13274.445 Executing safepoint VM operation: Cleanup done
Event: 13274.596 Executing safepoint VM operation: G1CollectForAllocation (G1 Evacuation Pause)
Event: 13274.688 Executing safepoint VM operation: G1CollectForAllocation (G1 Evacuation Pause) done
Event: 13275.695 Executing safepoint VM operation: Cleanup
Event: 13275.711 Executing safepoint VM operation: Cleanup done
Event: 13276.715 Executing safepoint VM operation: Cleanup
Event: 13276.746 Executing safepoint VM operation: Cleanup done
Event: 13278.760 Executing safepoint VM operation: Cleanup
Event: 13278.776 Executing safepoint VM operation: Cleanup done

Memory protections (0 events):
No events

Nmethod flushes (20 events):
Event: 13219.997 Thread 0x000001a4ff35adb0 flushing  nmethod 0x000001a4f1560010
Event: 13219.997 Thread 0x000001a4ff35adb0 flushing  nmethod 0x000001a4f1563b10
Event: 13219.997 Thread 0x000001a4ff35adb0 flushing  nmethod 0x000001a4f1564710
Event: 13219.997 Thread 0x000001a4ff35adb0 flushing  nmethod 0x000001a4f1564d10
Event: 13219.997 Thread 0x000001a4ff35adb0 flushing  nmethod 0x000001a4f1565810
Event: 13219.997 Thread 0x000001a4ff35adb0 flushing  nmethod 0x000001a4f1565b90
Event: 13219.997 Thread 0x000001a4ff35adb0 flushing  nmethod 0x000001a4f1566090
Event: 13219.997 Thread 0x000001a4ff35adb0 flushing  nmethod 0x000001a4f1571710
Event: 13219.997 Thread 0x000001a4ff35adb0 flushing  nmethod 0x000001a4f1576110
Event: 13219.997 Thread 0x000001a4ff35adb0 flushing  nmethod 0x000001a4f1583210
Event: 13219.997 Thread 0x000001a4ff35adb0 flushing  nmethod 0x000001a4f1583a10
Event: 13219.998 Thread 0x000001a4ff35adb0 flushing  nmethod 0x000001a4f1584210
Event: 13219.998 Thread 0x000001a4ff35adb0 flushing  nmethod 0x000001a4f1584810
Event: 13219.998 Thread 0x000001a4ff35adb0 flushing  nmethod 0x000001a4f1585a10
Event: 13219.998 Thread 0x000001a4ff35adb0 flushing  nmethod 0x000001a4f1585e90
Event: 13219.998 Thread 0x000001a4ff35adb0 flushing  nmethod 0x000001a4f1586210
Event: 13219.998 Thread 0x000001a4ff35adb0 flushing  nmethod 0x000001a4f15acc10
Event: 13219.999 Thread 0x000001a4ff35adb0 flushing  nmethod 0x000001a4f15ad010
Event: 13219.999 Thread 0x000001a4ff35adb0 flushing  nmethod 0x000001a4f15b1990
Event: 13219.999 Thread 0x000001a4ff35adb0 flushing  nmethod 0x000001a4f1698090

Events (20 events):
Event: 13080.890 Thread 0x000001a4ff548970 Thread added: 0x000001a493b95cf0
Event: 13081.142 Thread 0x000001a493b95cf0 Thread exited: 0x000001a493b95cf0
Event: 13082.158 Thread 0x000001a4ff548970 Thread added: 0x000001a493271740
Event: 13082.412 Thread 0x000001a498368850 Thread added: 0x000001a49836dda0
Event: 13083.416 Thread 0x000001a493271740 Thread exited: 0x000001a493271740
Event: 13084.171 Thread 0x000001a4ff548970 Thread added: 0x000001a490d923b0
Event: 13088.219 Thread 0x000001a48712c7c0 Thread added: 0x000001a49853bfa0
Event: 13088.223 Thread 0x000001a48712c7c0 Thread added: 0x000001a49853c630
Event: 13088.254 Thread 0x000001a490d923b0 Thread exited: 0x000001a490d923b0
Event: 13088.483 Thread 0x000001a4ff548970 Thread added: 0x000001a493b95cf0
Event: 13091.022 Thread 0x000001a493b95cf0 Thread exited: 0x000001a493b95cf0
Event: 13091.167 Thread 0x000001a4ff548970 Thread added: 0x000001a4913d9f40
Event: 13091.604 Thread 0x000001a4913d9f40 Thread exited: 0x000001a4913d9f40
Event: 13095.528 Thread 0x000001a48712ce50 Thread added: 0x000001a49836e430
Event: 13097.589 Thread 0x000001a49836b640 Thread exited: 0x000001a49836b640
Event: 13099.767 Thread 0x000001a49853bfa0 Thread added: 0x000001a49836eac0
Event: 13136.083 Thread 0x000001a48712d4e0 Thread exited: 0x000001a48712d4e0
Event: 13136.464 Thread 0x000001a49b1cc140 Thread exited: 0x000001a49b1cc140
Event: 13136.844 Thread 0x000001a48712db70 Thread exited: 0x000001a48712db70
Event: 13165.874 Thread 0x000001a49836dda0 Thread exited: 0x000001a49836dda0


Dynamic libraries:
0x00007ff708ab0000 - 0x00007ff708aba000 	C:\Program Files\Android\Android Studio1\jbr\bin\java.exe
0x00007ffedfb80000 - 0x00007ffedfde7000 	C:\WINDOWS\SYSTEM32\ntdll.dll
0x00007ffedf760000 - 0x00007ffedf829000 	C:\WINDOWS\System32\KERNEL32.DLL
0x00007ffedced0000 - 0x00007ffedd2c1000 	C:\WINDOWS\System32\KERNELBASE.dll
0x00007ffedccd0000 - 0x00007ffedce1b000 	C:\WINDOWS\System32\ucrtbase.dll
0x00007ffec8030000 - 0x00007ffec8048000 	C:\Program Files\Android\Android Studio1\jbr\bin\jli.dll
0x00007ffedd920000 - 0x00007ffeddae5000 	C:\WINDOWS\System32\USER32.dll
0x00007ffedd580000 - 0x00007ffedd5a7000 	C:\WINDOWS\System32\win32u.dll
0x00007ffeddf90000 - 0x00007ffeddfbb000 	C:\WINDOWS\System32\GDI32.dll
0x00007ffedd670000 - 0x00007ffedd79b000 	C:\WINDOWS\System32\gdi32full.dll
0x00007ffedd440000 - 0x00007ffedd4e3000 	C:\WINDOWS\System32\msvcp_win.dll
0x00007ffec4680000 - 0x00007ffec4913000 	C:\WINDOWS\WinSxS\amd64_microsoft.windows.common-controls_6595b64144ccf1df_6.0.26100.8037_none_3e092faae333b53b\COMCTL32.dll
0x00007ffedfa90000 - 0x00007ffedfb39000 	C:\WINDOWS\System32\msvcrt.dll
0x00007ffed5a60000 - 0x00007ffed5a7b000 	C:\Program Files\Android\Android Studio1\jbr\bin\VCRUNTIME140.dll
0x00007ffedfa50000 - 0x00007ffedfa81000 	C:\WINDOWS\System32\IMM32.DLL
0x00007ffec6a90000 - 0x00007ffec6a9c000 	C:\Program Files\Android\Android Studio1\jbr\bin\vcruntime140_1.dll
0x00007ffeafbf0000 - 0x00007ffeafc7d000 	C:\Program Files\Android\Android Studio1\jbr\bin\msvcp140.dll
0x00007ffe80de0000 - 0x00007ffe81a76000 	C:\Program Files\Android\Android Studio1\jbr\bin\server\jvm.dll
0x00007ffedf620000 - 0x00007ffedf6db000 	C:\WINDOWS\System32\ADVAPI32.dll
0x00007ffedf170000 - 0x00007ffedf217000 	C:\WINDOWS\System32\sechost.dll
0x00007ffeded20000 - 0x00007ffedee38000 	C:\WINDOWS\System32\RPCRT4.dll
0x00007ffedea60000 - 0x00007ffedead4000 	C:\WINDOWS\System32\WS2_32.dll
0x00007ffedc2c0000 - 0x00007ffedc31e000 	C:\WINDOWS\SYSTEM32\POWRPROF.dll
0x00007ffed52b0000 - 0x00007ffed52e5000 	C:\WINDOWS\SYSTEM32\WINMM.dll
0x00007ffeda970000 - 0x00007ffeda97b000 	C:\WINDOWS\SYSTEM32\VERSION.dll
0x00007ffedc2a0000 - 0x00007ffedc2b4000 	C:\WINDOWS\SYSTEM32\UMPDC.dll
0x00007ffedb1f0000 - 0x00007ffedb20b000 	C:\WINDOWS\SYSTEM32\kernel.appcore.dll
0x00007ffec6a80000 - 0x00007ffec6a8a000 	C:\Program Files\Android\Android Studio1\jbr\bin\jimage.dll
0x00007ffecfcc0000 - 0x00007ffecff02000 	C:\WINDOWS\SYSTEM32\DBGHELP.DLL
0x00007ffedf290000 - 0x00007ffedf612000 	C:\WINDOWS\System32\combase.dll
0x00007ffedec40000 - 0x00007ffeded17000 	C:\WINDOWS\System32\OLEAUT32.dll
0x00007ffec3c10000 - 0x00007ffec3c4b000 	C:\WINDOWS\SYSTEM32\dbgcore.DLL
0x00007ffedce20000 - 0x00007ffedcec5000 	C:\WINDOWS\System32\bcryptPrimitives.dll
0x00007ffed2640000 - 0x00007ffed264e000 	C:\Program Files\Android\Android Studio1\jbr\bin\instrument.dll
0x00007ffec6a60000 - 0x00007ffec6a80000 	C:\Program Files\Android\Android Studio1\jbr\bin\java.dll
0x00007ffec6a40000 - 0x00007ffec6a58000 	C:\Program Files\Android\Android Studio1\jbr\bin\zip.dll
0x00007ffede2f0000 - 0x00007ffedea4f000 	C:\WINDOWS\System32\SHELL32.dll
0x00007ffedd2d0000 - 0x00007ffedd43a000 	C:\WINDOWS\System32\wintypes.dll
0x00007ffedc460000 - 0x00007ffedccc4000 	C:\WINDOWS\System32\windows.storage.dll
0x00007ffedeff0000 - 0x00007ffedf0e7000 	C:\WINDOWS\System32\SHCORE.dll
0x00007ffedf840000 - 0x00007ffedf8a7000 	C:\WINDOWS\System32\shlwapi.dll
0x00007ffedc380000 - 0x00007ffedc3a9000 	C:\WINDOWS\SYSTEM32\profapi.dll
0x00007ffec6a30000 - 0x00007ffec6a40000 	C:\Program Files\Android\Android Studio1\jbr\bin\net.dll
0x00007ffed1da0000 - 0x00007ffed1ec7000 	C:\WINDOWS\SYSTEM32\WINHTTP.dll
0x00007ffedb760000 - 0x00007ffedb7cb000 	C:\WINDOWS\system32\mswsock.dll
0x00007ffec6a10000 - 0x00007ffec6a26000 	C:\Program Files\Android\Android Studio1\jbr\bin\nio.dll
0x00007ffec60c0000 - 0x00007ffec60d0000 	C:\Program Files\Android\Android Studio1\jbr\bin\verify.dll
0x00007ffeab030000 - 0x00007ffeab057000 	C:\Users\mervi\.gradle\native\660c5614fbf4a5f2a75b1949f50a0caf5cd603558e7d8a26e50b933a0cfb79d1\windows-amd64\native-platform.dll
0x00007ffeb0e90000 - 0x00007ffeb0f07000 	C:\Users\mervi\.gradle\native\0.2.8\x86_64-windows-gnu\gradle-fileevents.dll
0x00007ffec69f0000 - 0x00007ffec69f9000 	C:\Program Files\Android\Android Studio1\jbr\bin\management.dll
0x00007ffec60d0000 - 0x00007ffec60db000 	C:\Program Files\Android\Android Studio1\jbr\bin\management_ext.dll
0x00007ffedf280000 - 0x00007ffedf288000 	C:\WINDOWS\System32\PSAPI.DLL
0x00007ffedac00000 - 0x00007ffedac33000 	C:\WINDOWS\SYSTEM32\IPHLPAPI.DLL
0x00007ffedefe0000 - 0x00007ffedefea000 	C:\WINDOWS\System32\NSI.dll
0x00007ffec6a00000 - 0x00007ffec6a09000 	C:\Program Files\Android\Android Studio1\jbr\bin\extnet.dll
0x00007ffedba40000 - 0x00007ffedba5b000 	C:\WINDOWS\SYSTEM32\CRYPTSP.dll
0x00007ffedb150000 - 0x00007ffedb189000 	C:\WINDOWS\system32\rsaenh.dll
0x00007ffedb810000 - 0x00007ffedb842000 	C:\WINDOWS\SYSTEM32\USERENV.dll
0x00007ffedc350000 - 0x00007ffedc37a000 	C:\WINDOWS\SYSTEM32\bcrypt.dll
0x00007ffedba60000 - 0x00007ffedba6c000 	C:\WINDOWS\SYSTEM32\CRYPTBASE.dll
0x00007ffeb1a10000 - 0x00007ffeb1a18000 	C:\WINDOWS\system32\wshunix.dll
0x00007ffedac90000 - 0x00007ffedadba000 	C:\WINDOWS\SYSTEM32\DNSAPI.dll
0x00007ffed2570000 - 0x00007ffed257b000 	C:\Windows\System32\rasadhlp.dll
0x00007ffecfc30000 - 0x00007ffecfcb6000 	C:\WINDOWS\System32\fwpuclnt.dll
0x00007ffedb310000 - 0x00007ffedb346000 	C:\WINDOWS\SYSTEM32\ntmarta.dll
0x00007ffed9950000 - 0x00007ffed99ef000 	C:\WINDOWS\system32\apphelp.dll

JVMTI agents:
C:\Users\mervi\.gradle\wrapper\dists\gradle-9.4.1-bin\arn2x92ynaizyzdaamcbpbhtj\gradle-9.4.1\lib\agents\gradle-instrumentation-agent-9.4.1.jar path:C:\Program Files\Android\Android Studio1\jbr\bin\instrument.dll, loaded, initialized, instrumentlib options:none

dbghelp: loaded successfully - version: 4.0.5 - missing functions: none
symbol engine: initialized successfully - sym options: 0x614 - pdb path: .;C:\Program Files\Android\Android Studio1\jbr\bin;C:\WINDOWS\SYSTEM32;C:\WINDOWS\WinSxS\amd64_microsoft.windows.common-controls_6595b64144ccf1df_6.0.26100.8037_none_3e092faae333b53b;C:\Program Files\Android\Android Studio1\jbr\bin\server;C:\Users\mervi\.gradle\native\660c5614fbf4a5f2a75b1949f50a0caf5cd603558e7d8a26e50b933a0cfb79d1\windows-amd64;C:\Users\mervi\.gradle\native\0.2.8\x86_64-windows-gnu

VM Arguments:
jvm_args: --add-opens=java.base/java.lang=ALL-UNNAMED --add-opens=java.base/java.lang.invoke=ALL-UNNAMED --add-opens=java.base/java.util=ALL-UNNAMED --add-opens=java.prefs/java.util.prefs=ALL-UNNAMED --add-exports=jdk.compiler/com.sun.tools.javac.api=ALL-UNNAMED --add-exports=jdk.compiler/com.sun.tools.javac.util=ALL-UNNAMED --add-opens=java.base/java.util=ALL-UNNAMED --add-opens=java.prefs/java.util.prefs=ALL-UNNAMED --add-opens=java.base/java.nio.charset=ALL-UNNAMED --add-opens=java.base/java.net=ALL-UNNAMED --add-opens=java.base/java.util.concurrent=ALL-UNNAMED --add-opens=java.base/java.util.concurrent.atomic=ALL-UNNAMED --add-opens=java.xml/javax.xml.namespace=ALL-UNNAMED --add-opens=java.base/java.time=ALL-UNNAMED -Xmx1536m -Dfile.encoding=UTF-8 -Duser.country=GB -Duser.language=en -Duser.variant -javaagent:C:\Users\mervi\.gradle\wrapper\dists\gradle-9.4.1-bin\arn2x92ynaizyzdaamcbpbhtj\gradle-9.4.1\lib\agents\gradle-instrumentation-agent-9.4.1.jar 
java_command: org.gradle.launcher.daemon.bootstrap.GradleDaemon 9.4.1
java_class_path (initial): C:\Users\mervi\.gradle\wrapper\dists\gradle-9.4.1-bin\arn2x92ynaizyzdaamcbpbhtj\gradle-9.4.1\lib\gradle-daemon-main-9.4.1.jar
Launcher Type: SUN_STANDARD

[Global flags]
     intx CICompilerCount                          = 3                                         {product} {ergonomic}
     uint ConcGCThreads                            = 1                                         {product} {ergonomic}
     uint G1ConcRefinementThreads                  = 4                                         {product} {ergonomic}
   size_t G1HeapRegionSize                         = 1048576                                   {product} {ergonomic}
    uintx GCDrainStackTargetSize                   = 64                                        {product} {ergonomic}
   size_t InitialHeapSize                          = 100663296                                 {product} {ergonomic}
   size_t MarkStackSize                            = 4194304                                   {product} {ergonomic}
   size_t MaxHeapSize                              = 1610612736                                {product} {command line}
   size_t MaxNewSize                               = 965738496                                 {product} {ergonomic}
   size_t MinHeapDeltaBytes                        = 1048576                                   {product} {ergonomic}
   size_t MinHeapSize                              = 8388608                                   {product} {ergonomic}
    uintx NonNMethodCodeHeapSize                   = 5832780                                {pd product} {ergonomic}
    uintx NonProfiledCodeHeapSize                  = 122912730                              {pd product} {ergonomic}
    uintx ProfiledCodeHeapSize                     = 122912730                              {pd product} {ergonomic}
    uintx ReservedCodeCacheSize                    = 251658240                              {pd product} {ergonomic}
     bool SegmentedCodeCache                       = true                                      {product} {ergonomic}
   size_t SoftMaxHeapSize                          = 1610612736                             {manageable} {ergonomic}
     bool UseCompressedOops                        = true                           {product lp64_product} {ergonomic}
     bool UseG1GC                                  = true                                      {product} {ergonomic}
     bool UseLargePagesIndividualAllocation        = false                                  {pd product} {ergonomic}

Logging:
Log output configuration:
 #0: stdout all=warning uptime,level,tags foldmultilines=false
 #1: stderr all=off uptime,level,tags foldmultilines=false

Release file:
JAVA_VERSION="21.0.10" 
MODULES="java.base java.compiler java.datatransfer java.xml java.prefs java.desktop java.instrument java.logging java.management java.security.sasl java.naming java.rmi java.management.rmi java.net.http java.scripting java.security.jgss java.transaction.xa java.sql java.sql.rowset java.xml.crypto java.se java.smartcardio jdk.accessibility jdk.internal.jvmstat jdk.attach jdk.charsets jdk.internal.opt jdk.zipfs jdk.compiler jdk.crypto.ec jdk.crypto.cryptoki jdk.dynalink jdk.hotspot.agent jdk.httpserver jdk.internal.ed jdk.internal.le jdk.internal.vm.ci jdk.jartool jdk.javadoc jdk.jcmd jdk.jdeps jdk.jdwp.agent jdk.jdi jdk.jfr jdk.jlink jdk.jsobject jdk.localedata jdk.management jdk.management.agent jdk.management.jfr jdk.naming.dns jdk.naming.rmi jdk.net jdk.sctp jdk.security.auth jdk.security.jgss jdk.unsupported jdk.unsupported.desktop jdk.xml.dom" 
IMPLEMENTOR="JetBrains s.r.o." 
JAVA_RUNTIME_VERSION="21.0.10+-14961533-b1163.108" 
LIBC="default" 
OS_ARCH="x86_64" 
OS_NAME="Windows" 
SOURCE=".:git:1351622c2ff2" 

Environment Variables:
PATH=C:\WINDOWS\system32;C:\WINDOWS;C:\WINDOWS\System32\Wbem;C:\WINDOWS\System32\WindowsPowerShell\v1.0\;C:\WINDOWS\System32\OpenSSH\;C:\Program Files\Git\cmd;C:\Program Files\nodejs\;C:\Users\mervi\AppData\Local\Programs\Python\Python313\Scripts\;C:\Users\mervi\AppData\Local\Programs\Python\Python313\;C:\Users\mervi\AppData\Local\Programs\Python\Python312\Scripts\;C:\Users\mervi\AppData\Local\Programs\Python\Python312\;C:\Users\mervi\AppData\Local\Microsoft\WindowsApps;C:\Users\mervi\AppData\Roaming\npm;C:/users/mervi/appdata/local/android/sdk\platform-tools;%JAVA_HOME%\C:\Program Files\Android\Android Studio\jbr;
USERNAME=mervi
OS=Windows_NT
PROCESSOR_IDENTIFIER=AMD64 Family 23 Model 24 Stepping 1, AuthenticAMD
TMP=C:\Users\mervi\AppData\Local\Temp
TEMP=C:\Users\mervi\AppData\Local\Temp




Periodic native trim disabled

JNI global refs:
JNI global refs: 28, weak refs: 69

JNI global refs memory usage: 835, weak refs: 1465

Process memory usage:
Resident Set Size: 437292K (7% of 6236300K total physical memory with 109032K free physical memory)

OOME stack traces (most recent first):
Classloader memory used:
Loader org.gradle.internal.classloader.VisitableURLClassLoader$InstrumentingVisitableURLClassLoader: 156M
Loader org.gradle.internal.classloader.VisitableURLClassLoader                         : 62788K
Loader bootstrap                                                                       : 37938K
Loader org.gradle.initialization.MixInLegacyTypesClassLoader                           : 18963K
Loader jdk.internal.loader.ClassLoaders$AppClassLoader                                 : 9003K
Loader org.gradle.internal.classloader.VisitableURLClassLoader                         : 8790K
Loader jdk.internal.reflect.DelegatingClassLoader                                      : 1777K
Loader jdk.internal.loader.ClassLoaders$PlatformClassLoader                            : 985K
Loader org.gradle.groovy.scripts.internal.DefaultScriptCompilationHandler$ScriptClassLoader: 393K
Loader sun.reflect.misc.MethodUtil                                                     : 3024B

Classes loaded by more than one classloader:
Class com.google.common.base.Preconditions                                            : loaded 8 times (x 71B)
Class com.google.common.collect.Iterators$MergingIterator                             : loaded 8 times (x 81B)
Class com.google.common.collect.Iterators$4                                           : loaded 8 times (x 82B)
Class com.google.common.collect.Iterators$5                                           : loaded 8 times (x 82B)
Class com.google.common.collect.Iterators                                             : loaded 8 times (x 71B)
Class com.google.common.collect.PeekingIterator                                       : loaded 8 times (x 70B)
Class com.google.common.collect.ImmutableCollection                                   : loaded 8 times (x 125B)
Class com.google.common.collect.Lists                                                 : loaded 8 times (x 71B)
Class com.google.common.collect.UnmodifiableListIterator                              : loaded 8 times (x 95B)
Class com.google.common.collect.AbstractIterator                                      : loaded 8 times (x 82B)
Class com.google.common.collect.Lists$StringAsImmutableList                           : loaded 8 times (x 207B)
Class com.google.common.collect.Iterators$9                                           : loaded 8 times (x 81B)
Class com.google.common.collect.UnmodifiableIterator                                  : loaded 8 times (x 80B)
Class com.google.common.collect.ImmutableList                                         : loaded 8 times (x 206B)
Class com.google.common.collect.AbstractIndexedListIterator                           : loaded 8 times (x 96B)
Class com.google.common.collect.Iterators$1                                           : loaded 8 times (x 81B)
Class com.google.common.collect.Iterators$ArrayItr                                    : loaded 8 times (x 97B)
Class com.google.gson.stream.MalformedJsonException                                   : loaded 7 times (x 82B)
Class com.google.common.base.CharMatcher$Or                                           : loaded 7 times (x 112B)
Class com.google.common.base.CharMatcher$InRange                                      : loaded 7 times (x 111B)
Class com.google.common.collect.ImmutableSet                                          : loaded 7 times (x 145B)
Class com.google.common.base.CharMatcher$BitSetMatcher                                : loaded 7 times (x 112B)
Class com.google.common.collect.ImmutableList$1                                       : loaded 7 times (x 97B)
Class com.google.common.base.Joiner$1                                                 : loaded 7 times (x 80B)
Class com.google.common.collect.RegularImmutableList                                  : loaded 7 times (x 213B)
Class com.google.common.base.CharMatcher$FastMatcher                                  : loaded 7 times (x 111B)
Class com.google.common.collect.ImmutableCollection$Builder                           : loaded 7 times (x 76B)
Class com.google.common.base.CharMatcher$And                                          : loaded 7 times (x 112B)
Class com.google.common.base.Joiner                                                   : loaded 7 times (x 79B)
Class com.google.common.base.Predicate                                                : loaded 7 times (x 70B)
Class com.google.common.base.CharMatcher$IsNot                                        : loaded 7 times (x 111B)
Class com.google.common.collect.ImmutableSet$SetBuilderImpl                           : loaded 7 times (x 76B)
Class com.google.common.base.CharMatcher$NegatedFastMatcher                           : loaded 7 times (x 113B)
Class com.google.common.base.CharMatcher$IsEither                                     : loaded 7 times (x 111B)
Class com.google.common.collect.Multimap                                              : loaded 7 times (x 70B)
Class com.google.common.collect.ImmutableAsList                                       : loaded 7 times (x 209B)
Class com.google.common.base.CharMatcher$NamedFastMatcher                             : loaded 7 times (x 112B)
Class com.google.common.collect.ImmutableSet$CachingAsList                            : loaded 7 times (x 148B)
Class com.google.common.base.CharMatcher$1                                            : loaded 7 times (x 113B)
Class com.google.common.collect.ForwardingObject                                      : loaded 7 times (x 72B)
Class com.google.common.collect.ImmutableList$SubList                                 : loaded 7 times (x 209B)
Class com.google.common.collect.ImmutableSet$RegularSetBuilderImpl                    : loaded 7 times (x 77B)
Class com.google.common.collect.SingletonImmutableList                                : loaded 7 times (x 207B)
Class com.google.common.base.Joiner$2                                                 : loaded 7 times (x 79B)
Class com.google.common.collect.ImmutableList$ReverseImmutableList                    : loaded 7 times (x 209B)
Class com.google.common.base.CharMatcher$AnyOf                                        : loaded 7 times (x 112B)
Class com.google.common.base.CharMatcher$ForPredicate                                 : loaded 7 times (x 112B)
Class com.google.gson.stream.JsonReader                                               : loaded 7 times (x 97B)
Class com.google.common.base.CharMatcher                                              : loaded 7 times (x 111B)
Class com.google.common.base.CharMatcher$Is                                           : loaded 7 times (x 111B)
Class com.google.common.collect.RegularImmutableAsList                                : loaded 7 times (x 217B)
Class com.google.common.collect.SingletonImmutableSet                                 : loaded 7 times (x 146B)
Class com.google.common.base.CharMatcher$Negated                                      : loaded 7 times (x 113B)
Class com.google.common.collect.RegularImmutableSet                                   : loaded 7 times (x 149B)
Class com.google.common.base.Function                                                 : loaded 7 times (x 70B)
Class com.google.common.collect.RegularImmutableMap$KeySet                            : loaded 6 times (x 152B)
Class com.google.gson.internal.sql.SqlTimestampTypeAdapter                            : loaded 6 times (x 76B)
Class com.google.gson.internal.bind.ReflectiveTypeAdapterFactory                      : loaded 6 times (x 75B)
Class com.google.common.cache.LocalCache$ComputingValueReference                      : loaded 6 times (x 96B)
Class com.google.gson.internal.sql.SqlDateTypeAdapter$1                               : loaded 6 times (x 75B)
Class com.google.gson.internal.bind.ObjectTypeAdapter$1                               : loaded 6 times (x 76B)
Class com.google.common.base.Equivalence$Identity                                     : loaded 6 times (x 82B)
Class com.google.gson.Gson$3                                                          : loaded 6 times (x 75B)
Class com.google.common.base.PairwiseEquivalence                                      : loaded 6 times (x 83B)
Class com.google.gson.internal.bind.ReflectiveTypeAdapterFactory$BoundField           : loaded 6 times (x 75B)
Class com.google.common.collect.ImmutableMap$IteratorBasedImmutableMap                : loaded 6 times (x 126B)
Class com.google.common.cache.LocalCache$Segment                                      : loaded 6 times (x 154B)
Class com.google.common.collect.AbstractListMultimap                                  : loaded 6 times (x 172B)
Class com.google.common.base.Suppliers$SupplierOfInstance                             : loaded 6 times (x 79B)
Class com.google.gson.internal.sql.SqlTimeTypeAdapter$1                               : loaded 6 times (x 75B)
Class com.google.gson.internal.bind.MapTypeAdapterFactory$Adapter                     : loaded 6 times (x 74B)
Class [Lorg.objectweb.asm.SymbolTable$Entry;                                          : loaded 6 times (x 69B)
Class com.google.common.cache.CacheLoader                                             : loaded 6 times (x 74B)
Class com.google.gson.internal.bind.ReflectiveTypeAdapterFactory$Adapter              : loaded 6 times (x 77B)
Class com.google.gson.internal.bind.TypeAdapters$10                                   : loaded 6 times (x 75B)
Class org.objectweb.asm.Edge                                                          : loaded 6 times (x 72B)
Class com.google.gson.Gson$2                                                          : loaded 6 times (x 76B)
Class com.google.common.collect.ImmutableBiMap                                        : loaded 6 times (x 143B)
Class com.google.common.collect.ImmutableSet$JdkBackedSetBuilderImpl                  : loaded 6 times (x 76B)
Class com.google.common.util.concurrent.internal.InternalFutureFailureAccess          : loaded 6 times (x 72B)
Class com.google.gson.internal.bind.TypeAdapters$11                                   : loaded 6 times (x 75B)
Class [Lcom.google.gson.FieldNamingPolicy;                                            : loaded 6 times (x 69B)
Class com.google.common.util.concurrent.AbstractFuture$Trusted                        : loaded 6 times (x 70B)
Class com.google.common.cache.LocalCache$2                                            : loaded 6 times (x 142B)
Class com.google.common.collect.AbstractMultimap                                      : loaded 6 times (x 123B)
Class com.google.common.cache.AbstractCache$StatsCounter                              : loaded 6 times (x 70B)
Class com.google.common.collect.ImmutableList$Builder                                 : loaded 6 times (x 77B)
Class com.google.common.cache.LocalCache$LocalManualCache$1                           : loaded 6 times (x 75B)
Class com.google.gson.internal.JsonReaderInternalAccess                               : loaded 6 times (x 72B)
Class com.android.utils.StringHelper                                                  : loaded 6 times (x 71B)
Class com.google.gson.internal.bind.TypeAdapters$12                                   : loaded 6 times (x 75B)
Class [Lcom.google.gson.ToNumberStrategy;                                             : loaded 6 times (x 69B)
Class org.objectweb.asm.SymbolTable$Entry                                             : loaded 6 times (x 74B)
Class com.google.gson.internal.bind.TypeAdapters$13                                   : loaded 6 times (x 75B)
Class com.google.common.base.JdkPattern                                               : loaded 6 times (x 75B)
Class com.google.gson.internal.bind.JsonTreeWriter                                    : loaded 6 times (x 98B)
Class com.google.common.util.concurrent.ListenableFuture                              : loaded 6 times (x 70B)
Class com.google.common.cache.ReferenceEntry                                          : loaded 6 times (x 70B)
Class com.google.gson.internal.bind.NumberTypeAdapter$1                               : loaded 6 times (x 76B)
Class com.google.gson.internal.bind.ArrayTypeAdapter$1                                : loaded 6 times (x 75B)
Class com.google.gson.Gson$1                                                          : loaded 6 times (x 76B)
Class com.google.common.cache.CacheBuilder                                            : loaded 6 times (x 72B)
Class com.google.gson.internal.bind.TypeAdapters$1                                    : loaded 6 times (x 75B)
Class com.google.common.cache.CacheLoader$1                                           : loaded 6 times (x 75B)
Class com.google.gson.internal.bind.TypeAdapters$14                                   : loaded 6 times (x 75B)
Class com.google.common.base.Converter                                                : loaded 6 times (x 90B)
Class com.google.common.util.concurrent.UncheckedExecutionException                   : loaded 6 times (x 82B)
Class com.google.common.collect.AbstractMapBasedMultimap                              : loaded 6 times (x 139B)
Class com.google.common.util.concurrent.AbstractFuture                                : loaded 6 times (x 106B)
Class com.google.common.base.FunctionalEquivalence                                    : loaded 6 times (x 83B)
Class com.google.gson.internal.sql.SqlTypesSupport$1                                  : loaded 6 times (x 74B)
Class com.google.gson.internal.bind.TypeAdapters$2                                    : loaded 6 times (x 75B)
Class com.google.common.collect.AbstractMapEntry                                      : loaded 6 times (x 81B)
Class com.google.gson.internal.bind.TypeAdapterRuntimeTypeWrapper                     : loaded 6 times (x 74B)
Class com.google.common.cache.LocalCache$1                                            : loaded 6 times (x 89B)
Class com.google.common.collect.SingletonImmutableBiMap                               : loaded 6 times (x 143B)
Class com.google.common.base.Ascii                                                    : loaded 6 times (x 71B)
Class com.google.gson.internal.bind.TypeAdapters$15                                   : loaded 6 times (x 75B)
Class com.google.common.collect.Iterables                                             : loaded 6 times (x 71B)
Class com.google.gson.internal.bind.DefaultDateTypeAdapter$DateType                   : loaded 6 times (x 73B)
Class org.objectweb.asm.RecordComponentVisitor                                        : loaded 6 times (x 77B)
Class com.google.common.primitives.IntsMethodsForWeb                                  : loaded 6 times (x 71B)
Class com.google.common.cache.CacheLoader$SupplierToCacheLoader                       : loaded 6 times (x 75B)
Class com.google.gson.internal.sql.SqlTypesSupport$2                                  : loaded 6 times (x 74B)
Class com.google.gson.internal.bind.TypeAdapters$16                                   : loaded 6 times (x 75B)
Class com.google.gson.internal.bind.TypeAdapters$3                                    : loaded 6 times (x 75B)
Class com.google.gson.internal.bind.TypeAdapters$17                                   : loaded 6 times (x 75B)
Class com.google.common.collect.Maps$EntryTransformer                                 : loaded 6 times (x 70B)
Class [Lcom.google.common.cache.LocalCache$EntryFactory;                              : loaded 6 times (x 69B)
Class com.google.gson.ToNumberPolicy                                                  : loaded 6 times (x 83B)
Class com.google.gson.stream.JsonWriter                                               : loaded 6 times (x 98B)
Class [Lorg.objectweb.asm.Type;                                                       : loaded 6 times (x 69B)
Class com.google.common.collect.Platform                                              : loaded 6 times (x 71B)
Class com.google.gson.internal.bind.SerializationDelegatingTypeAdapter                : loaded 6 times (x 74B)
Class [Lcom.google.gson.ToNumberPolicy;                                               : loaded 6 times (x 69B)
Class com.google.gson.Gson                                                            : loaded 6 times (x 72B)
Class com.google.gson.internal.sql.SqlTypesSupport                                    : loaded 6 times (x 71B)
Class com.google.gson.internal.bind.TypeAdapters$18                                   : loaded 6 times (x 75B)
Class com.google.gson.internal.bind.TypeAdapters$5                                    : loaded 6 times (x 75B)
Class com.google.common.cache.LocalCache$EntryFactory$8                               : loaded 6 times (x 83B)
Class com.google.common.base.CommonPattern                                            : loaded 6 times (x 74B)
Class com.google.common.cache.LocalCache$LocalManualCache                             : loaded 6 times (x 99B)
Class com.google.common.cache.RemovalListener                                         : loaded 6 times (x 70B)
Class com.google.gson.internal.bind.ReflectiveTypeAdapterFactory$FieldReflectionAdapter: loaded 6 times (x 77B)
Class com.google.gson.internal.bind.TypeAdapters$19                                   : loaded 6 times (x 75B)
Class com.google.gson.internal.bind.TypeAdapters$6                                    : loaded 6 times (x 75B)
Class com.google.common.math.IntMath                                                  : loaded 6 times (x 71B)
Class com.google.gson.internal.bind.TypeAdapters$7                                    : loaded 6 times (x 75B)
Class org.objectweb.asm.commons.InstructionAdapter                                    : loaded 6 times (x 188B)
Class com.google.gson.GsonBuilder                                                     : loaded 6 times (x 72B)
Class com.google.gson.internal.bind.DefaultDateTypeAdapter                            : loaded 6 times (x 74B)
Class com.google.common.base.MoreObjects                                              : loaded 6 times (x 71B)
Class com.google.gson.internal.bind.ReflectiveTypeAdapterFactory$1                    : loaded 6 times (x 74B)
Class com.google.gson.ToNumberPolicy$4                                                : loaded 6 times (x 83B)
Class com.google.common.collect.ImmutableMap$Builder                                  : loaded 6 times (x 82B)
Class com.google.gson.internal.bind.CollectionTypeAdapterFactory$Adapter              : loaded 6 times (x 74B)
Class com.google.common.cache.LocalCache$EntryFactory$7                               : loaded 6 times (x 83B)
Class com.google.gson.internal.bind.TypeAdapters$8                                    : loaded 6 times (x 75B)
Class com.google.common.collect.ImmutableMapEntry                                     : loaded 6 times (x 85B)
Class com.google.common.base.Equivalence                                              : loaded 6 times (x 82B)
Class com.google.gson.internal.bind.TypeAdapters$9                                    : loaded 6 times (x 75B)
Class com.google.common.util.concurrent.AbstractFuture$Cancellation                   : loaded 6 times (x 72B)
Class com.google.common.collect.ImmutableMapEntry$NonTerminalImmutableMapEntry        : loaded 6 times (x 85B)
Class com.google.common.collect.ImmutableSet$EmptySetBuilderImpl                      : loaded 6 times (x 76B)
Class com.google.gson.stream.JsonReader$1                                             : loaded 6 times (x 72B)
Class com.google.gson.Gson$4                                                          : loaded 6 times (x 76B)
Class com.google.common.cache.CacheLoader$FunctionToCacheLoader                       : loaded 6 times (x 75B)
Class com.google.common.cache.CacheBuilder$OneWeigher                                 : loaded 6 times (x 82B)
Class com.google.gson.JsonParseException                                              : loaded 6 times (x 82B)
Class com.google.common.cache.Cache                                                   : loaded 6 times (x 70B)
Class com.google.gson.internal.ConstructorConstructor                                 : loaded 6 times (x 72B)
Class com.google.gson.ToNumberPolicy$3                                                : loaded 6 times (x 83B)
Class com.android.builder.model.v2.ide.ProjectType                                    : loaded 6 times (x 79B)
Class com.google.common.cache.LocalCache$EntryFactory$6                               : loaded 6 times (x 83B)
Class com.google.gson.LongSerializationPolicy                                         : loaded 6 times (x 80B)
Class com.google.common.cache.CacheBuilder$NullListener                               : loaded 6 times (x 82B)
Class org.objectweb.asm.FieldWriter                                                   : loaded 6 times (x 78B)
Class com.google.common.collect.Maps                                                  : loaded 6 times (x 71B)
Class com.google.gson.internal.sql.SqlDateTypeAdapter                                 : loaded 6 times (x 74B)
Class [Lcom.google.common.collect.ImmutableEntry;                                     : loaded 6 times (x 69B)
Class com.google.common.collect.ImmutableEnumSet                                      : loaded 6 times (x 146B)
Class com.google.common.cache.LocalCache$LoadingValueReference                        : loaded 6 times (x 96B)
Class com.google.common.base.Platform                                                 : loaded 6 times (x 71B)
Class com.google.common.collect.MapDifference                                         : loaded 6 times (x 70B)
Class com.google.common.cache.LocalCache$Strength$3                                   : loaded 6 times (x 81B)
Class com.google.gson.internal.bind.ReflectiveTypeAdapterFactory$RecordAdapter        : loaded 6 times (x 77B)
Class com.google.common.util.concurrent.ExecutionError                                : loaded 6 times (x 82B)
Class [Lorg.objectweb.asm.AnnotationWriter;                                           : loaded 6 times (x 69B)
Class com.google.gson.JsonIOException                                                 : loaded 6 times (x 82B)
Class com.google.gson.JsonObject                                                      : loaded 6 times (x 93B)
Class com.google.common.cache.LocalCache$Strength                                     : loaded 6 times (x 81B)
Class com.google.common.collect.Maps$8                                                : loaded 6 times (x 82B)
Class com.google.common.collect.Sets$SetView                                          : loaded 6 times (x 138B)
Class com.google.common.cache.LocalCache$Strength$2                                   : loaded 6 times (x 81B)
Class com.google.common.util.concurrent.SettableFuture                                : loaded 6 times (x 114B)
Class com.google.common.cache.LocalCache$StrongValueReference                         : loaded 6 times (x 90B)
Class com.google.common.collect.BiMap                                                 : loaded 6 times (x 70B)
Class org.objectweb.asm.Type                                                          : loaded 6 times (x 72B)
Class com.google.gson.LongSerializationPolicy$1                                       : loaded 6 times (x 80B)
Class com.google.common.math.IntMath$1                                                : loaded 6 times (x 71B)
Class org.objectweb.asm.ByteVector                                                    : loaded 6 times (x 79B)
Class [Lcom.google.common.cache.CacheBuilder$NullListener;                            : loaded 6 times (x 69B)
Class com.google.gson.LongSerializationPolicy$2                                       : loaded 6 times (x 80B)
Class com.google.gson.ToNumberPolicy$2                                                : loaded 6 times (x 83B)
Class com.google.common.cache.LocalCache$Strength$1                                   : loaded 6 times (x 81B)
Class org.objectweb.asm.ModuleVisitor                                                 : loaded 6 times (x 81B)
Class com.google.common.collect.Sets$4                                                : loaded 6 times (x 139B)
Class com.google.common.cache.LocalCache$EntryFactory$5                               : loaded 6 times (x 83B)
Class org.objectweb.asm.Symbol                                                        : loaded 6 times (x 73B)
Class com.google.common.base.Stopwatch                                                : loaded 6 times (x 72B)
Class com.google.gson.reflect.TypeToken                                               : loaded 6 times (x 75B)
Class com.google.common.cache.Weigher                                                 : loaded 6 times (x 70B)
Class com.google.common.collect.RegularImmutableMap$Values                            : loaded 6 times (x 207B)
Class org.objectweb.asm.AnnotationWriter                                              : loaded 6 times (x 79B)
Class com.google.common.cache.CacheStats                                              : loaded 6 times (x 71B)
Class com.google.common.cache.LocalCache$LocalLoadingCache                            : loaded 6 times (x 134B)
Class com.google.common.collect.Sets$3                                                : loaded 6 times (x 139B)
Class [Lorg.objectweb.asm.AnnotationVisitor;                                          : loaded 6 times (x 69B)
Class com.google.gson.internal.sql.SqlTimestampTypeAdapter$1                          : loaded 6 times (x 75B)
Class com.google.gson.internal.Excluder                                               : loaded 6 times (x 75B)
Class [Lcom.google.gson.FieldNamingStrategy;                                          : loaded 6 times (x 69B)
Class com.google.gson.ToNumberPolicy$1                                                : loaded 6 times (x 83B)
Class com.google.gson.JsonPrimitive                                                   : loaded 6 times (x 93B)
Class org.objectweb.asm.RecordComponentWriter                                         : loaded 6 times (x 78B)
Class com.google.common.util.concurrent.AbstractFuture$Listener                       : loaded 6 times (x 72B)
Class com.google.common.collect.ImmutableMapEntrySet                                  : loaded 6 times (x 152B)
Class [Lcom.android.builder.model.v2.ide.ProjectType;                                 : loaded 6 times (x 69B)
Class com.google.gson.internal.ObjectConstructor                                      : loaded 6 times (x 70B)
Class com.google.gson.JsonElement                                                     : loaded 6 times (x 92B)
Class org.objectweb.asm.Attribute                                                     : loaded 6 times (x 77B)
Class com.google.common.base.Supplier                                                 : loaded 6 times (x 70B)
Class com.google.gson.internal.bind.CollectionTypeAdapterFactory                      : loaded 6 times (x 75B)
Class org.objectweb.asm.ClassWriter                                                   : loaded 6 times (x 106B)
Class com.google.common.collect.RegularImmutableMap                                   : loaded 6 times (x 121B)
Class com.google.common.collect.ImmutableMap$MapViewOfValuesAsSingletonSets           : loaded 6 times (x 126B)
Class com.google.gson.FieldNamingStrategy                                             : loaded 6 times (x 70B)
Class com.google.gson.JsonArray                                                       : loaded 6 times (x 100B)
Class com.google.common.collect.Sets$2                                                : loaded 6 times (x 139B)
Class com.google.common.cache.LocalCache$EntryFactory$4                               : loaded 6 times (x 83B)
Class com.google.common.base.Strings                                                  : loaded 6 times (x 71B)
Class com.google.common.collect.ImmutableSet$Builder                                  : loaded 6 times (x 85B)
Class com.google.common.collect.Sets                                                  : loaded 6 times (x 71B)
Class org.objectweb.asm.Handler                                                       : loaded 6 times (x 72B)
Class com.google.common.base.Ticker                                                   : loaded 6 times (x 72B)
Class com.google.common.cache.CacheLoader$UnsupportedLoadingOperationException        : loaded 6 times (x 82B)
Class com.google.common.collect.ImmutableMapEntrySet$RegularEntrySet                  : loaded 6 times (x 152B)
Class com.google.gson.internal.bind.TreeTypeAdapter                                   : loaded 6 times (x 75B)
Class com.google.common.collect.Maps$BiMapConverter                                   : loaded 6 times (x 90B)
Class com.google.gson.internal.bind.NumberTypeAdapter                                 : loaded 6 times (x 74B)
Class com.google.gson.internal.sql.SqlTimeTypeAdapter                                 : loaded 6 times (x 74B)
Class com.google.common.base.Ticker$1                                                 : loaded 6 times (x 72B)
Class com.google.common.cache.LocalCache$EntryFactory$3                               : loaded 6 times (x 83B)
Class [Lcom.google.common.cache.LocalCache$Segment;                                   : loaded 6 times (x 69B)
Class [Lcom.google.common.cache.LocalCache$Strength;                                  : loaded 6 times (x 69B)
Class com.google.common.cache.CacheBuilder$1                                          : loaded 6 times (x 85B)
Class org.objectweb.asm.ModuleWriter                                                  : loaded 6 times (x 82B)
Class com.google.common.collect.ArrayListMultimapGwtSerializationDependencies         : loaded 6 times (x 172B)
Class com.google.gson.internal.bind.TypeAdapters$20                                   : loaded 6 times (x 75B)
Class com.google.common.collect.ImmutableMap                                          : loaded 6 times (x 120B)
Class com.google.gson.FieldNamingPolicy                                               : loaded 6 times (x 83B)
Class com.google.common.cache.LocalCache                                              : loaded 6 times (x 187B)
Class com.google.gson.internal.bind.TypeAdapters                                      : loaded 6 times (x 71B)
Class com.google.common.cache.CacheBuilder$2                                          : loaded 6 times (x 79B)
Class com.google.gson.internal.bind.JsonAdapterAnnotationTypeAdapterFactory           : loaded 6 times (x 75B)
Class org.objectweb.asm.AnnotationVisitor                                             : loaded 6 times (x 78B)
Class com.google.common.collect.Sets$1                                                : loaded 6 times (x 139B)
Class com.google.common.collect.Multiset                                              : loaded 6 times (x 70B)
Class com.google.gson.internal.bind.TypeAdapters$21                                   : loaded 6 times (x 75B)
Class com.google.common.cache.LocalCache$EntryFactory$2                               : loaded 6 times (x 83B)
Class com.google.gson.FieldNamingPolicy$1                                             : loaded 6 times (x 83B)
Class com.google.common.collect.ArrayListMultimap                                     : loaded 6 times (x 172B)
Class com.google.gson.internal.bind.TypeAdapters$22                                   : loaded 6 times (x 75B)
Class com.google.gson.FieldNamingPolicy$2                                             : loaded 6 times (x 83B)
Class com.google.gson.internal.Excluder$1                                             : loaded 6 times (x 74B)
Class [Lcom.google.common.collect.AbstractMapEntry;                                   : loaded 6 times (x 69B)
Class com.google.common.collect.ImmutableEntry                                        : loaded 6 times (x 82B)
Class com.google.gson.internal.bind.TypeAdapters$23                                   : loaded 6 times (x 75B)
Class com.google.gson.FieldNamingPolicy$3                                             : loaded 6 times (x 83B)
Class com.google.common.collect.CollectPreconditions                                  : loaded 6 times (x 71B)
Class com.google.gson.internal.bind.TypeAdapters$24                                   : loaded 6 times (x 75B)
Class com.google.common.collect.ImmutableEnumMap                                      : loaded 6 times (x 126B)
Class com.google.gson.FieldNamingPolicy$4                                             : loaded 6 times (x 83B)
Class com.google.common.collect.ListMultimap                                          : loaded 6 times (x 70B)
Class com.google.common.math.MathPreconditions                                        : loaded 6 times (x 71B)
Class com.google.common.collect.ObjectArrays                                          : loaded 6 times (x 71B)
Class com.google.common.collect.SortedMapDifference                                   : loaded 6 times (x 70B)
Class [Lcom.google.common.cache.RemovalListener;                                      : loaded 6 times (x 69B)
Class com.android.utils.FileUtils                                                     : loaded 6 times (x 71B)
Class com.google.common.cache.LocalCache$EntryFactory$1                               : loaded 6 times (x 83B)
Class com.google.common.cache.LocalCache$EntryFactory                                 : loaded 6 times (x 83B)
Class [Lorg.objectweb.asm.Symbol;                                                     : loaded 6 times (x 69B)
Class org.objectweb.asm.ClassVisitor                                                  : loaded 6 times (x 88B)
Class com.google.gson.internal.bind.TypeAdapters$25                                   : loaded 6 times (x 75B)
Class com.google.gson.FieldNamingPolicy$5                                             : loaded 6 times (x 83B)
Class com.google.common.cache.LocalCache$AbstractReferenceEntry                       : loaded 6 times (x 107B)
Class com.google.gson.internal.bind.ArrayTypeAdapter                                  : loaded 6 times (x 74B)
Class com.google.gson.internal.bind.TypeAdapters$26                                   : loaded 6 times (x 75B)
Class com.google.gson.FieldNamingPolicy$6                                             : loaded 6 times (x 83B)
Class org.objectweb.asm.SymbolTable                                                   : loaded 6 times (x 72B)
Class com.google.gson.internal.bind.TypeAdapters$30                                   : loaded 6 times (x 76B)
Class com.google.gson.internal.bind.JsonTreeReader                                    : loaded 6 times (x 98B)
Class com.google.gson.TypeAdapterFactory                                              : loaded 6 times (x 70B)
Class com.google.common.primitives.Ints                                               : loaded 6 times (x 71B)
Class [Lcom.google.common.collect.ImmutableMapEntry;                                  : loaded 6 times (x 69B)
Class com.google.gson.internal.bind.ObjectTypeAdapter                                 : loaded 6 times (x 74B)
Class com.google.common.cache.CacheLoader$InvalidCacheLoadException                   : loaded 6 times (x 82B)
Class com.google.gson.internal.bind.TypeAdapters$27                                   : loaded 6 times (x 75B)
Class com.google.gson.FieldNamingPolicy$7                                             : loaded 6 times (x 83B)
Class org.objectweb.asm.MethodVisitor                                                 : loaded 6 times (x 105B)
Class org.objectweb.asm.Frame                                                         : loaded 6 times (x 73B)
Class com.android.builder.model.v2.CustomSourceDirectory                              : loaded 6 times (x 70B)
Class com.google.common.cache.LocalCache$StrongEntry                                  : loaded 6 times (x 108B)
Class com.google.common.util.concurrent.AbstractFuture$TrustedFuture                  : loaded 6 times (x 114B)
Class com.google.common.cache.LoadingCache                                            : loaded 6 times (x 70B)
Class org.objectweb.asm.FieldVisitor                                                  : loaded 6 times (x 77B)
Class [Lcom.google.gson.LongSerializationPolicy;                                      : loaded 6 times (x 69B)
Class org.objectweb.asm.MethodWriter                                                  : loaded 6 times (x 106B)
Class [Lcom.google.common.cache.Weigher;                                              : loaded 6 times (x 69B)
Class com.google.gson.internal.bind.MapTypeAdapterFactory                             : loaded 6 times (x 75B)
Class com.google.gson.internal.bind.TypeAdapters$29                                   : loaded 6 times (x 75B)
Class com.google.common.collect.ImmutableMap$1                                        : loaded 6 times (x 81B)
Class com.google.gson.Gson$5                                                          : loaded 6 times (x 76B)
Class com.google.gson.JsonNull                                                        : loaded 6 times (x 92B)
Class com.google.gson.ToNumberStrategy                                                : loaded 6 times (x 70B)
Class com.google.common.collect.RegularImmutableMap$BucketOverflowException           : loaded 6 times (x 82B)
Class com.google.gson.internal.bind.TypeAdapters$32                                   : loaded 6 times (x 76B)
Class com.google.common.collect.RegularImmutableBiMap                                 : loaded 6 times (x 149B)
Class com.google.common.cache.LocalCache$ValueReference                               : loaded 6 times (x 70B)
Class com.google.gson.TypeAdapter                                                     : loaded 6 times (x 73B)
Class com.google.common.base.Platform$JdkPatternCompiler                              : loaded 6 times (x 75B)
Class com.google.common.collect.IndexedImmutableSet                                   : loaded 6 times (x 152B)
Class com.google.gson.internal.bind.DefaultDateTypeAdapter$DateType$1                 : loaded 6 times (x 73B)
Class org.objectweb.asm.ClassTooLargeException                                        : loaded 6 times (x 83B)
Class org.objectweb.asm.CurrentFrame                                                  : loaded 6 times (x 73B)
Class org.objectweb.asm.Label                                                         : loaded 6 times (x 73B)
Class com.google.common.base.PatternCompiler                                          : loaded 6 times (x 70B)
Class com.google.common.util.concurrent.AbstractFuture$Failure                        : loaded 6 times (x 72B)
Class com.google.common.base.Equivalence$Equals                                       : loaded 6 times (x 82B)
Class com.google.gson.internal.LazilyParsedNumber                                     : loaded 6 times (x 78B)
Class com.google.common.collect.Hashing                                               : loaded 6 times (x 71B)
Class com.google.common.util.concurrent.Uninterruptibles                              : loaded 6 times (x 71B)
Class com.google.gson.JsonSyntaxException                                             : loaded 6 times (x 82B)
Class org.objectweb.asm.MethodTooLargeException                                       : loaded 6 times (x 83B)
Class com.google.gson.internal.bind.TypeAdapters$31                                   : loaded 6 times (x 76B)
Class com.google.gson.internal.bind.TypeAdapters$4                                    : loaded 6 times (x 75B)
Class com.google.common.base.Suppliers                                                : loaded 6 times (x 71B)
Class [Lcom.google.common.cache.CacheBuilder$OneWeigher;                              : loaded 6 times (x 69B)
Class com.android.build.gradle.internal.dsl.BuildTypeFactory                          : loaded 5 times (x 77B)
Class com.google.protobuf.GeneratedMessageV3$BuilderParent                            : loaded 5 times (x 70B)
Class com.google.protobuf.Internal$IntList                                            : loaded 5 times (x 70B)
Class com.android.build.api.dsl.AssetPackBundleExtension                              : loaded 5 times (x 70B)
Class com.android.build.api.dsl.JniLibsPackaging                                      : loaded 5 times (x 70B)
Class com.android.build.gradle.internal.TaskManager$Companion$createTasksBeforeEvaluate$1: loaded 5 times (x 74B)
Class com.android.build.gradle.options.Option$Status$STABLE                           : loaded 5 times (x 71B)
Class com.android.build.api.variant.HasDeviceTestsBuilder                             : loaded 5 times (x 70B)
Class com.android.builder.model.v2.dsl.DependenciesInfo                               : loaded 5 times (x 70B)
Class com.google.common.io.CharSink                                                   : loaded 5 times (x 79B)
Class com.android.build.gradle.AppPlugin                                              : loaded 5 times (x 76B)
Class com.android.build.gradle.DynamicFeaturePlugin                                   : loaded 5 times (x 76B)
Class com.android.build.gradle.AppExtension                                           : loaded 5 times (x 215B)
Class com.android.build.gradle.internal.plugins.DslContainerProvider                  : loaded 5 times (x 70B)
Class com.android.build.gradle.internal.plugins.BasePlugin$extension$2                : loaded 5 times (x 79B)
Class com.android.build.api.artifact.impl.ArtifactContainer                           : loaded 5 times (x 75B)
Class com.android.build.api.artifact.impl.SingleArtifactContainer                     : loaded 5 times (x 75B)
Class com.android.build.gradle.internal.lint.AndroidLintGlobalTask$UpdateBaselineCreationAction$Companion: loaded 5 times (x 71B)
Class com.android.build.gradle.internal.plugins.AndroidPluginBaseServices$projectServices$2$1$2: loaded 5 times (x 79B)
Class com.android.builder.signing.DefaultSigningConfig$Companion                      : loaded 5 times (x 71B)
Class com.android.build.gradle.internal.ide.dependencies.MavenCoordinatesCacheBuildService$RegistrationAction: loaded 5 times (x 74B)
Class com.android.build.gradle.internal.AvdComponentsBuildService$RegistrationAction  : loaded 5 times (x 74B)
Class com.android.build.gradle.internal.dsl.BundleOptionsAbi$AgpDecorated_Decorated   : loaded 5 times (x 125B)
Class com.google.common.base.CharMatcher$None                                         : loaded 5 times (x 112B)
Class com.android.build.gradle.internal.api.AndroidSourceSetName$Companion            : loaded 5 times (x 71B)
Class com.android.build.gradle.internal.dsl.ManagedDevices_Decorated                  : loaded 5 times (x 124B)
Class com.android.build.gradle.internal.dsl.ApplicationPublishingImpl$AgpDecorated    : loaded 5 times (x 86B)
Class com.android.build.gradle.internal.tasks.factory.BootClasspathConfigImpl$2       : loaded 5 times (x 79B)
Class com.android.build.gradle.internal.dsl.SdkComponentsImpl                         : loaded 5 times (x 86B)
Class com.android.build.gradle.internal.dsl.SigningConfig$AgpDecorated                : loaded 5 times (x 150B)
Class com.android.build.api.artifact.Artifact$Companion                               : loaded 5 times (x 71B)
Class com.android.builder.model.v2.ide.ProjectInfo                                    : loaded 5 times (x 70B)
Class com.android.build.gradle.internal.plugins.BasePlugin$Companion                  : loaded 5 times (x 71B)
Class [Lcom.android.build.gradle.options.ReplacedOption;                              : loaded 5 times (x 69B)
Class com.android.build.api.dsl.FusedLibraryExtension                                 : loaded 5 times (x 70B)
Class com.android.build.gradle.internal.plugins.AndroidPluginBaseServices$projectServices$2$1$1: loaded 5 times (x 125B)
Class com.android.build.gradle.internal.dsl.AndroidTestImpl                           : loaded 5 times (x 77B)
Class com.android.build.gradle.internal.ManagedDeviceUtilsKt$getManagedDeviceAvdFolder$1: loaded 5 times (x 75B)
Class com.android.build.gradle.internal.services.AndroidLocationsBuildService$Inject_ : loaded 5 times (x 110B)
Class com.android.build.gradle.internal.dependency.JacocoInstrumentationService$RegistrationAction: loaded 5 times (x 74B)
Class com.android.build.gradle.internal.services.FakeDependencyJarBuildService        : loaded 5 times (x 82B)
Class com.google.protobuf.PrimitiveNonBoxingCollection                                : loaded 5 times (x 70B)
Class com.android.build.api.dsl.ApkSigningConfig                                      : loaded 5 times (x 70B)
Class com.android.build.api.dsl.BundleTexture                                         : loaded 5 times (x 70B)
Class com.android.build.gradle.internal.dsl.KmpOptimizationImpl                       : loaded 5 times (x 83B)
Class com.android.build.gradle.internal.api.DefaultAndroidSourceSet$AndroidSourceDirectorySetFactory: loaded 5 times (x 75B)
Class com.android.build.gradle.internal.tasks.factory.BootClasspathConfigImpl$1       : loaded 5 times (x 79B)
Class com.google.common.collect.ImmutableMultimap$2                                   : loaded 5 times (x 81B)
Class com.android.tools.analytics.Environment$EnvironmentVariable                     : loaded 5 times (x 79B)
Class com.google.protobuf.Message$Builder                                             : loaded 5 times (x 70B)
Class com.android.tools.analytics.HostData$graphicsEnvironment$2                      : loaded 5 times (x 78B)
Class com.android.build.api.dsl.BuildType                                             : loaded 5 times (x 70B)
Class com.android.build.gradle.internal.dsl.CoreProductFlavor                         : loaded 5 times (x 70B)
Class com.android.build.gradle.internal.TaskManager$Companion$createTasksBeforeEvaluate$2: loaded 5 times (x 74B)
Class com.android.build.gradle.internal.dsl.PackagingOptions$AgpDecorated_Decorated   : loaded 5 times (x 162B)
Class com.android.build.gradle.internal.dsl.ShaderOptions                             : loaded 5 times (x 87B)
Class com.android.build.gradle.internal.dsl.SigningConfigFactory                      : loaded 5 times (x 77B)
Class com.android.build.gradle.internal.dsl.BaseFlavor                                : loaded 5 times (x 428B)
Class com.android.utils.EnvironmentProvider$DirectEnvironmentProvider                 : loaded 5 times (x 80B)
Class com.google.wireless.android.sdk.stats.GarbageCollectionStatsOrBuilder           : loaded 5 times (x 70B)
Class com.android.build.gradle.internal.profile.AnalyticsService                      : loaded 5 times (x 110B)
Class com.google.wireless.android.sdk.stats.InstantRunStatus                          : loaded 5 times (x 205B)
Class [Lcom.android.build.gradle.options.IntegerOption;                               : loaded 5 times (x 69B)
Class com.android.build.gradle.options.BooleanOption                                  : loaded 5 times (x 89B)
Class com.android.build.gradle.internal.plugins.AbstractAppPlugin                     : loaded 5 times (x 93B)
Class com.android.build.gradle.internal.dsl.LintImpl$AgpDecorated_Decorated           : loaded 5 times (x 303B)
Class com.android.build.gradle.api.InstallableVariant                                 : loaded 5 times (x 70B)
Class com.android.build.api.variant.VariantSelector                                   : loaded 5 times (x 70B)
Class com.android.build.gradle.internal.variant.VariantModelImpl                      : loaded 5 times (x 87B)
Class org.objectweb.asm.tree.InvokeDynamicInsnNode                                    : loaded 5 times (x 78B)
Class com.google.common.collect.ImmutableMultimap$1                                   : loaded 5 times (x 82B)
Class com.google.common.util.concurrent.ListeningScheduledExecutorService             : loaded 5 times (x 70B)
Class com.android.build.gradle.internal.profile.AnalyticsConfiguratorService$State    : loaded 5 times (x 79B)
Class com.android.build.gradle.internal.plugins.AndroidPluginBaseServices$projectServices$2$1$3: loaded 5 times (x 79B)
Class com.android.build.gradle.options.FeatureStage$SoftlyEnforced                    : loaded 5 times (x 72B)
Class com.android.build.gradle.api.FusedLibraryPlugin                                 : loaded 5 times (x 74B)
Class com.google.protobuf.AbstractProtobufList                                        : loaded 5 times (x 229B)
Class com.android.build.gradle.internal.plugins.BasePlugin$variantManager$2           : loaded 5 times (x 79B)
Class com.android.build.api.dsl.ApplicationProductFlavor                              : loaded 5 times (x 70B)
Class com.android.build.gradle.internal.model.CoreExternalNativeBuild                 : loaded 5 times (x 70B)
Class com.google.gson.internal.reflect.ReflectionHelper$RecordSupportedHelper         : loaded 5 times (x 78B)
Class com.android.build.gradle.internal.api.artifact.SourceArtifactType$JNI           : loaded 5 times (x 74B)
Class com.android.build.gradle.internal.dsl.BaseAppModuleExtension_Decorated          : loaded 5 times (x 540B)
Class com.google.common.io.ByteStreams$LimitedInputStream                             : loaded 5 times (x 92B)
Class com.android.build.api.variant.CanMinifyCodeBuilder                              : loaded 5 times (x 70B)
Class com.android.build.gradle.internal.scope.InternalArtifactType$MERGED_JAVA_RES    : loaded 5 times (x 74B)
Class com.google.gson.internal.bind.TypeAdapters$28                                   : loaded 5 times (x 75B)
Class com.google.gson.internal.bind.TypeAdapters$EnumTypeAdapter                      : loaded 5 times (x 74B)
Class com.android.build.gradle.internal.tasks.NonIncrementalGlobalTask                : loaded 5 times (x 327B)
Class com.android.build.gradle.internal.plugins.BasePlugin$createTasks$1              : loaded 5 times (x 75B)
Class com.android.build.gradle.internal.plugins.BasePlugin$buildOutputs$2$1           : loaded 5 times (x 78B)
Class com.android.build.gradle.internal.dsl.DefaultConfig$AgpDecorated_Decorated      : loaded 5 times (x 517B)
Class com.google.common.base.CaseFormat                                               : loaded 5 times (x 83B)
Class com.android.build.gradle.internal.dsl.CoreExternalNativeNdkBuildOptions         : loaded 5 times (x 70B)
Class com.android.build.api.dsl.NdkBuildFlags                                         : loaded 5 times (x 70B)
Class com.android.build.gradle.internal.dsl.JavaCompileOptions$AgpDecorated           : loaded 5 times (x 86B)
Class com.android.build.gradle.internal.dsl.CmakeOptions$AgpDecorated                 : loaded 5 times (x 102B)
Class com.android.build.gradle.internal.dsl.SdkComponentsImpl$aidl$2                  : loaded 5 times (x 79B)
Class org.objectweb.asm.tree.MultiANewArrayInsnNode                                   : loaded 5 times (x 79B)
Class com.android.builder.model.v2.ide.TestedTargetVariant                            : loaded 5 times (x 70B)
Class [Lcom.google.common.util.concurrent.DirectExecutor;                             : loaded 5 times (x 69B)
Class com.android.build.gradle.internal.services.ServiceRegistrationAction$execute$1  : loaded 5 times (x 75B)
Class [Lcom.android.build.gradle.options.BooleanOption;                               : loaded 5 times (x 69B)
Class com.android.build.gradle.internal.dsl.AnnotationProcessorOptions$AgpDecorated   : loaded 5 times (x 106B)
Class com.android.build.gradle.internal.dsl.MultiDexConfigImpl                        : loaded 5 times (x 80B)
Class com.android.tools.analytics.CommonMetricsData                                   : loaded 5 times (x 71B)
Class com.android.build.gradle.internal.tasks.factory.TaskManagerConfig               : loaded 5 times (x 70B)
Class com.android.build.gradle.internal.services.AndroidLocationsBuildService$AndroidDirectoryCreator$Inject_: loaded 5 times (x 111B)
Class com.android.build.gradle.internal.tasks.factory.GlobalTaskCreationAction        : loaded 5 times (x 89B)
Class com.android.build.gradle.internal.TaskManager$Companion$createTasksBeforeEvaluate$3: loaded 5 times (x 74B)
Class com.android.build.gradle.internal.dsl.DefaultConfig                             : loaded 5 times (x 438B)
Class com.android.build.gradle.internal.dsl.BundleOptionsStoreArchive$AgpDecorated_Decorated: loaded 5 times (x 125B)
Class com.android.builder.model.LintOptions                                           : loaded 5 times (x 70B)
Class com.android.build.gradle.internal.api.DefaultAndroidSourceSet_Decorated         : loaded 5 times (x 273B)
Class com.google.common.base.Enums$StringConverter                                    : loaded 5 times (x 90B)
Class com.android.build.gradle.internal.dsl.ConfigurableFilesImpl                     : loaded 5 times (x 80B)
Class com.android.build.gradle.internal.dsl.LibraryPublishingImpl                     : loaded 5 times (x 86B)
Class com.android.build.gradle.internal.dsl.SplitOptions                              : loaded 5 times (x 88B)
Class com.android.build.gradle.internal.dsl.decorator.SupportedPropertyType$Collection$Map: loaded 5 times (x 74B)
Class com.android.build.gradle.internal.variant.AbstractVariantInputManager$Companion : loaded 5 times (x 71B)
Class com.google.wireless.android.sdk.stats.GradleBuildProfile$Builder                : loaded 5 times (x 348B)
Class com.google.protobuf.UnknownFieldSet                                             : loaded 5 times (x 87B)
Class com.android.build.gradle.options.Option                                         : loaded 5 times (x 70B)
Class com.google.gson.internal.bind.TypeAdapters$33                                   : loaded 5 times (x 76B)
Class com.android.build.gradle.options.SyncOptions$EvaluationMode                     : loaded 5 times (x 79B)
Class com.android.build.gradle.options.SyncOptions                                    : loaded 5 times (x 71B)
Class com.android.utils.ILogger                                                       : loaded 5 times (x 70B)
Class com.android.builder.model.VectorDrawablesOptions                                : loaded 5 times (x 70B)
Class com.google.common.base.Enums                                                    : loaded 5 times (x 71B)
Class com.android.builder.core.LibraryRequest                                         : loaded 5 times (x 72B)
Class com.android.build.gradle.internal.api.ReadOnlyObjectProvider                    : loaded 5 times (x 76B)
Class com.android.build.gradle.tasks.GenerateBuildConfig                              : loaded 5 times (x 346B)
Class com.android.build.gradle.tasks.AidlCompile                                      : loaded 5 times (x 338B)
Class com.google.gson.internal.reflect.ReflectionHelper                               : loaded 5 times (x 71B)
Class com.android.builder.model.v2.models.VariantDependencies                         : loaded 5 times (x 70B)
Class com.android.build.gradle.internal.ProguardFileType                              : loaded 5 times (x 79B)
Class org.objectweb.asm.tree.InsnList                                                 : loaded 5 times (x 103B)
Class com.android.build.gradle.internal.plugins.BasePlugin$apply$1                    : loaded 5 times (x 75B)
Class com.android.build.gradle.options.ApiStage$Removed                               : loaded 5 times (x 72B)
Class com.android.utils.NullLogger                                                    : loaded 5 times (x 85B)
Class com.android.build.gradle.internal.dsl.InternalBuildType                         : loaded 5 times (x 70B)
Class com.android.build.gradle.internal.dsl.SigningConfig                             : loaded 5 times (x 147B)
Class com.google.protobuf.GeneratedMessageV3$Builder                                  : loaded 5 times (x 278B)
Class org.objectweb.asm.tree.ClassNode                                                : loaded 5 times (x 91B)
Class com.android.tools.analytics.HostData$runtimeBean$2                              : loaded 5 times (x 78B)
Class com.android.prefs.QueryResult                                                   : loaded 5 times (x 82B)
Class [Lcom.google.wireless.android.sdk.stats.GradleBuildVariant$VariantType;         : loaded 5 times (x 69B)
Class com.android.build.gradle.internal.dsl.AndroidSourceSetFactory                   : loaded 5 times (x 77B)
Class com.android.builder.model.BaseConfig                                            : loaded 5 times (x 70B)
Class com.android.ide.common.signing.KeytoolException                                 : loaded 5 times (x 84B)
Class com.android.builder.core.ToolsRevisionUtils                                     : loaded 5 times (x 71B)
Class com.android.build.api.dsl.UnitTestOptions                                       : loaded 5 times (x 70B)
Class com.android.build.gradle.internal.tasks.factory.GlobalTaskCreationConfigImpl$Companion: loaded 5 times (x 71B)
Class com.android.build.gradle.internal.plugins.BasePlugin$variantManager$2$1         : loaded 5 times (x 79B)
Class com.google.common.base.CharMatcher$Whitespace                                   : loaded 5 times (x 112B)
Class com.android.build.gradle.internal.plugins.VersionCheckPlugin$apply$1            : loaded 5 times (x 79B)
Class com.android.utils.Environment$Companion                                         : loaded 5 times (x 71B)
Class com.android.build.api.dsl.TestDefaultConfig                                     : loaded 5 times (x 70B)
Class com.android.build.gradle.internal.dsl.decorator.SupportedPropertyType$Var$NullableInt: loaded 5 times (x 74B)
Class com.google.protobuf.LazyStringList                                              : loaded 5 times (x 70B)
Class com.android.builder.model.v2.models.AndroidDsl                                  : loaded 5 times (x 70B)
Class com.android.build.gradle.internal.dsl.BaselineProfileImpl$AgpDecorated_Decorated: loaded 5 times (x 128B)
Class [Lcom.android.prefs.VariableType;                                               : loaded 5 times (x 69B)
Class com.android.build.gradle.internal.plugins.BasePlugin$versionedSdkLoaderService$2$1: loaded 5 times (x 79B)
Class org.bouncycastle.operator.OperatorCreationException                             : loaded 5 times (x 82B)
Class com.android.build.gradle.internal.dsl.BundleOptionsTexture                      : loaded 5 times (x 81B)
Class com.android.build.api.dsl.JavaCompileOptions                                    : loaded 5 times (x 70B)
Class com.android.build.gradle.internal.dsl.PackagingOptions                          : loaded 5 times (x 111B)
Class com.android.build.api.artifact.ArtifactKind                                     : loaded 5 times (x 72B)
Class com.android.build.gradle.internal.dsl.AdbOptions                                : loaded 5 times (x 87B)
Class com.android.build.gradle.internal.dsl.BundleOptionsDensity$AgpDecorated_Decorated: loaded 5 times (x 125B)
Class com.android.build.gradle.internal.services.VariantBuilderServicesImpl           : loaded 5 times (x 88B)
Class com.google.common.io.Files                                                      : loaded 5 times (x 71B)
Class com.android.build.gradle.internal.services.ProjectServices                      : loaded 5 times (x 72B)
Class [Lcom.android.build.gradle.internal.errors.DeprecationReporter$DeprecationTarget;: loaded 5 times (x 69B)
Class com.android.build.gradle.options.FeatureStage$Experimental                      : loaded 5 times (x 72B)
Class com.android.build.gradle.internal.profile.AnalyticsConfiguratorService$Params$Inject_: loaded 5 times (x 106B)
Class com.android.build.gradle.internal.TaskManager$Companion$createTasksBeforeEvaluate$4: loaded 5 times (x 75B)
Class com.android.build.gradle.internal.services.TaskCreationServicesImpl             : loaded 5 times (x 102B)
Class com.android.build.gradle.options.SigningOptions                                 : loaded 5 times (x 72B)
Class com.android.build.gradle.internal.dsl.BundleOptions$AgpDecorated                : loaded 5 times (x 139B)
Class com.android.build.gradle.options.FeatureStage                                   : loaded 5 times (x 72B)
Class com.android.build.api.dsl.ExternalNativeBuildFlags                              : loaded 5 times (x 70B)
Class com.android.build.gradle.internal.dsl.decorator.DslDecorator$Companion$classLoaderDefineClass$2: loaded 5 times (x 78B)
Class com.android.build.gradle.internal.plugins.BasePlugin$variantFactory$2           : loaded 5 times (x 79B)
Class com.google.protobuf.Internal                                                    : loaded 5 times (x 71B)
Class com.google.gson.internal.bind.TypeAdapters$34                                   : loaded 5 times (x 76B)
Class com.android.build.gradle.internal.component.PublishableCreationConfig           : loaded 5 times (x 70B)
Class org.objectweb.asm.tree.Util                                                     : loaded 5 times (x 71B)
Class com.android.build.gradle.internal.plugins.BasePlugin$managedDeviceRegistry$2    : loaded 5 times (x 79B)
Class com.android.build.gradle.internal.plugins.AppPlugin                             : loaded 5 times (x 97B)
Class com.google.gson.internal.bind.TypeAdapters$34$1                                 : loaded 5 times (x 74B)
Class com.google.wireless.android.sdk.stats.GradleBuildMemorySample$1                 : loaded 5 times (x 151B)
Class com.google.protobuf.Internal$EnumLiteMap                                        : loaded 5 times (x 70B)
Class com.android.builder.internal.StringCachingService                               : loaded 5 times (x 70B)
Class com.android.build.api.dsl.ConfigurableFiles                                     : loaded 5 times (x 70B)
Class com.android.build.api.dsl.ApplicationInstallation                               : loaded 5 times (x 70B)
Class com.android.repository.Revision$Precision                                       : loaded 5 times (x 79B)
Class com.android.build.gradle.internal.dsl.Splits$AgpDecorated_Decorated             : loaded 5 times (x 129B)
Class com.android.build.gradle.internal.dsl.SdkComponentsImpl$ndkDirectory$2          : loaded 5 times (x 79B)
Class com.android.build.gradle.internal.tasks.ExtractProguardFiles$CreationAction$handleProvider$1: loaded 5 times (x 127B)
Class com.android.builder.model.v2.models.Versions$Version                            : loaded 5 times (x 70B)
Class [Lcom.google.common.io.FileWriteMode;                                           : loaded 5 times (x 69B)
Class com.android.build.api.dsl.ApkExtension                                          : loaded 5 times (x 70B)
Class com.android.build.gradle.options.ProjectOptions$OptionValue                     : loaded 5 times (x 72B)
Class com.android.build.gradle.internal.plugins.BasePlugin$createTasks$2              : loaded 5 times (x 77B)
Class com.google.common.base.Splitter                                                 : loaded 5 times (x 72B)
Class com.android.build.gradle.internal.tasks.BaseTask                                : loaded 5 times (x 326B)
Class com.google.common.collect.ForwardingMap                                         : loaded 5 times (x 132B)
Class com.android.build.gradle.internal.dsl.BuildType$AgpDecorated_Decorated          : loaded 5 times (x 441B)
Class com.android.build.gradle.internal.res.Aapt2FromMaven$Companion$create$aapt2Directory$1$1: loaded 5 times (x 74B)
Class com.google.wireless.android.sdk.stats.GradleBuildMemorySample                   : loaded 5 times (x 203B)
Class com.android.build.gradle.internal.ide.dependencies.LibraryDependencyCacheBuildService$Parameters: loaded 5 times (x 70B)
Class com.android.build.gradle.internal.services.VersionedSdkLoaderService$versionedSdkLoader$2$1: loaded 5 times (x 75B)
Class com.android.build.gradle.internal.dsl.VariantDimensionBinaryCompatibilityFixParent: loaded 5 times (x 70B)
Class com.android.build.gradle.internal.plugins.BasePlugin$globalConfig$2$1           : loaded 5 times (x 79B)
Class com.android.build.api.artifact.impl.TypedStorageProvider                        : loaded 5 times (x 72B)
Class com.android.build.api.artifact.impl.SinglePropertyAdapter                       : loaded 5 times (x 78B)
Class com.android.build.gradle.internal.lint.AndroidLintGlobalTask$LintFixCreationAction$Companion: loaded 5 times (x 71B)
Class com.android.builder.model.v2.ide.ApiVersion                                     : loaded 5 times (x 70B)
Class com.android.builder.model.v2.ide.AndroidLibraryData                             : loaded 5 times (x 70B)
Class com.android.build.gradle.internal.services.GlobalServiceRegistrationAction      : loaded 5 times (x 73B)
Class com.android.build.api.artifact.impl.ArtifactsImpl$1                             : loaded 5 times (x 78B)
Class com.android.build.api.dsl.ApplicationBuildFeatures                              : loaded 5 times (x 70B)
Class com.android.build.gradle.internal.dsl.Splits                                    : loaded 5 times (x 81B)
Class com.android.build.gradle.internal.dsl.ProductFlavorFactory                      : loaded 5 times (x 77B)
Class com.google.gson.TypeAdapter$1                                                   : loaded 5 times (x 74B)
Class com.android.build.api.dsl.TestVariantDimension                                  : loaded 5 times (x 70B)
Class com.android.build.gradle.internal.ManagedDeviceUtilsKt                          : loaded 5 times (x 71B)
Class com.android.build.api.dsl.ApplicationVariantDimension                           : loaded 5 times (x 70B)
Class com.android.build.gradle.internal.dsl.ApplicationExtensionImpl$AgpDecorated_Decorated: loaded 5 times (x 468B)
Class com.android.build.gradle.internal.dsl.BundleOptionsStoreArchive$AgpDecorated    : loaded 5 times (x 81B)
Class com.android.build.gradle.AssetPackPluginKt                                      : loaded 5 times (x 71B)
Class com.android.build.gradle.internal.plugins.LibraryPlugin                         : loaded 5 times (x 97B)
Class com.android.utils.Environment                                                   : loaded 5 times (x 74B)
Class com.android.build.gradle.internal.ide.dependencies.MavenCoordinatesCacheBuildService$Parameters_Decorated: loaded 5 times (x 130B)
Class com.android.build.gradle.internal.profile.AnalyticsService$Params               : loaded 5 times (x 70B)
Class com.android.build.gradle.internal.TaskManager$Companion$createTasksBeforeEvaluate$5: loaded 5 times (x 74B)
Class com.android.build.gradle.internal.tasks.factory.GlobalTaskCreationConfigImpl$versionedNdkHandler$2: loaded 5 times (x 79B)
Class com.android.build.api.artifact.impl.InternalScopedArtifacts$InternalScope       : loaded 5 times (x 79B)
Class com.android.build.gradle.internal.utils.AnalyticsEnabledValueSource$Inject_     : loaded 5 times (x 109B)
Class com.android.build.gradle.internal.dsl.OptimizationImpl$AgpDecorated_Decorated   : loaded 5 times (x 138B)
Class com.android.build.gradle.internal.utils.AnalyticsEnabledValueSource$Params_Decorated: loaded 5 times (x 130B)
Class com.android.build.gradle.internal.dependency.GenericTransformParameters         : loaded 5 times (x 70B)
Class com.android.build.gradle.options.ProjectOptionService$Inject_                   : loaded 5 times (x 97B)
Class com.android.build.gradle.internal.plugins.BasePlugin$taskManagerConfig$2        : loaded 5 times (x 79B)
Class com.android.build.gradle.internal.plugins.AppPlugin$ApplicationAndroidComponentsExtensionImplCompat: loaded 5 times (x 114B)
Class com.android.builder.model.v2.ide.AaptOptions$Namespacing                        : loaded 5 times (x 79B)
Class com.android.build.gradle.internal.services.BaseServicesImpl                     : loaded 5 times (x 83B)
Class com.android.build.gradle.internal.dsl.CommonExtensionImpl                       : loaded 5 times (x 208B)
Class [Lcom.android.prefs.LocationValue;                                              : loaded 5 times (x 69B)
Class com.android.build.gradle.internal.scope.DelayedActionsExecutor                  : loaded 5 times (x 72B)
Class com.android.build.gradle.internal.core.InternalBaseVariant                      : loaded 5 times (x 70B)
Class com.google.gson.stream.JsonToken                                                : loaded 5 times (x 79B)
Class com.android.build.gradle.internal.services.RunOnceBuildService                  : loaded 5 times (x 70B)
Class com.android.build.gradle.internal.services.GlobalServiceRegistrationAction$execute$1: loaded 5 times (x 75B)
Class com.android.build.api.instrumentation.manageddevice.ManagedDeviceRegistry       : loaded 5 times (x 70B)
Class org.objectweb.asm.tree.MethodInsnNode                                           : loaded 5 times (x 80B)
Class com.android.build.api.artifact.impl.ScopedArtifactsImpl$ScopedArtifactsContainer: loaded 5 times (x 72B)
Class com.android.SdkConstants                                                        : loaded 5 times (x 71B)
Class [Lcom.android.tools.analytics.Environment$EnvironmentVariable;                  : loaded 5 times (x 69B)
Class com.android.build.gradle.internal.dsl.SigningConfig$AgpDecorated_Decorated      : loaded 5 times (x 201B)
Class com.android.build.api.dsl.DexPackaging                                          : loaded 5 times (x 70B)
Class com.android.build.api.dsl.TestBuildType                                         : loaded 5 times (x 70B)
Class com.android.prefs.Global                                                        : loaded 5 times (x 80B)
Class [Lcom.android.build.gradle.internal.dsl.decorator.SupportedPropertyType;        : loaded 5 times (x 69B)
Class com.android.build.gradle.internal.api.artifact.SourceArtifactType               : loaded 5 times (x 74B)
Class com.android.builder.model.v2.models.ndk.NativeModelBuilderParameter             : loaded 5 times (x 70B)
Class com.android.build.gradle.internal.variant.VariantFactory                        : loaded 5 times (x 70B)
Class com.android.build.gradle.internal.core.dsl.VariantDslInfo                       : loaded 5 times (x 70B)
Class com.android.build.gradle.internal.variant.DimensionCombination                  : loaded 5 times (x 70B)
Class com.android.build.gradle.internal.core.dsl.ApplicationVariantDslInfo            : loaded 5 times (x 70B)
Class com.android.build.gradle.internal.plugins.AndroidPluginBaseServices$optionService$2$1: loaded 5 times (x 78B)
Class com.google.gson.InstanceCreator                                                 : loaded 5 times (x 70B)
Class com.android.build.gradle.internal.profile.NoOpAnalyticsConfiguratorService$Inject_: loaded 5 times (x 102B)
Class [Lcom.android.build.gradle.options.SyncOptions$EvaluationMode;                  : loaded 5 times (x 69B)
Class com.android.tools.analytics.AnalyticsSettingsData$Companion                     : loaded 5 times (x 71B)
Class com.android.build.api.extension.impl.VariantApiOperationsRegistrar              : loaded 5 times (x 72B)
Class com.android.build.api.variant.ApplicationAndroidComponentsExtension             : loaded 5 times (x 70B)
Class com.android.builder.profile.ThreadRecorder                                      : loaded 5 times (x 76B)
Class com.android.builder.model.v2.models.BasicAndroidProject                         : loaded 5 times (x 70B)
Class com.android.build.api.dsl.BundleCodeTransparency                                : loaded 5 times (x 70B)
Class com.android.build.api.dsl.BundleStoreArchive                                    : loaded 5 times (x 70B)
Class com.android.build.api.dsl.Ndk                                                   : loaded 5 times (x 70B)
Class com.android.builder.model.v2.ide.VectorDrawablesOptions                         : loaded 5 times (x 70B)
Class com.android.build.api.AndroidPluginVersion                                      : loaded 5 times (x 75B)
Class com.android.build.gradle.internal.dsl.DeviceGroupFactory                        : loaded 5 times (x 75B)
Class com.android.build.gradle.internal.dsl.ExternalNativeBuild$AgpDecorated_Decorated: loaded 5 times (x 144B)
Class com.android.builder.testing.api.DeviceProvider                                  : loaded 5 times (x 77B)
Class com.android.build.gradle.ProguardFiles$ProguardFile                             : loaded 5 times (x 79B)
Class com.android.build.api.artifact.impl.PropertyAdapter                             : loaded 5 times (x 70B)
Class com.android.build.gradle.internal.api.artifact.SourceArtifactType$ANDROID_RESOURCES: loaded 5 times (x 74B)
Class [Lcom.android.builder.model.v2.ide.BytecodeTransformation;                      : loaded 5 times (x 69B)
Class com.android.builder.model.v2.ide.AaptOptions                                    : loaded 5 times (x 70B)
Class com.android.build.api.variant.AndroidComponentsExtension                        : loaded 5 times (x 70B)
Class com.android.build.gradle.internal.plugins.AndroidPluginBaseServices$optionService$2: loaded 5 times (x 79B)
Class com.google.protobuf.ExtensionRegistryLite                                       : loaded 5 times (x 74B)
Class com.android.prefs.AbstractAndroidLocations                                      : loaded 5 times (x 82B)
Class com.android.build.gradle.internal.TaskManager$Companion$createTasksBeforeEvaluate$6: loaded 5 times (x 74B)
Class com.android.build.gradle.internal.tasks.factory.TaskFactoryUtils                : loaded 5 times (x 71B)
Class com.android.build.gradle.internal.api.artifact.SourceArtifactType$ASSETS        : loaded 5 times (x 74B)
Class com.android.build.gradle.internal.api.artifact.SourceArtifactType$JAVA_SOURCES  : loaded 5 times (x 74B)
Class com.android.build.gradle.internal.dsl.KeepRulesImpl$AgpDecorated_Decorated      : loaded 5 times (x 142B)
Class com.google.protobuf.Descriptors$Descriptor                                      : loaded 5 times (x 76B)
Class com.google.common.base.CaseFormat$1                                             : loaded 5 times (x 83B)
Class com.android.tools.analytics.HostDataKt                                          : loaded 5 times (x 71B)
Class com.google.protobuf.AbstractMessage                                             : loaded 5 times (x 164B)
Class com.android.build.gradle.internal.lint.AndroidLintInputs                        : loaded 5 times (x 71B)
Class com.android.build.gradle.internal.services.GlobalServiceRegistrationAction$execute$globalService$1: loaded 5 times (x 75B)
Class com.android.build.gradle.options.FeatureStage$Enforced                          : loaded 5 times (x 72B)
Class com.android.build.gradle.internal.component.ApplicationCreationConfig           : loaded 5 times (x 70B)
Class com.android.build.gradle.internal.errors.SyncIssueReporterImpl                  : loaded 5 times (x 77B)
Class com.android.build.gradle.internal.dsl.ApplicationExtensionImpl                  : loaded 5 times (x 387B)
Class com.android.build.api.variant.DslLifecycle                                      : loaded 5 times (x 70B)
Class com.android.build.gradle.internal.dependency.SourceSetManager                   : loaded 5 times (x 72B)
Class com.google.common.util.concurrent.AbstractFuture$Waiter                         : loaded 5 times (x 72B)
Class com.google.common.base.Converter$FunctionBasedConverter                         : loaded 5 times (x 90B)
Class com.android.build.gradle.internal.api.DefaultAndroidSourceSet                   : loaded 5 times (x 227B)
Class com.android.build.gradle.internal.dsl.LintImpl$AgpDecorated                     : loaded 5 times (x 223B)
Class com.android.builder.core.DexOptions                                             : loaded 5 times (x 70B)
Class com.android.build.gradle.internal.tasks.factory.TaskFactory                     : loaded 5 times (x 70B)
Class org.objectweb.asm.signature.SignatureWriter                                     : loaded 5 times (x 88B)
Class com.android.build.gradle.internal.dsl.InternalTestedExtension                   : loaded 5 times (x 70B)
Class com.android.build.gradle.internal.errors.SyncIssueReporter                      : loaded 5 times (x 76B)
Class com.android.build.gradle.options.SyncOptions$ErrorFormatMode                    : loaded 5 times (x 79B)
Class com.android.build.gradle.internal.res.Aapt2FromMaven                            : loaded 5 times (x 72B)
Class com.android.build.gradle.internal.res.Aapt2FromMaven$Companion                  : loaded 5 times (x 71B)
Class com.android.tools.analytics.HostData$memoryBean$2                               : loaded 5 times (x 78B)
Class com.android.build.gradle.internal.services.Aapt2ThreadPoolBuildServiceKt        : loaded 5 times (x 71B)
Class com.google.wireless.android.sdk.stats.GradleBuildMemorySample$Builder           : loaded 5 times (x 303B)
Class com.android.build.gradle.internal.variant.LegacyVariantInputManager$6           : loaded 5 times (x 74B)
Class com.android.build.gradle.internal.api.TestedVariant                             : loaded 5 times (x 70B)
Class com.android.build.gradle.internal.ide.v2.ModelBuilder$Companion                 : loaded 5 times (x 71B)
Class com.android.build.gradle.internal.lint.AndroidLintGlobalTask$UpdateBaselineCreationAction: loaded 5 times (x 91B)
Class [Lorg.objectweb.asm.Label;                                                      : loaded 5 times (x 69B)
Class com.google.common.base.AbstractIterator$State                                   : loaded 5 times (x 79B)
Class [Lcom.android.builder.model.v2.ide.AaptOptions$Namespacing;                     : loaded 5 times (x 69B)
Class com.android.build.gradle.internal.plugins.AppPlugin$1                           : loaded 5 times (x 86B)
Class com.android.build.gradle.internal.plugins.BasePlugin$versionedSdkLoaderService$2: loaded 5 times (x 79B)
Class com.android.build.gradle.options.Version                                        : loaded 5 times (x 80B)
Class com.android.tools.analytics.HostData$threadBean$2                               : loaded 5 times (x 78B)
Class com.google.wireless.android.sdk.stats.InstantRunStatusOrBuilder                 : loaded 5 times (x 70B)
Class com.android.tools.analytics.CommonMetricsData$GarbageCollectionStatsDiffs       : loaded 5 times (x 71B)
Class [Lcom.android.build.gradle.internal.core.Abi;                                   : loaded 5 times (x 69B)
Class com.android.build.api.dsl.LibraryDefaultConfig                                  : loaded 5 times (x 70B)
Class com.android.build.api.dsl.Split                                                 : loaded 5 times (x 70B)
Class com.android.build.gradle.api.ViewBindingOptions                                 : loaded 5 times (x 70B)
Class [Lcom.android.tools.analytics.Environment$SystemProperty;                       : loaded 5 times (x 69B)
Class com.android.tools.analytics.AnalyticsSettings                                   : loaded 5 times (x 71B)
Class com.android.build.gradle.internal.variant.LegacyVariantInputManager$5           : loaded 5 times (x 75B)
Class com.android.build.gradle.internal.dsl.TestOptions_Decorated                     : loaded 5 times (x 171B)
Class com.android.build.gradle.internal.dsl.EmulatorControl                           : loaded 5 times (x 83B)
Class com.android.build.gradle.internal.tasks.factory.BootClasspathConfigImpl$fullBootClasspath$2: loaded 5 times (x 79B)
Class com.android.build.api.variant.Aidl                                              : loaded 5 times (x 70B)
Class [Lcom.google.gson.ReflectionAccessFilter$FilterResult;                          : loaded 5 times (x 69B)
Class com.google.common.io.LineProcessor                                              : loaded 5 times (x 70B)
Class com.google.common.io.Closer$Suppressor                                          : loaded 5 times (x 70B)
Class com.google.common.collect.ImmutableMultisetGwtSerializationDependencies         : loaded 5 times (x 125B)
Class com.android.build.api.variant.Component                                         : loaded 5 times (x 70B)
Class com.android.build.gradle.internal.crash.CrashReporting                          : loaded 5 times (x 71B)
Class com.android.build.gradle.options.ApiStage$Stable                                : loaded 5 times (x 72B)
Class com.android.ide.common.blame.SourceFilePosition                                 : loaded 5 times (x 72B)
Class com.android.builder.model.v2.ide.Edge                                           : loaded 5 times (x 70B)
Class com.android.build.gradle.tasks.JavaCompileUtils                                 : loaded 5 times (x 71B)
Class com.android.build.api.variant.DslExtension                                      : loaded 5 times (x 72B)
Class com.android.build.gradle.internal.dsl.BundleOptionsTexture$AgpDecorated_Decorated: loaded 5 times (x 130B)
Class com.google.common.io.ByteStreams$1                                              : loaded 5 times (x 85B)
Class com.android.build.api.dsl.ManagedDevices                                        : loaded 5 times (x 70B)
Class [Lcom.android.repository.Revision$Precision;                                    : loaded 5 times (x 69B)
Class com.android.build.gradle.internal.dsl.ApplicationExtensionImpl$AgpDecorated     : loaded 5 times (x 388B)
Class com.google.gson.internal.ReflectionAccessFilterHelper                           : loaded 5 times (x 71B)
Class com.google.common.base.CaseFormat$2                                             : loaded 5 times (x 83B)
Class com.google.common.util.concurrent.AbstractFuture$SafeAtomicHelper               : loaded 5 times (x 79B)
Class com.android.build.api.dsl.ConsumerKeepRules                                     : loaded 5 times (x 70B)
Class com.android.build.gradle.internal.dsl.decorator.LockableSet                     : loaded 5 times (x 145B)
Class com.android.builder.model.SigningConfig                                         : loaded 5 times (x 70B)
Class com.android.build.gradle.api.AndroidSourceSet                                   : loaded 5 times (x 70B)
Class [Lcom.android.builder.core.ComponentTypeImpl;                                   : loaded 5 times (x 69B)
Class com.google.wireless.android.sdk.stats.GarbageCollectionStats$1                  : loaded 5 times (x 151B)
Class com.google.gson.internal.reflect.ReflectionHelper$RecordHelper                  : loaded 5 times (x 75B)
Class [Lcom.android.build.gradle.options.StringOption;                                : loaded 5 times (x 69B)
Class com.android.build.gradle.options.ApiStage                                       : loaded 5 times (x 72B)
Class com.android.build.gradle.internal.plugins.AndroidPluginBaseServices$projectServices$2$1: loaded 5 times (x 79B)
Class com.android.build.api.variant.HasUnitTest                                       : loaded 5 times (x 70B)
Class com.android.build.gradle.internal.component.ConsumableCreationConfig            : loaded 5 times (x 70B)
Class com.android.build.gradle.internal.errors.DeprecationReporter                    : loaded 5 times (x 70B)
Class com.android.tools.analytics.Environment                                         : loaded 5 times (x 73B)
Class com.android.build.gradle.internal.dsl.NdkBuildOptions$AgpDecorated_Decorated    : loaded 5 times (x 139B)
Class com.android.prefs.VariableType                                                  : loaded 5 times (x 79B)
Class com.android.build.gradle.internal.dsl.NdkBuildOptions$AgpDecorated              : loaded 5 times (x 96B)
Class com.android.build.gradle.internal.dsl.decorator.DslDecorator$ManagedProperty    : loaded 5 times (x 72B)
Class com.android.build.gradle.internal.dsl.NdkOptions_Decorated                      : loaded 5 times (x 166B)
Class com.android.build.gradle.internal.api.artifact.SourceArtifactType$RENDERSCRIPT  : loaded 5 times (x 74B)
Class com.android.build.gradle.internal.variant.LegacyVariantInputManager$4           : loaded 5 times (x 74B)
Class com.android.build.gradle.internal.dsl.ResourcesPackagingImpl$AgpDecorated_Decorated: loaded 5 times (x 129B)
Class com.android.build.gradle.api.ApkVariant                                         : loaded 5 times (x 70B)
Class com.android.builder.core.DefaultDexOptions                                      : loaded 5 times (x 99B)
Class com.android.build.gradle.ProguardFiles                                          : loaded 5 times (x 71B)
Class com.android.build.gradle.internal.lint.AndroidLintGlobalTask$BaseGlobalCreationAction: loaded 5 times (x 91B)
Class com.google.common.io.ByteArrayDataInput                                         : loaded 5 times (x 70B)
Class com.android.build.gradle.internal.lint.AndroidLintGlobalTask$LintFixCreationAction: loaded 5 times (x 91B)
Class com.android.build.gradle.internal.plugins.BasePlugin$createAndroidTasks$1       : loaded 5 times (x 77B)
Class com.android.build.gradle.internal.plugins.AndroidPluginBaseServices$settingsExtension$2: loaded 5 times (x 79B)
Class com.android.build.gradle.internal.plugins.BasePlugin$bootClasspathConfig$2      : loaded 5 times (x 79B)
Class com.android.build.gradle.internal.dsl.CommonExtensionImpl$sdkComponents$2       : loaded 5 times (x 79B)
Class com.android.builder.model.PackagingOptions                                      : loaded 5 times (x 70B)
Class com.android.build.api.dsl.DynamicFeatureDefaultConfig                           : loaded 5 times (x 70B)
Class [Lcom.android.builder.core.ComponentType;                                       : loaded 5 times (x 69B)
Class com.google.common.base.CharMatcher$Ascii                                        : loaded 5 times (x 112B)
Class com.google.protobuf.AbstractMessage$BuilderParent                               : loaded 5 times (x 70B)
Class com.android.build.gradle.internal.dsl.decorator.AndroidPluginDslDecoratorKt     : loaded 5 times (x 71B)
Class com.android.build.gradle.internal.dsl.CoreNdkOptions                            : loaded 5 times (x 70B)
Class com.android.build.gradle.internal.dsl.AarMetadataImpl$AgpDecorated_Decorated    : loaded 5 times (x 137B)
Class com.android.build.gradle.internal.variant.LegacyVariantInputManager$3           : loaded 5 times (x 75B)
Class com.android.build.api.dsl.EmulatorControl                                       : loaded 5 times (x 70B)
Class com.android.build.gradle.internal.dsl.PackagingOptions$AgpDecorated             : loaded 5 times (x 115B)
Class com.android.build.gradle.tasks.MergeSourceSetFolders                            : loaded 5 times (x 345B)
Class com.google.common.io.Closer                                                     : loaded 5 times (x 78B)
Class com.google.common.collect.Maps$UnmodifiableBiMap                                : loaded 5 times (x 153B)
Class com.google.protobuf.Reader                                                      : loaded 5 times (x 70B)
Class com.android.build.gradle.internal.dsl.BundleOptionsStoreArchive                 : loaded 5 times (x 77B)
Class com.android.build.api.dsl.Splits                                                : loaded 5 times (x 70B)
Class com.android.build.gradle.internal.lint.LintFixBuildService$RegistrationAction   : loaded 5 times (x 74B)
Class com.android.build.gradle.internal.variant.LegacyVariantInputManager$2           : loaded 5 times (x 74B)
Class com.android.build.gradle.internal.services.FakeDependencyJarBuildService$Inject_: loaded 5 times (x 102B)
Class com.android.build.gradle.internal.tasks.factory.GlobalTaskNamesImpl             : loaded 5 times (x 81B)
Class com.android.build.gradle.api.SourceKind                                         : loaded 5 times (x 79B)
Class com.android.build.gradle.internal.tasks.NdkTask                                 : loaded 5 times (x 340B)
Class com.android.builder.model.v2.ide.SourceProvider                                 : loaded 5 times (x 70B)
Class com.android.build.gradle.internal.TaskManager$Companion$createTasksBeforeEvaluate$8: loaded 5 times (x 74B)
Class com.android.build.gradle.internal.dsl.decorator.LockableSet$LockableIterator    : loaded 5 times (x 81B)
Class com.android.builder.model.TestOptions$Execution                                 : loaded 5 times (x 79B)
Class com.android.build.api.dsl.AdbOptions                                            : loaded 5 times (x 70B)
Class com.android.build.gradle.internal.api.DefaultAndroidSourceDirectorySet          : loaded 5 times (x 119B)
Class com.android.builder.profile.NameAnonymizer$ProjectCacheLoader                   : loaded 5 times (x 76B)
Class com.android.build.gradle.internal.dsl.ExternalNativeNdkBuildOptions_Decorated   : loaded 5 times (x 153B)
Class com.google.common.base.CaseFormat$3                                             : loaded 5 times (x 83B)
Class org.objectweb.asm.commons.GeneratorAdapter                                      : loaded 5 times (x 187B)
Class com.android.tools.analytics.AnalyticsPaths                                      : loaded 5 times (x 71B)
Class com.android.build.api.dsl.LibraryKeepRules                                      : loaded 5 times (x 70B)
Class com.android.build.gradle.internal.AvdComponentsBuildService$Parameters          : loaded 5 times (x 70B)
Class com.android.builder.model.v2.ide.AndroidArtifact                                : loaded 5 times (x 70B)
Class com.android.build.gradle.internal.profile.AnalyticsResourceManager              : loaded 5 times (x 72B)
Class com.google.wireless.android.sdk.stats.GradleBuildProjectOrBuilder               : loaded 5 times (x 70B)
Class com.android.tools.analytics.AnalyticsSettingsData                               : loaded 5 times (x 72B)
Class com.android.build.gradle.internal.errors.DeprecationReporterImpl$Companion      : loaded 5 times (x 71B)
Class com.android.ide.common.blame.MessageReceiver                                    : loaded 5 times (x 70B)
Class [Lcom.android.build.gradle.options.Option;                                      : loaded 5 times (x 69B)
Class com.google.common.annotations.VisibleForTesting                                 : loaded 5 times (x 70B)
Class com.android.build.api.dsl.Lint                                                  : loaded 5 times (x 70B)
Class com.android.build.gradle.internal.variant.LegacyVariantInputManager             : loaded 5 times (x 97B)
Class com.android.builder.model.v2.ide.BundleInfo                                     : loaded 5 times (x 70B)
Class com.google.common.base.AbstractIterator                                         : loaded 5 times (x 80B)
Class com.android.build.gradle.internal.variant.AbstractAppVariantFactory             : loaded 5 times (x 106B)
Class com.android.build.gradle.internal.core.dsl.TestedVariantDslInfo                 : loaded 5 times (x 70B)
Class com.android.build.gradle.internal.plugins.BasePlugin$sdkComponentsBuildService$2: loaded 5 times (x 79B)
Class com.android.build.gradle.internal.errors.DeprecationReporter$DeprecationTarget  : loaded 5 times (x 79B)
Class com.google.common.io.ByteArrayDataOutput                                        : loaded 5 times (x 70B)
Class org.objectweb.asm.tree.LocalVariableNode                                        : loaded 5 times (x 73B)
Class com.android.build.api.extension.impl.DslLifecycleComponentsOperationsRegistrar  : loaded 5 times (x 72B)
Class com.android.builder.internal.BaseConfigImpl$Companion                           : loaded 5 times (x 71B)
Class com.android.build.gradle.internal.variant.LegacyVariantInputManager$1           : loaded 5 times (x 75B)
Class com.android.builder.model.v2.ide.SourceSetContainer                             : loaded 5 times (x 70B)
Class com.android.build.gradle.internal.tasks.ExtractProguardFiles$CreationAction     : loaded 5 times (x 90B)
Class com.android.builder.model.v2.ide.BasicVariant                                   : loaded 5 times (x 70B)
Class [Lcom.android.builder.model.v2.ide.AndroidGradlePluginProjectFlags$BooleanFlag; : loaded 5 times (x 69B)
Class com.android.builder.model.v2.ide.AndroidGradlePluginProjectFlags                : loaded 5 times (x 70B)
Class com.google.common.io.Files$FileByteSink                                         : loaded 5 times (x 77B)
Class com.android.build.gradle.tasks.MergeResources                                   : loaded 5 times (x 357B)
Class com.google.protobuf.MessageOrBuilder                                            : loaded 5 times (x 70B)
Class com.google.wireless.android.sdk.stats.GradleBuildProfile                        : loaded 5 times (x 248B)
Class com.google.protobuf.Extension                                                   : loaded 5 times (x 85B)
Class com.android.build.gradle.internal.ide.dependencies.MavenCoordinatesCacheBuildService$Parameters: loaded 5 times (x 70B)
Class com.android.build.gradle.internal.ide.v2.GlobalSyncService$RegistrationAction   : loaded 5 times (x 74B)
Class com.android.build.gradle.internal.services.AndroidLocationsBuildService$AndroidDirectoryCreator$Params_Decorated: loaded 5 times (x 132B)
Class com.android.build.gradle.internal.errors.OptionInfo                             : loaded 5 times (x 72B)
Class com.google.wireless.android.sdk.stats.GradleBuildVariant$VariantType$1          : loaded 5 times (x 76B)
Class com.android.build.api.artifact.impl.SingleInitialProviderRequestImpl            : loaded 5 times (x 72B)
Class com.android.build.gradle.internal.dsl.CmakeOptions                              : loaded 5 times (x 98B)
Class com.android.build.gradle.internal.dsl.ExternalNativeNdkBuildOptions             : loaded 5 times (x 109B)
Class com.android.build.gradle.internal.dsl.BuildFeaturesImpl                         : loaded 5 times (x 110B)
Class com.android.build.gradle.internal.dsl.BundleOptions$AgpDecorated_Decorated      : loaded 5 times (x 195B)
Class com.android.build.gradle.internal.dsl.AbiSplitOptions$AgpDecorated_Decorated    : loaded 5 times (x 144B)
Class com.android.build.gradle.internal.CompileOptions$AgpDecorated                   : loaded 5 times (x 97B)
Class com.android.build.api.variant.ScopedArtifacts$Scope                             : loaded 5 times (x 79B)
Class [Lcom.google.gson.stream.JsonToken;                                             : loaded 5 times (x 69B)
Class com.android.build.gradle.internal.BuildTypeData                                 : loaded 5 times (x 72B)
Class com.google.common.collect.EnumHashBiMap                                         : loaded 5 times (x 159B)
Class com.google.protobuf.InvalidProtocolBufferException                              : loaded 5 times (x 88B)
Class com.android.utils.EnvironmentProvider                                           : loaded 5 times (x 70B)
Class com.android.build.gradle.internal.services.FakeDependencyJarBuildService$RegistrationAction: loaded 5 times (x 74B)
Class com.android.build.api.dsl.LibraryVariantDimension                               : loaded 5 times (x 70B)
Class com.android.build.api.dsl.AbiSplit                                              : loaded 5 times (x 70B)
Class com.android.build.api.dsl.TestOptions                                           : loaded 5 times (x 70B)
Class com.google.common.util.concurrent.AbstractFuture$SynchronizedHelper             : loaded 5 times (x 78B)
Class com.android.build.gradle.internal.tasks.AndroidVariantTask                      : loaded 5 times (x 332B)
Class com.android.build.gradle.api.UnitTestVariant                                    : loaded 5 times (x 70B)
Class com.android.build.api.extension.impl.VariantSelectorImpl                        : loaded 5 times (x 92B)
Class com.android.build.api.dsl.TestFixtures                                          : loaded 5 times (x 70B)
Class com.android.build.gradle.internal.VariantDimensionData                          : loaded 5 times (x 72B)
Class com.google.common.base.CaseFormat$4                                             : loaded 5 times (x 83B)
Class com.android.build.api.dsl.Shaders                                               : loaded 5 times (x 70B)
Class com.google.common.base.Converter$ReverseConverter                               : loaded 5 times (x 90B)
Class com.android.build.gradle.internal.dsl.SigningConfigImpl                         : loaded 5 times (x 97B)
Class com.google.protobuf.ExtensionRegistry                                           : loaded 5 times (x 87B)
Class com.android.build.gradle.internal.profile.AnalyticsConfiguratorService          : loaded 5 times (x 82B)
Class com.android.build.gradle.internal.services.RunOnceBuildServiceImpl              : loaded 5 times (x 82B)
Class com.android.ide.common.signing.KeystoreHelper                                   : loaded 5 times (x 71B)
Class com.android.build.api.artifact.ArtifactKind$DIRECTORY                           : loaded 5 times (x 72B)
Class com.android.build.gradle.internal.coverage.JacocoOptions                        : loaded 5 times (x 85B)
Class com.android.build.api.dsl.SdkComponents                                         : loaded 5 times (x 70B)
Class com.android.build.gradle.internal.dsl.TestFixturesImpl_Decorated                : loaded 5 times (x 127B)
Class com.android.build.api.dsl.ManagedVirtualDevice                                  : loaded 5 times (x 70B)
Class com.android.build.gradle.internal.dsl.BundleOptionsTexture$AgpDecorated         : loaded 5 times (x 85B)
Class com.android.build.gradle.internal.api.VariantFilter                             : loaded 5 times (x 80B)
Class com.android.build.gradle.internal.lint.AndroidLintGlobalTask$GlobalCreationAction: loaded 5 times (x 91B)
Class com.android.build.gradle.internal.utils.SdkUtilsKt                              : loaded 5 times (x 71B)
Class com.android.builder.core.DefaultApiVersion                                      : loaded 5 times (x 77B)
Class com.google.common.collect.Lists$ReverseList$1                                   : loaded 5 times (x 99B)
Class com.android.build.gradle.internal.variant.ApplicationVariantFactory             : loaded 5 times (x 106B)
Class com.android.build.gradle.internal.plugins.BasePlugin$variantInputModel$2        : loaded 5 times (x 79B)
Class com.android.build.gradle.options.OptionalBooleanOption                          : loaded 5 times (x 85B)
Class com.google.common.base.Splitter$1                                               : loaded 5 times (x 77B)
Class com.android.builder.errors.EvalIssueException                                   : loaded 5 times (x 82B)
Class org.objectweb.asm.Handle                                                        : loaded 5 times (x 72B)
Class com.android.ide.common.blame.SourcePosition                                     : loaded 5 times (x 71B)
Class com.google.gson.JsonDeserializer                                                : loaded 5 times (x 70B)
Class com.google.common.io.ByteStreams                                                : loaded 5 times (x 71B)
Class com.android.builder.model.v2.ide.AbstractArtifact                               : loaded 5 times (x 70B)
Class com.google.gson.internal.$Gson$Types                                            : loaded 5 times (x 71B)
Class com.google.protobuf.Internal$LongList                                           : loaded 5 times (x 70B)
Class com.android.build.gradle.internal.utils.GradleEnvironmentProviderImpl           : loaded 5 times (x 76B)
Class com.android.build.gradle.internal.dsl.VariantDimensionBinaryCompatibilityFix    : loaded 5 times (x 70B)
Class com.android.build.gradle.internal.dsl.decorator.SupportedPropertyType$Var$Boolean: loaded 5 times (x 74B)
Class com.android.build.gradle.internal.dsl.AarMetadataImpl                           : loaded 5 times (x 70B)
Class com.android.build.gradle.internal.dsl.AnnotationProcessorOptions                : loaded 5 times (x 102B)
Class com.android.build.api.artifact.ArtifactKind$FILE                                : loaded 5 times (x 72B)
Class com.android.build.gradle.internal.utils.AnalyticsEnabledValueSource$Params$Inject_: loaded 5 times (x 106B)
Class com.android.build.gradle.internal.dsl.JniLibsPackagingImpl$AgpDecorated         : loaded 5 times (x 93B)
Class com.android.build.gradle.internal.ide.v2.ModelBuilder                           : loaded 5 times (x 80B)
Class com.android.build.api.artifact.ScopedArtifact                                   : loaded 5 times (x 74B)
Class com.google.gson.internal.reflect.ReflectionHelper$RecordNotSupportedHelper      : loaded 5 times (x 78B)
Class [Lcom.android.builder.model.v2.ide.TestInfo$Execution;                          : loaded 5 times (x 69B)
Class org.objectweb.asm.tree.LocalVariableAnnotationNode                              : loaded 5 times (x 82B)
Class [Lorg.objectweb.asm.tree.AbstractInsnNode;                                      : loaded 5 times (x 69B)
Class com.android.builder.model.v2.dsl.ProductFlavor                                  : loaded 5 times (x 70B)
Class com.google.protobuf.CodedInputStream$StreamDecoder                              : loaded 5 times (x 120B)
Class com.android.build.gradle.internal.lint.LintFromMaven                            : loaded 5 times (x 72B)
Class com.android.build.gradle.internal.profile.AnalyticsConfiguratorService$Params   : loaded 5 times (x 70B)
Class com.android.build.gradle.api.BaseVariant                                        : loaded 5 times (x 70B)
Class com.android.build.gradle.internal.dsl.AbiSplitOptions                           : loaded 5 times (x 95B)
Class com.android.build.gradle.internal.tasks.factory.TaskConfigurationActions        : loaded 5 times (x 75B)
Class com.android.build.gradle.internal.VariantManager$Companion                      : loaded 5 times (x 71B)
Class com.android.build.gradle.internal.tasks.factory.BootClasspathConfigImpl$mockableJarArtifact$2: loaded 5 times (x 79B)
Class com.android.build.gradle.internal.packaging.PackagingOptionsUtilsKt             : loaded 5 times (x 71B)
Class com.google.common.base.CaseFormat$5                                             : loaded 5 times (x 83B)
Class com.android.builder.model.ClassField                                            : loaded 5 times (x 70B)
Class com.android.build.api.dsl.DataBinding                                           : loaded 5 times (x 70B)
Class com.android.build.gradle.internal.plugins.BasePlugin$sdkComponentsBuildService$2$1: loaded 5 times (x 79B)
Class com.google.protobuf.InvalidProtocolBufferException$InvalidWireTypeException     : loaded 5 times (x 88B)
Class com.android.build.gradle.internal.services.Aapt2ThreadPoolBuildService$RegistrationAction: loaded 5 times (x 74B)
Class com.google.protobuf.Internal$BooleanList                                        : loaded 5 times (x 70B)
Class com.google.protobuf.Internal$FloatList                                          : loaded 5 times (x 70B)
Class com.google.protobuf.MessageLiteOrBuilder                                        : loaded 5 times (x 70B)
Class com.android.build.gradle.internal.AvdComponentsBuildService                     : loaded 5 times (x 76B)
Class com.android.build.api.dsl.MultiDexConfig                                        : loaded 5 times (x 70B)
Class com.android.build.gradle.internal.dsl.TestOptions$UnitTestOptions               : loaded 5 times (x 84B)
Class com.android.build.gradle.internal.ide.v2.NativeModelBuilder                     : loaded 5 times (x 87B)
Class com.android.build.gradle.internal.plugins.BasePlugin$createTasks$2$1            : loaded 5 times (x 75B)
Class com.android.build.gradle.internal.services.FakeDependencyJarBuildService$Params : loaded 5 times (x 70B)
Class com.google.protobuf.UninitializedMessageException                               : loaded 5 times (x 84B)
Class com.android.build.gradle.internal.services.SymbolTableBuildService$RegistrationAction: loaded 5 times (x 74B)
Class [Lcom.android.build.gradle.internal.profile.AnalyticsConfiguratorService$State; : loaded 5 times (x 69B)
Class com.android.build.api.dsl.Publishing                                            : loaded 5 times (x 70B)
Class com.android.build.gradle.internal.dsl.FusedLibraryExtensionImpl                 : loaded 5 times (x 104B)
Class com.android.build.api.artifact.Artifact$Category                                : loaded 5 times (x 79B)
Class com.android.build.gradle.internal.dsl.AbiSplitOptions$AgpDecorated              : loaded 5 times (x 98B)
Class com.android.build.gradle.internal.plugins.AppPlugin$ApplicationAndroidComponentsExtensionImplCompat_Decorated: loaded 5 times (x 162B)
Class com.android.build.gradle.api.AndroidBasePlugin                                  : loaded 5 times (x 74B)
Class com.android.build.gradle.internal.dsl.InternalApplicationExtension              : loaded 5 times (x 70B)
Class com.android.build.api.variant.VariantBuilder                                    : loaded 5 times (x 70B)
Class com.android.build.gradle.internal.component.VariantCreationConfig               : loaded 5 times (x 70B)
Class com.android.build.api.variant.HasAndroidResources                               : loaded 5 times (x 70B)
Class com.android.build.gradle.internal.dsl.ApplicationBuildFeaturesImpl_Decorated    : loaded 5 times (x 170B)
Class org.objectweb.asm.tree.LdcInsnNode                                              : loaded 5 times (x 78B)
Class com.android.build.gradle.internal.dsl.JniLibsPackagingImpl$AgpDecorated_Decorated: loaded 5 times (x 138B)
Class com.android.build.gradle.internal.scope.ProjectInfo                             : loaded 5 times (x 72B)
Class com.google.protobuf.LazyStringArrayList                                         : loaded 5 times (x 314B)
Class [Lcom.google.protobuf.ProtocolMessageEnum;                                      : loaded 5 times (x 69B)
Class com.android.build.gradle.internal.ide.v2.GlobalSyncService                      : loaded 5 times (x 80B)
Class com.android.build.gradle.internal.services.Aapt2DaemonBuildService              : loaded 5 times (x 80B)
Class com.android.build.gradle.internal.plugins.BasePlugin$variantInputModel$2$1      : loaded 5 times (x 79B)
Class com.android.build.gradle.internal.dsl.AgpDslLockedException                     : loaded 5 times (x 82B)
Class com.android.build.gradle.internal.dsl.CoreShaderOptions                         : loaded 5 times (x 70B)
Class com.android.build.gradle.internal.api.artifact.SourceArtifactType$JNI_LIBS      : loaded 5 times (x 74B)
Class com.android.build.gradle.internal.core.ToolExecutionOptions                     : loaded 5 times (x 72B)
Class com.android.build.api.artifact.impl.ArtifactsImpl                               : loaded 5 times (x 81B)
Class com.android.build.api.artifact.impl.ScopedArtifactsImpl                         : loaded 5 times (x 75B)
Class com.android.build.gradle.internal.ide.v2.NativeModelBuilder$configurationModels$2: loaded 5 times (x 79B)
Class com.android.build.gradle.internal.dsl.AndroidTestImpl$AgpDecorated_Decorated    : loaded 5 times (x 125B)
Class com.android.build.gradle.internal.tasks.factory.TaskConfigAction                : loaded 5 times (x 70B)
Class com.android.build.gradle.AppPluginKt                                            : loaded 5 times (x 71B)
Class com.android.build.gradle.internal.TaskManager                                   : loaded 5 times (x 82B)
Class com.android.utils.Environment$Companion$SYSTEM$1                                : loaded 5 times (x 74B)
Class com.android.build.gradle.internal.dsl.DexOptions                                : loaded 5 times (x 103B)
Class com.android.build.gradle.internal.utils.AnalyticsSettingsUtils$analyticsEnabledProvider$1: loaded 5 times (x 74B)
Class com.android.tools.analytics.HostData$garbageCollectorBeans$2                    : loaded 5 times (x 78B)
Class [Lcom.google.wireless.android.sdk.stats.GradleBuildProfileSpan$ExecutionType;   : loaded 5 times (x 69B)
Class com.android.build.gradle.internal.utils.GradleEnvironmentProvider               : loaded 5 times (x 70B)
Class com.android.build.gradle.internal.services.LintClassLoaderBuildService$RegistrationAction: loaded 5 times (x 74B)
Class com.android.builder.signing.DefaultSigningConfig                                : loaded 5 times (x 109B)
Class com.android.build.gradle.internal.dsl.decorator.SupportedPropertyType$Var       : loaded 5 times (x 74B)
Class com.android.build.api.dsl.KmpOptimization                                       : loaded 5 times (x 70B)
Class com.android.build.gradle.internal.dsl.ShaderOptions_Decorated                   : loaded 5 times (x 131B)
Class com.android.build.gradle.internal.dsl.ComposeOptionsImpl                        : loaded 5 times (x 82B)
Class com.android.build.api.dsl.TestCoverage                                          : loaded 5 times (x 70B)
Class com.android.build.api.artifact.impl.StorageProviderImpl                         : loaded 5 times (x 72B)
Class com.android.build.gradle.internal.dsl.AaptOptions                               : loaded 5 times (x 115B)
Class com.android.build.api.dsl.BaselineProfile                                       : loaded 5 times (x 70B)
Class org.bouncycastle.jcajce.provider.config.ConfigurableProvider                    : loaded 5 times (x 70B)
Class com.android.build.api.dsl.DynamicFeatureBaseFlavor                              : loaded 5 times (x 70B)
Class com.android.builder.core.ComponentTypeImpl                                      : loaded 5 times (x 105B)
Class com.android.build.gradle.internal.plugins.BasePlugin$versionedSdkLoaderService$2$1$1: loaded 5 times (x 79B)
Class com.android.build.gradle.internal.services.Aapt2DaemonBuildService$Parameters_Decorated: loaded 5 times (x 127B)
Class com.android.build.gradle.internal.tasks.LintCompile                             : loaded 5 times (x 328B)
Class com.android.build.gradle.internal.res.Aapt2FromMaven$Companion$Aapt2Extractor   : loaded 5 times (x 78B)
Class com.android.build.gradle.internal.scope.BuildFeatureValues                      : loaded 5 times (x 70B)
Class com.android.build.gradle.internal.plugins.AndroidPluginBaseServices$syncIssueReporter$2$1: loaded 5 times (x 79B)
Class com.android.build.gradle.internal.plugins.BasePlugin$extensionData$2            : loaded 5 times (x 79B)
Class com.android.build.api.variant.HasAndroidTestBuilder                             : loaded 5 times (x 70B)
Class com.android.builder.testing.api.TestServer                                      : loaded 5 times (x 74B)
Class com.android.builder.core.AbstractBuildType$Companion                            : loaded 5 times (x 71B)
Class com.android.build.gradle.internal.TaskManager$ConfigAttrTask                    : loaded 5 times (x 320B)
Class org.objectweb.asm.tree.FieldNode                                                : loaded 5 times (x 80B)
Class com.android.builder.model.v2.dsl.BaseConfig                                     : loaded 5 times (x 70B)
Class com.android.build.gradle.internal.plugins.AndroidPluginBaseServices$configuratorService$2$1: loaded 5 times (x 79B)
Class com.google.common.util.concurrent.MoreExecutors                                 : loaded 5 times (x 71B)
Class com.android.build.gradle.options.FeatureStage$Supported                         : loaded 5 times (x 72B)
Class com.android.build.gradle.internal.services.AndroidLocationsBuildService$androidLocations$1$1: loaded 5 times (x 75B)
Class com.android.build.gradle.internal.SdkComponentsBuildService$Parameters          : loaded 5 times (x 70B)
Class com.android.build.gradle.internal.dsl.BundleOptions                             : loaded 5 times (x 135B)
Class com.google.common.collect.ImmutableListMultimap                                 : loaded 5 times (x 176B)
Class com.android.build.gradle.internal.dsl.ResourcesPackagingImpl                    : loaded 5 times (x 82B)
Class com.android.build.gradle.internal.dsl.ViewBindingOptionsImpl                    : loaded 5 times (x 84B)
Class com.android.build.api.dsl.VectorDrawables                                       : loaded 5 times (x 70B)
Class com.android.build.gradle.internal.dsl.InternalCommonExtension                   : loaded 5 times (x 70B)
Class com.android.build.gradle.internal.dsl.NdkOptions$DebugSymbolLevel               : loaded 5 times (x 79B)
Class com.android.build.api.dsl.ComposeOptions                                        : loaded 5 times (x 70B)
Class com.android.build.gradle.internal.dsl.ApplicationPublishingImpl$AgpDecorated_Decorated: loaded 5 times (x 130B)
Class com.google.common.base.Charsets                                                 : loaded 5 times (x 71B)
Class org.objectweb.asm.tree.MethodNode                                               : loaded 5 times (x 110B)
Class com.android.builder.model.v2.ide.ComponentInfo                                  : loaded 5 times (x 70B)
Class com.android.Version                                                             : loaded 5 times (x 71B)
Class com.android.build.api.variant.GeneratesApkBuilder                               : loaded 5 times (x 70B)
Class com.android.sdklib.AndroidVersion                                               : loaded 5 times (x 75B)
Class com.android.build.gradle.internal.profile.AnalyticsService$Params_Decorated     : loaded 5 times (x 151B)
Class com.google.wireless.android.sdk.stats.GradleBuildVariantOrBuilder               : loaded 5 times (x 70B)
Class com.android.build.gradle.internal.errors.IncompatibleProjectOptionsReporter     : loaded 5 times (x 71B)
Class com.android.build.gradle.internal.dsl.ApplicationPublishingImpl                 : loaded 5 times (x 81B)
Class com.android.build.gradle.internal.dsl.EmulatorControl$AgpDecorated              : loaded 5 times (x 88B)
Class com.android.build.gradle.internal.dsl.BundleOptionsCountrySet$AgpDecorated      : loaded 5 times (x 85B)
Class com.android.build.gradle.api.ApplicationVariant                                 : loaded 5 times (x 70B)
Class [Lcom.android.build.api.variant.ScopedArtifacts$Scope;                          : loaded 5 times (x 69B)
Class com.android.build.gradle.internal.crash.ExternalApiUsageException               : loaded 5 times (x 82B)
Class com.android.build.gradle.internal.lint.LintTaskManager$Companion                : loaded 5 times (x 71B)
Class com.android.build.gradle.internal.lint.LintTaskManager$createBeforeEvaluateLintTasks$1: loaded 5 times (x 75B)
Class com.android.build.api.artifact.Artifact$Transformable                           : loaded 5 times (x 70B)
Class org.objectweb.asm.tree.ModuleNode                                               : loaded 5 times (x 83B)
Class com.google.common.collect.ImmutableMultimap$Builder                             : loaded 5 times (x 86B)
Class com.android.builder.model.v2.ide.LintOptions                                    : loaded 5 times (x 70B)
Class com.android.tools.analytics.AnalyticsSettingsData$DataTypeAdapter               : loaded 5 times (x 73B)
Class com.android.build.gradle.internal.profile.NoOpAnalyticsConfiguratorService      : loaded 5 times (x 82B)
Class org.objectweb.asm.ClassReader                                                   : loaded 5 times (x 94B)
Class com.android.build.gradle.internal.tasks.SigningConfigUtils                      : loaded 5 times (x 71B)
Class com.android.build.gradle.internal.dsl.BundleOptionsDeviceTier$AgpDecorated      : loaded 5 times (x 85B)
Class com.android.build.gradle.internal.dsl.EmulatorControl$AgpDecorated_Decorated    : loaded 5 times (x 134B)
Class com.android.prefs.PathLocator                                                   : loaded 5 times (x 73B)
Class com.android.build.gradle.internal.dsl.BaselineProfileImpl$AgpDecorated          : loaded 5 times (x 84B)
Class com.android.build.gradle.internal.dsl.decorator.DslDecorator$CollectingInfoVisitor: loaded 5 times (x 75B)
Class com.android.build.gradle.internal.dsl.decorator.DslDecorator$Companion          : loaded 5 times (x 71B)
Class com.android.build.api.dsl.AnnotationProcessorOptions                            : loaded 5 times (x 70B)
Class com.android.builder.model.BuildType                                             : loaded 5 times (x 70B)
Class com.android.build.gradle.internal.plugins.BasePlugin$versionedSdkLoaderService$2$1$2: loaded 5 times (x 79B)
Class com.android.build.gradle.internal.AvdComponentsBuildService$Parameters_Decorated: loaded 5 times (x 157B)
Class com.android.build.gradle.internal.plugins.BasePlugin$configureProject$1         : loaded 5 times (x 75B)
Class com.android.build.gradle.internal.services.StringCachingBuildService$RegistrationAction: loaded 5 times (x 74B)
Class com.android.build.gradle.internal.utils.GuavaKtxKt                              : loaded 5 times (x 71B)
Class com.google.protobuf.AbstractParser                                              : loaded 5 times (x 150B)
Class com.google.common.collect.AbstractBiMap$Inverse                                 : loaded 5 times (x 162B)
Class com.android.build.api.artifact.impl.SingleArtifactContainer$initArtifactContainer$1: loaded 5 times (x 79B)
Class com.android.build.gradle.options.IntegerOption                                  : loaded 5 times (x 85B)
Class com.android.build.gradle.internal.services.VariantServicesImpl                  : loaded 5 times (x 115B)
Class com.android.build.gradle.internal.core.dsl.ComponentDslInfo                     : loaded 5 times (x 70B)
Class com.android.build.api.variant.AndroidComponents                                 : loaded 5 times (x 70B)
Class com.android.build.gradle.internal.plugins.BasePlugin                            : loaded 5 times (x 93B)
Class com.android.build.gradle.internal.dsl.decorator.SupportedPropertyType$Var$String: loaded 5 times (x 74B)
Class com.android.build.gradle.internal.dsl.AssetPackBundleExtensionImpl              : loaded 5 times (x 70B)
Class com.android.build.gradle.internal.dsl.DexPackagingImpl                          : loaded 5 times (x 70B)
Class com.android.build.api.dsl.ViewBinding                                           : loaded 5 times (x 70B)
Class org.objectweb.asm.commons.LocalVariablesSorter                                  : loaded 5 times (x 110B)
Class com.android.build.gradle.api.AndroidSourceFile                                  : loaded 5 times (x 70B)
Class com.android.build.gradle.internal.api.artifact.SourceArtifactType$JAVA_RESOURCES: loaded 5 times (x 74B)
Class com.android.build.gradle.internal.dsl.BundleOptionsCodeTransparency$AgpDecorated: loaded 5 times (x 81B)
Class com.android.build.gradle.internal.core.SettingsOptionsKt                        : loaded 5 times (x 71B)
Class org.objectweb.asm.tree.VarInsnNode                                              : loaded 5 times (x 79B)
Class com.android.builder.model.v2.ide.JavaCompileOptions                             : loaded 5 times (x 70B)
Class com.android.build.gradle.internal.plugins.DynamicFeaturePlugin                  : loaded 5 times (x 96B)
Class com.android.build.gradle.internal.dsl.ExternalNativeBuildOptions                : loaded 5 times (x 93B)
Class com.google.common.collect.EmptyImmutableListMultimap                            : loaded 5 times (x 176B)
Class com.google.common.collect.BaseImmutableMultimap                                 : loaded 5 times (x 123B)
Class com.android.build.api.dsl.KeepRules                                             : loaded 5 times (x 70B)
Class [Lcom.google.protobuf.Internal$EnumLite;                                        : loaded 5 times (x 69B)
Class com.google.protobuf.CodedInputStream$ArrayDecoder                               : loaded 5 times (x 120B)
Class com.android.prefs.LocationValue                                                 : loaded 5 times (x 70B)
Class com.android.build.gradle.internal.services.AndroidLocationsBuildService$AndroidDirectoryCreator$Params$Inject_: loaded 5 times (x 108B)
Class com.android.build.api.dsl.TestProductFlavor                                     : loaded 5 times (x 70B)
Class com.android.build.gradle.internal.dsl.DependenciesInfoImpl                      : loaded 5 times (x 81B)
Class com.android.build.api.dsl.Optimization                                          : loaded 5 times (x 70B)
Class com.android.build.api.artifact.Artifact$Single                                  : loaded 5 times (x 74B)
Class com.android.build.VariantOutput                                                 : loaded 5 times (x 70B)
Class com.android.build.gradle.internal.dsl.BundleOptionsDensity$AgpDecorated         : loaded 5 times (x 81B)
Class com.android.build.gradle.internal.dsl.DexPackagingImpl$AgpDecorated             : loaded 5 times (x 83B)
Class com.android.build.gradle.internal.core.dsl.features.TestOptionsDslInfo          : loaded 5 times (x 70B)
Class com.android.builder.signing.DefaultSigningConfig$DebugSigningConfig             : loaded 5 times (x 72B)
Class com.android.builder.model.v2.ide.TestInfo                                       : loaded 5 times (x 70B)
Class org.objectweb.asm.tree.TableSwitchInsnNode                                      : loaded 5 times (x 79B)
Class org.objectweb.asm.signature.SignatureVisitor                                    : loaded 5 times (x 87B)
Class com.google.common.collect.ImmutableMultimap                                     : loaded 5 times (x 147B)
Class com.android.build.gradle.internal.services.DslServices                          : loaded 5 times (x 70B)
Class com.android.build.api.variant.ApplicationVariantBuilder                         : loaded 5 times (x 70B)
Class com.android.build.gradle.options.ProjectOptionService$RegistrationAction        : loaded 5 times (x 74B)
Class com.android.tools.analytics.HostData$osBean$2                                   : loaded 5 times (x 78B)
Class com.android.tools.analytics.HostData                                            : loaded 5 times (x 71B)
Class com.android.builder.model.v2.models.VariantDependenciesAdjacencyList            : loaded 5 times (x 70B)
Class com.android.build.gradle.internal.services.LintClassLoaderBuildService          : loaded 5 times (x 80B)
Class com.android.build.gradle.internal.LoggerWrapper                                 : loaded 5 times (x 86B)
Class com.android.build.gradle.internal.services.VariantServices                      : loaded 5 times (x 70B)
Class com.android.build.gradle.internal.CompileOptions$Companion                      : loaded 5 times (x 71B)
Class com.android.build.gradle.internal.dsl.decorator.ApplicationInstallationImpl$AgpDecorated: loaded 5 times (x 99B)
Class com.android.build.api.dsl.BundleAbi                                             : loaded 5 times (x 70B)
Class com.android.builder.core.DefaultVectorDrawablesOptions                          : loaded 5 times (x 80B)
Class com.android.build.gradle.internal.dsl.BaselineProfileImpl                       : loaded 5 times (x 79B)
Class com.android.build.gradle.internal.dsl.ExternalNativeBuild                       : loaded 5 times (x 91B)
Class com.android.build.gradle.internal.dsl.decorator.LockableMap                     : loaded 5 times (x 128B)
Class com.android.build.gradle.internal.dsl.BuildType                                 : loaded 5 times (x 365B)
Class com.android.build.gradle.internal.plugins.BasePlugin$configureProject$2         : loaded 5 times (x 75B)
Class com.google.wireless.android.sdk.stats.JavaProcessStats$1                        : loaded 5 times (x 151B)
Class com.android.build.gradle.options.Option$Status$Deprecated                       : loaded 5 times (x 72B)
Class com.google.protobuf.GeneratedMessage$GeneratedExtension                         : loaded 5 times (x 87B)
Class com.android.build.gradle.internal.profile.AnalyticsConfiguratorService$Params_Decorated: loaded 5 times (x 130B)
Class com.android.build.gradle.internal.plugins.TestPlugin                            : loaded 5 times (x 96B)
Class com.google.gson.JsonSerializer                                                  : loaded 5 times (x 70B)
Class [Lcom.android.ide.common.blame.Message$Kind;                                    : loaded 5 times (x 69B)
Class com.google.common.collect.ImmutableMultimap$EntryCollection                     : loaded 5 times (x 128B)
Class com.android.build.gradle.internal.errors.MessageReceiverImpl                    : loaded 5 times (x 75B)
Class com.android.build.gradle.internal.variant.VariantInputModel                     : loaded 5 times (x 70B)
Class org.objectweb.asm.tree.JumpInsnNode                                             : loaded 5 times (x 79B)
Class com.android.build.gradle.internal.api.AndroidSourceSetName                      : loaded 5 times (x 72B)
Class com.android.build.gradle.internal.dsl.ManagedVirtualDevice                      : loaded 5 times (x 121B)
Class com.android.build.gradle.internal.dsl.ManagedVirtualDeviceFactory               : loaded 5 times (x 75B)
Class com.android.build.gradle.internal.dsl.SdkComponentsImpl$adb$1                   : loaded 5 times (x 75B)
Class com.android.build.gradle.internal.scope.InternalArtifactType                    : loaded 5 times (x 74B)
Class com.google.gson.internal.$Gson$Preconditions                                    : loaded 5 times (x 71B)
Class com.android.builder.model.v2.ide.BasicArtifact                                  : loaded 5 times (x 70B)
Class com.google.common.base.Splitter$5                                               : loaded 5 times (x 80B)
Class com.android.build.gradle.internal.utils.AnalyticsEnabledValueSource$Params      : loaded 5 times (x 70B)
Class [Lorg.objectweb.asm.Attribute;                                                  : loaded 5 times (x 69B)
Class com.android.utils.DateProvider                                                  : loaded 5 times (x 70B)
Class com.android.builder.model.v2.ide.TestInfo$Execution                             : loaded 5 times (x 79B)
Class com.android.build.gradle.internal.dsl.CoreExternalNativeBuildOptions            : loaded 5 times (x 70B)
Class org.objectweb.asm.tree.FieldInsnNode                                            : loaded 5 times (x 79B)
Class com.google.gson.annotations.SerializedName                                      : loaded 5 times (x 70B)
Class com.google.common.collect.Streams                                               : loaded 5 times (x 71B)
Class com.android.build.api.dsl.CommonExtension                                       : loaded 5 times (x 70B)
Class com.android.build.api.dsl.SettingsExtension                                     : loaded 5 times (x 70B)
Class com.android.build.api.variant.ComponentBuilder                                  : loaded 5 times (x 70B)
Class com.android.build.gradle.internal.plugins.KotlinMultiplatformAndroidPlugin      : loaded 5 times (x 81B)
Class com.android.ide.common.blame.Message$Kind                                       : loaded 5 times (x 79B)
Class com.android.build.api.artifact.impl.TypedStorageProvider$getArtifact$1$1        : loaded 5 times (x 79B)
Class com.android.build.api.artifact.impl.StorageProviderImpl$fileStorage$1           : loaded 5 times (x 78B)
Class com.android.build.api.dsl.JacocoOptions                                         : loaded 5 times (x 70B)
Class com.android.build.gradle.internal.utils.AnalyticsSettingsUtils                  : loaded 5 times (x 71B)
Class com.google.gson.internal.Primitives                                             : loaded 5 times (x 71B)
Class com.android.build.gradle.internal.errors.SyncIssueReporterImpl$GlobalSyncIssueService$RegistrationAction: loaded 5 times (x 74B)
Class com.android.build.gradle.internal.api.LazyAndroidSourceSet                      : loaded 5 times (x 72B)
Class com.android.build.api.dsl.DefaultConfig                                         : loaded 5 times (x 70B)
Class com.android.build.gradle.internal.dsl.KeepRulesImpl                             : loaded 5 times (x 90B)
Class com.android.build.api.dsl.CmakeFlags                                            : loaded 5 times (x 70B)
Class com.android.build.gradle.internal.api.DefaultAndroidSourceFile                  : loaded 5 times (x 88B)
Class com.android.build.gradle.internal.api.artifact.SourceArtifactType$AIDL          : loaded 5 times (x 74B)
Class com.android.build.gradle.internal.dsl.LintImpl$severities$2                     : loaded 5 times (x 79B)
Class com.android.build.gradle.internal.tasks.factory.GlobalTaskCreationConfigImpl$buildToolsRevision$2: loaded 5 times (x 79B)
Class com.android.builder.profile.AnalyticsProfileWriter$Companion                    : loaded 5 times (x 71B)
Class com.android.builder.model.v2.ide.LibraryInfo                                    : loaded 5 times (x 70B)
Class com.android.build.gradle.internal.core.SettingsOptions                          : loaded 5 times (x 72B)
Class com.android.build.api.variant.HasTestFixturesBuilder                            : loaded 5 times (x 70B)
Class com.google.protobuf.ProtocolStringList                                          : loaded 5 times (x 70B)
Class com.android.build.gradle.internal.errors.SyncIssueReporterImpl$GlobalSyncIssueService$Parameters_Decorated: loaded 5 times (x 139B)
Class com.android.build.gradle.internal.plugins.AndroidPluginBaseServices$projectServices$2: loaded 5 times (x 79B)
Class com.google.protobuf.ExtensionLite                                               : loaded 5 times (x 77B)
Class com.android.build.gradle.internal.VariantManager                                : loaded 5 times (x 72B)
Class com.google.protobuf.FieldSet$FieldDescriptorLite                                : loaded 5 times (x 70B)
Class com.android.build.gradle.internal.dsl.decorator.DslDecorator$Companion$lookupDefineClassMethod$2: loaded 5 times (x 78B)
Class org.objectweb.asm.Opcodes                                                       : loaded 5 times (x 70B)
Class com.android.build.gradle.internal.plugins.BasePlugin$configureProject$3         : loaded 5 times (x 77B)
Class com.android.build.gradle.internal.ide.dependencies.MavenCoordinatesCacheBuildService: loaded 5 times (x 80B)
Class com.android.builder.profile.AnalyticsProfileWriter                              : loaded 5 times (x 72B)
Class com.android.build.gradle.internal.utils.AnalyticsEnabledValueSource             : loaded 5 times (x 78B)
Class com.android.build.gradle.internal.tasks.DeviceSerialTestTask                    : loaded 5 times (x 321B)
Class com.android.build.gradle.internal.dsl.ApplicationAndroidResourcesImpl           : loaded 5 times (x 124B)
Class com.android.build.gradle.internal.plugins.BasePlugin$buildOutputs$2             : loaded 5 times (x 79B)
Class com.android.build.gradle.internal.dsl.JniLibsPackagingImpl                      : loaded 5 times (x 89B)
Class com.android.build.gradle.internal.component.ApkCreationConfig                   : loaded 5 times (x 70B)
Class com.android.build.gradle.internal.services.RunOnceBuildServiceImpl$RegistrationAction: loaded 5 times (x 73B)
Class com.android.build.gradle.internal.plugins.BasePlugin$dslServices$2$1            : loaded 5 times (x 79B)
Class com.android.builder.model.ApiVersion                                            : loaded 5 times (x 70B)
Class [Lcom.android.resources.ResourceEnum;                                           : loaded 5 times (x 69B)
Class com.android.build.api.dsl.AndroidSourceDirectorySet                             : loaded 5 times (x 70B)
Class com.android.build.gradle.api.BaseVariantOutput                                  : loaded 5 times (x 70B)
Class com.android.build.api.dsl.LintOptions                                           : loaded 5 times (x 70B)
Class com.android.build.api.dsl.BuildFeatures                                         : loaded 5 times (x 70B)
Class com.android.build.gradle.internal.dsl.DexOptions_Decorated                      : loaded 5 times (x 156B)
Class com.google.common.collect.Lists$ReverseList                                     : loaded 5 times (x 200B)
Class com.google.gson.annotations.JsonAdapter                                         : loaded 5 times (x 70B)
Class org.objectweb.asm.tree.AbstractInsnNode                                         : loaded 5 times (x 78B)
Class com.android.build.gradle.internal.services.DslServicesImpl                      : loaded 5 times (x 99B)
Class com.android.build.api.dsl.BundleLanguage                                        : loaded 5 times (x 70B)
Class org.objectweb.asm.tree.AnnotationNode                                           : loaded 5 times (x 80B)
Class com.android.build.gradle.internal.plugins.AndroidPluginBaseServices             : loaded 5 times (x 78B)
Class com.google.protobuf.IterableByteBufferInputStream                               : loaded 5 times (x 92B)
Class com.android.build.gradle.internal.SdkComponentsBuildService$Parameters_Decorated: loaded 5 times (x 151B)
Class com.android.build.api.dsl.ApplicationBuildType                                  : loaded 5 times (x 70B)
Class com.android.build.api.dsl.LibraryPublishing                                     : loaded 5 times (x 70B)
Class com.android.build.gradle.internal.api.artifact.SourceArtifactType$KOTLIN_SOURCES: loaded 5 times (x 74B)
Class com.android.build.gradle.internal.dsl.TestOptions$UnitTestOptions_Decorated     : loaded 5 times (x 130B)
Class org.objectweb.asm.tree.ParameterNode                                            : loaded 5 times (x 73B)
Class com.android.build.api.variant.HasAndroidTest                                    : loaded 5 times (x 70B)
Class com.android.build.gradle.internal.ClasspathVerifier                             : loaded 5 times (x 71B)
Class com.android.build.gradle.internal.plugins.BasePlugin$dslServices$2              : loaded 5 times (x 79B)
Class com.android.build.api.dsl.BundleCountrySet                                      : loaded 5 times (x 70B)
Class com.android.build.gradle.internal.profile.AnalyticsServiceApi                   : loaded 5 times (x 70B)
Class com.android.build.gradle.internal.profile.NoOpAnalyticsService                  : loaded 5 times (x 110B)
Class com.google.wireless.android.sdk.stats.GradleBuildProfileOrBuilder               : loaded 5 times (x 70B)
Class com.android.build.api.dsl.BundleDeviceTier                                      : loaded 5 times (x 70B)
Class com.android.build.gradle.internal.dsl.AbstractPublishing                        : loaded 5 times (x 73B)
Class com.android.builder.core.AbstractProductFlavor                                  : loaded 5 times (x 194B)
Class com.google.common.base.CaseFormat$StringConverter                               : loaded 5 times (x 90B)
Class org.objectweb.asm.tree.InsnNode                                                 : loaded 5 times (x 78B)
Class com.google.common.collect.ImmutableMultiset                                     : loaded 5 times (x 163B)
Class com.android.build.gradle.internal.plugins.VersionCheckPlugin$Companion          : loaded 5 times (x 71B)
Class com.android.build.gradle.BaseExtension                                          : loaded 5 times (x 195B)
Class com.android.builder.profile.NameAnonymizer                                      : loaded 5 times (x 72B)
Class com.google.protobuf.CodedInputStream$UnsafeDirectNioDecoder                     : loaded 5 times (x 120B)
Class com.android.build.api.dsl.DynamicFeatureVariantDimension                        : loaded 5 times (x 70B)
Class com.android.build.gradle.tasks.RenderscriptCompile                              : loaded 5 times (x 351B)
Class com.android.build.api.artifact.impl.ArtifactNamingContext                       : loaded 5 times (x 72B)
Class com.android.build.gradle.internal.dsl.decorator.SupportedPropertyType$Collection$Set: loaded 5 times (x 74B)
Class com.android.build.api.dsl.ExternalNativeBuild                                   : loaded 5 times (x 70B)
Class com.android.build.gradle.internal.dsl.BundleOptionsDensity                      : loaded 5 times (x 77B)
Class com.android.build.api.dsl.Bundle                                                : loaded 5 times (x 70B)
Class com.android.build.gradle.internal.dsl.decorator.SupportedPropertyType$Collection$List: loaded 5 times (x 74B)
Class com.android.build.api.dsl.LibraryProductFlavor                                  : loaded 5 times (x 70B)
Class com.android.build.gradle.internal.plugins.BasePlugin$configureProject$4         : loaded 5 times (x 74B)
Class com.android.build.gradle.internal.dsl.ConsumerKeepRulesImpl                     : loaded 5 times (x 92B)
Class com.android.repository.Revision                                                 : loaded 5 times (x 87B)
Class com.android.build.gradle.internal.dsl.VcsInfoImpl                               : loaded 5 times (x 77B)
Class com.android.build.gradle.internal.res.Aapt2FromMaven$Companion$create$aapt2Directory$1: loaded 5 times (x 74B)
Class com.android.build.gradle.internal.services.SymbolTableBuildService              : loaded 5 times (x 79B)
Class com.android.ide.common.blame.Message$Kind$Companion                             : loaded 5 times (x 71B)
Class com.google.common.collect.Iterators$SingletonIterator                           : loaded 5 times (x 81B)
Class com.android.build.gradle.internal.dsl.CoreExternalNativeCmakeOptions            : loaded 5 times (x 70B)
Class com.android.build.gradle.internal.core.dsl.ConsumableComponentDslInfo           : loaded 5 times (x 70B)
Class com.android.build.gradle.internal.variant.AbstractVariantInputManager           : loaded 5 times (x 97B)
Class com.android.build.gradle.internal.tasks.factory.GlobalTaskCreationConfigImpl    : loaded 5 times (x 135B)
Class com.android.build.gradle.AbstractAppExtension                                   : loaded 5 times (x 215B)
Class com.android.build.gradle.BasePlugin                                             : loaded 5 times (x 76B)
Class com.android.build.api.dsl.AndroidSourceFile                                     : loaded 5 times (x 70B)
Class com.android.build.gradle.internal.dsl.ManagedDevices                            : loaded 5 times (x 80B)
Class com.android.build.gradle.internal.dsl.CmakeOptions$AgpDecorated_Decorated       : loaded 5 times (x 146B)
Class com.android.build.gradle.internal.services.Aapt2DaemonBuildService$Parameters   : loaded 5 times (x 72B)
Class com.android.build.gradle.internal.dsl.SdkComponentsImpl_Decorated               : loaded 5 times (x 130B)
Class com.android.build.gradle.internal.services.FakeDependencyJarBuildService$FakeDependencyJarCreator$Params: loaded 5 times (x 70B)
Class com.android.build.api.dsl.Installation                                          : loaded 5 times (x 70B)
Class com.android.build.gradle.internal.dsl.TestFixturesImpl                          : loaded 5 times (x 81B)
Class com.android.build.gradle.api.AndroidArtifactVariant                             : loaded 5 times (x 70B)
Class com.android.build.gradle.internal.dsl.SdkComponentsImpl$sdkDirectory$1          : loaded 5 times (x 75B)
Class com.android.build.gradle.internal.services.FakeDependencyJarBuildService$FakeDependencyJarCreator$Params$Inject_: loaded 5 times (x 108B)
Class [Lcom.android.builder.model.v2.ide.CodeShrinker;                                : loaded 5 times (x 69B)
Class org.objectweb.asm.tree.IntInsnNode                                              : loaded 5 times (x 79B)
Class com.android.builder.errors.IssueReporter                                        : loaded 5 times (x 73B)
Class com.android.build.gradle.internal.tasks.SigningConfigUtils$Companion$gson$2     : loaded 5 times (x 78B)
Class com.android.build.api.artifact.impl.SingleInitialProviderRequestImpl$on$2       : loaded 5 times (x 75B)
Class com.android.build.gradle.internal.ide.v2.GlobalSyncService$Parameters           : loaded 5 times (x 70B)
Class com.android.builder.profile.Recorder$VoidBlock                                  : loaded 5 times (x 70B)
Class com.android.build.api.extension.impl.ApplicationAndroidComponentsExtensionImpl  : loaded 5 times (x 114B)
Class com.google.common.io.ByteSource                                                 : loaded 5 times (x 84B)
Class com.android.build.api.dsl.ApplicationPublishing                                 : loaded 5 times (x 70B)
Class com.android.build.api.artifact.impl.StorageProviderImpl$directory$1             : loaded 5 times (x 78B)
Class com.android.builder.model.v2.ide.BytecodeTransformation                         : loaded 5 times (x 79B)
Class com.android.build.gradle.api.TestVariant                                        : loaded 5 times (x 70B)
Class com.android.build.gradle.internal.dsl.KeepRulesImpl$AgpDecorated                : loaded 5 times (x 95B)
Class [Lcom.android.build.api.artifact.Artifact$Category;                             : loaded 5 times (x 69B)
Class com.android.build.gradle.internal.dsl.ApplicationBuildFeaturesImpl              : loaded 5 times (x 120B)
Class com.android.build.gradle.internal.ProguardFilesProvider                         : loaded 5 times (x 70B)
Class com.android.build.api.variant.HasTestFixtures                                   : loaded 5 times (x 70B)
Class com.android.build.gradle.internal.CompileOptions$AgpDecorated_Decorated         : loaded 5 times (x 146B)
Class [Lcom.android.tools.lint.model.LintModelSeverity;                               : loaded 5 times (x 69B)
Class com.android.resources.ResourceEnum                                              : loaded 5 times (x 70B)
Class com.google.wireless.android.sdk.stats.GradleBuildProfile$1                      : loaded 5 times (x 151B)
Class com.android.build.gradle.internal.services.Aapt2ThreadPoolBuildService$Params_Decorated: loaded 5 times (x 130B)
Class com.android.build.gradle.internal.services.ConfigPhaseFileCreator               : loaded 5 times (x 70B)
Class [Lcom.android.prefs.Global;                                                     : loaded 5 times (x 69B)
Class com.android.build.gradle.internal.dsl.BundleOptionsDeviceTier                   : loaded 5 times (x 81B)
Class com.android.build.gradle.internal.CompileOptions                                : loaded 5 times (x 94B)
Class com.android.build.gradle.internal.dsl.TestOptions                               : loaded 5 times (x 118B)
Class com.android.build.gradle.internal.dsl.decorator.DslDecorator$Companion$privateLookupInMethod$2: loaded 5 times (x 78B)
Class com.android.builder.model.v2.models.ModelBuilderParameter                       : loaded 5 times (x 70B)
Class com.android.build.gradle.internal.dsl.Lockable                                  : loaded 5 times (x 70B)
Class com.android.build.api.variant.CanMinifyAndroidResourcesBuilder                  : loaded 5 times (x 70B)
Class [Lcom.android.build.gradle.options.OptionalBooleanOption;                       : loaded 5 times (x 69B)
Class com.android.build.gradle.options.ReplacedOption                                 : loaded 5 times (x 85B)
Class com.google.common.base.Converter$IdentityConverter                              : loaded 5 times (x 90B)
Class com.google.common.util.concurrent.AbstractFuture$SetFuture                      : loaded 5 times (x 75B)
Class com.android.build.api.dsl.DependenciesInfo                                      : loaded 5 times (x 70B)
Class com.google.protobuf.AbstractMessageLite                                         : loaded 5 times (x 101B)
Class com.android.prefs.PathLocator$WhenMappings                                      : loaded 5 times (x 71B)
Class com.google.wireless.android.sdk.stats.JavaProcessStats                          : loaded 5 times (x 207B)
Class com.android.build.gradle.internal.tasks.NonIncrementalTask                      : loaded 5 times (x 333B)
Class [Lcom.android.build.gradle.ProguardFiles$ProguardFile;                          : loaded 5 times (x 69B)
Class com.android.build.gradle.internal.ide.v2.NativeModelBuilder$scopes$2            : loaded 5 times (x 79B)
Class com.android.build.api.dsl.SingleVariant                                         : loaded 5 times (x 70B)
Class com.android.build.gradle.internal.dsl.BundleOptionsLanguage$AgpDecorated        : loaded 5 times (x 81B)
Class com.google.protobuf.Message                                                     : loaded 5 times (x 70B)
Class com.android.build.gradle.internal.plugins.BasePlugin$configureProject$5         : loaded 5 times (x 74B)
Class com.android.build.gradle.internal.lint.LintFixBuildService                      : loaded 5 times (x 75B)
Class com.android.build.gradle.internal.profile.NoOpAnalyticsConfiguratorService$RegistrationAction: loaded 5 times (x 74B)
Class com.google.wireless.android.sdk.stats.GradleBuildProject                        : loaded 5 times (x 260B)
Class com.google.wireless.android.sdk.stats.GradleBuildProfileSpan$ExecutionType      : loaded 5 times (x 87B)
Class com.android.build.gradle.internal.errors.SyncIssueReporterImpl$GlobalSyncIssueService: loaded 5 times (x 82B)
Class com.android.build.gradle.internal.errors.DeprecationReporterImpl                : loaded 5 times (x 83B)
Class com.android.build.gradle.internal.ide.dependencies.LibraryDependencyCacheBuildService$Parameters_Decorated: loaded 5 times (x 130B)
Class com.android.build.gradle.options.ProjectOptions                                 : loaded 5 times (x 72B)
Class com.android.build.gradle.internal.services.RunOnceBuildServiceImpl$ActionName   : loaded 5 times (x 72B)
Class com.android.build.gradle.internal.services.Aapt2DaemonBuildService$RegistrationAction: loaded 5 times (x 74B)
Class com.android.build.gradle.internal.services.AndroidLocationsBuildService$AndroidDirectoryCreator$Params: loaded 5 times (x 70B)
Class com.android.build.api.dsl.BaseFlavor                                            : loaded 5 times (x 70B)
Class com.android.build.api.dsl.ProductFlavor                                         : loaded 5 times (x 70B)
Class com.google.common.util.concurrent.AbstractFuture$UnsafeAtomicHelper             : loaded 5 times (x 78B)
Class com.android.utils.HelpfulEnumConverter                                          : loaded 5 times (x 92B)
Class com.android.builder.model.SourceProvider                                        : loaded 5 times (x 70B)
Class com.android.build.gradle.internal.services.TaskCreationServices                 : loaded 5 times (x 70B)
Class com.android.build.api.artifact.Artifact$Replaceable                             : loaded 5 times (x 70B)
Class com.android.builder.model.v2.ide.Installation                                   : loaded 5 times (x 70B)
Class com.google.common.collect.ImmutableMultimap$Values                              : loaded 5 times (x 126B)
Class com.android.build.gradle.internal.services.RunOnceBuildServiceImpl$Inject_      : loaded 5 times (x 102B)
Class com.android.build.gradle.internal.plugins.FusedLibraryPlugin                    : loaded 5 times (x 81B)
Class com.android.tools.analytics.Environment$Companion$SYSTEM$1                      : loaded 5 times (x 73B)
Class com.android.tools.analytics.Environment$Companion                               : loaded 5 times (x 71B)
Class com.android.ide.common.blame.MessageJsonSerializer                              : loaded 5 times (x 76B)
Class com.android.tools.analytics.Environment$SystemProperty                          : loaded 5 times (x 79B)
Class com.google.protobuf.Descriptors$GenericDescriptor                               : loaded 5 times (x 75B)
Class com.android.builder.model.v2.ide.CodeShrinker                                   : loaded 5 times (x 79B)
Class com.android.ProgressManagerAdapter                                              : loaded 5 times (x 73B)
Class com.google.wireless.android.sdk.stats.GradleBuildVariant$VariantType            : loaded 5 times (x 87B)
Class com.android.build.api.dsl.AndroidResources                                      : loaded 5 times (x 70B)
Class com.android.build.gradle.internal.dsl.decorator.DslDecorator$cache$1            : loaded 5 times (x 75B)
Class com.google.common.io.FileWriteMode                                              : loaded 5 times (x 79B)
Class com.android.build.gradle.internal.dsl.ComposeOptionsImpl_Decorated              : loaded 5 times (x 128B)
Class com.android.ide.common.blame.SourceFilePositionJsonSerializer                   : loaded 5 times (x 77B)
Class com.android.build.gradle.internal.services.FakeDependencyJarBuildService$FakeDependencyJarCreator$Inject_: loaded 5 times (x 111B)
Class [Lcom.android.build.api.artifact.impl.InternalScopedArtifacts$InternalScope;    : loaded 5 times (x 69B)
Class com.google.common.base.Splitter$SplittingIterator                               : loaded 5 times (x 84B)
Class com.google.common.util.concurrent.DirectExecutor                                : loaded 5 times (x 82B)
Class [Lcom.google.common.base.AbstractIterator$State;                                : loaded 5 times (x 69B)
Class com.android.build.gradle.TestPlugin                                             : loaded 5 times (x 76B)
Class com.android.builder.model.v2.dsl.BuildType                                      : loaded 5 times (x 70B)
Class org.objectweb.asm.Context                                                       : loaded 5 times (x 72B)
Class com.google.protobuf.Parser                                                      : loaded 5 times (x 70B)
Class com.google.wireless.android.sdk.stats.GradleBuildProfileSpanOrBuilder           : loaded 5 times (x 70B)
Class org.objectweb.asm.tree.TypeAnnotationNode                                       : loaded 5 times (x 81B)
Class com.android.builder.profile.Recorder                                            : loaded 5 times (x 70B)
Class com.android.builder.core.AbstractBuildType                                      : loaded 5 times (x 153B)
Class com.android.build.gradle.internal.tasks.factory.TaskProviderCallback            : loaded 5 times (x 70B)
Class com.android.build.gradle.internal.services.FakeDependencyJarBuildService$FakeDependencyJarCreator$Params_Decorated: loaded 5 times (x 132B)
Class com.android.build.gradle.internal.services.FakeDependencyJarBuildService$FakeDependencyJarCreator: loaded 5 times (x 80B)
Class com.android.build.gradle.internal.tasks.factory.BootClasspathConfigImpl$filteredBootClasspath$2: loaded 5 times (x 79B)
Class com.android.build.gradle.internal.scope.InternalArtifactType$DEFAULT_PROGUARD_FILES: loaded 5 times (x 74B)
Class com.android.build.gradle.internal.dsl.decorator.ApplicationInstallationImpl$AgpDecorated_Decorated: loaded 5 times (x 144B)
Class [Lcom.android.resources.Density;                                                : loaded 5 times (x 69B)
Class com.android.build.gradle.internal.dsl.ExternalNativeBuildOptions_Decorated      : loaded 5 times (x 139B)
Class com.google.common.util.concurrent.AbstractFuture$UnsafeAtomicHelper$1           : loaded 5 times (x 76B)
Class com.android.build.gradle.internal.dsl.ExternalNativeCmakeOptions_Decorated      : loaded 5 times (x 152B)
Class com.android.build.gradle.internal.ide.dependencies.LibraryDependencyCacheBuildService$RegistrationAction: loaded 5 times (x 74B)
Class com.android.utils.DateProvider$1                                                : loaded 5 times (x 75B)
Class com.android.build.gradle.internal.tasks.factory.TaskInformation                 : loaded 5 times (x 70B)
Class com.android.build.gradle.internal.dsl.SigningConfigImpl$AgpDecorated_Decorated  : loaded 5 times (x 151B)
Class com.android.build.gradle.internal.dsl.SigningConfigImpl$AgpDecorated            : loaded 5 times (x 101B)
Class com.android.build.gradle.internal.variant.BaseVariantFactory                    : loaded 5 times (x 106B)
Class com.android.build.gradle.internal.dsl.DefaultConfig$AgpDecorated                : loaded 5 times (x 442B)
Class com.android.build.gradle.internal.api.LazyAndroidSourceSet$sourceSet$1          : loaded 5 times (x 79B)
Class com.android.build.api.artifact.Artifact                                         : loaded 5 times (x 74B)
Class com.android.tools.lint.model.LintModelSeverity$Companion                        : loaded 5 times (x 71B)
Class com.android.build.gradle.internal.tasks.factory.BootClasspathConfigImpl$fullBootClasspathProvider$2: loaded 5 times (x 79B)
Class com.android.builder.model.v2.models.ndk.NativeModule                            : loaded 5 times (x 70B)
Class com.android.build.api.extension.impl.AndroidComponentsExtensionImpl             : loaded 5 times (x 112B)
Class com.android.build.gradle.internal.core.dsl.ApkProducingComponentDslInfo         : loaded 5 times (x 70B)
Class com.android.build.gradle.options.ApiStage$Experimental                          : loaded 5 times (x 72B)
Class com.google.protobuf.MessageLite$Builder                                         : loaded 5 times (x 70B)
Class com.google.protobuf.ExtensionRegistryFactory                                    : loaded 5 times (x 71B)
Class com.android.builder.model.Named                                                 : loaded 5 times (x 70B)
Class com.android.build.api.dsl.DynamicFeatureProductFlavor                           : loaded 5 times (x 70B)
Class com.android.build.gradle.internal.dsl.BundleOptionsCountrySet                   : loaded 5 times (x 81B)
Class com.android.build.gradle.internal.dsl.BundleOptionsLanguage                     : loaded 5 times (x 77B)
Class com.android.build.gradle.internal.dsl.JavaCompileOptions$AgpDecorated_Decorated : loaded 5 times (x 130B)
Class com.android.build.gradle.internal.services.FakeDependencyJarBuildService$lazyCachedFakeJar$1: loaded 5 times (x 75B)
Class com.android.build.api.artifact.Artifacts                                        : loaded 5 times (x 70B)
Class com.android.build.gradle.internal.dsl.BuildType$Companion                       : loaded 5 times (x 71B)
Class com.android.build.gradle.internal.lint.AndroidLintGlobalTask                    : loaded 5 times (x 326B)
Class com.android.build.gradle.internal.tasks.NewIncrementalTask                      : loaded 5 times (x 336B)
Class com.android.builder.model.v2.models.Versions                                    : loaded 5 times (x 70B)
Class com.android.builder.model.v2.ide.ArtifactDependenciesAdjacencyList              : loaded 5 times (x 70B)
Class com.android.builder.model.v2.ide.Library                                        : loaded 5 times (x 70B)
Class com.android.build.api.dsl.ApplicationExtension                                  : loaded 5 times (x 70B)
Class com.android.build.api.variant.Variant                                           : loaded 5 times (x 70B)
Class com.android.build.gradle.internal.services.AndroidLocationsBuildService         : loaded 5 times (x 90B)
Class com.google.protobuf.AbstractMessage$Builder                                     : loaded 5 times (x 257B)
Class com.android.build.gradle.options.OptionParsers                                  : loaded 5 times (x 71B)
Class com.android.ide.common.blame.Message                                            : loaded 5 times (x 72B)
Class com.google.protobuf.ProtocolMessageEnum                                         : loaded 5 times (x 70B)
Class com.google.protobuf.GeneratedMessageV3                                          : loaded 5 times (x 178B)
Class com.android.build.gradle.internal.plugins.BasePlugin$ExtensionData              : loaded 5 times (x 72B)
Class com.android.build.api.dsl.CompileOptions                                        : loaded 5 times (x 70B)
Class com.android.build.gradle.internal.dsl.NdkOptions                                : loaded 5 times (x 116B)
Class com.android.build.gradle.api.AndroidSourceDirectorySet                          : loaded 5 times (x 70B)
Class com.android.build.gradle.internal.tasks.SigningConfigUtils$Companion            : loaded 5 times (x 71B)
Class org.objectweb.asm.tree.RecordComponentNode                                      : loaded 5 times (x 79B)
Class org.objectweb.asm.tree.LabelNode                                                : loaded 5 times (x 80B)
Class com.android.build.gradle.internal.tasks.factory.BootClasspathConfig             : loaded 5 times (x 70B)
Class com.android.build.gradle.internal.tasks.factory.GlobalTaskCreationConfig        : loaded 5 times (x 70B)
Class com.android.build.gradle.internal.tasks.factory.BootClasspathConfigImpl         : loaded 5 times (x 79B)
Class com.android.build.api.variant.HasUnitTestBuilder                                : loaded 5 times (x 70B)
Class com.android.build.gradle.options.ApiStage$Deprecated                            : loaded 5 times (x 72B)
Class com.android.ide.common.blame.SourceFileJsonTypeAdapter                          : loaded 5 times (x 75B)
Class com.android.build.gradle.internal.profile.NoOpAnalyticsService$RegistrationAction: loaded 5 times (x 74B)
Class com.google.wireless.android.sdk.stats.GradleBuildVariant$Builder                : loaded 5 times (x 382B)
Class com.google.wireless.android.sdk.stats.JavaProcessStatsOrBuilder                 : loaded 5 times (x 70B)
Class com.google.wireless.android.sdk.stats.JavaProcessStats$Builder                  : loaded 5 times (x 307B)
Class com.android.build.gradle.internal.dsl.VectorDrawablesOptions                    : loaded 5 times (x 87B)
Class com.android.prefs.AndroidPathLocator                                            : loaded 5 times (x 73B)
Class [Lcom.google.common.base.CaseFormat;                                            : loaded 5 times (x 69B)
Class com.android.build.api.dsl.Device                                                : loaded 5 times (x 70B)
Class com.android.builder.model.v2.ide.Variant                                        : loaded 5 times (x 70B)
Class com.android.build.api.variant.ApplicationVariant                                : loaded 5 times (x 70B)
Class com.android.build.gradle.internal.services.VariantBuilderServices               : loaded 5 times (x 70B)
Class com.android.build.api.extension.impl.OperationsRegistrar                        : loaded 5 times (x 72B)
Class com.android.tools.lint.model.LintModelSeverity                                  : loaded 5 times (x 79B)
Class com.android.build.gradle.internal.dsl.BundleOptionsAbi$AgpDecorated             : loaded 5 times (x 81B)
Class com.android.build.gradle.internal.dsl.ApplicationAndroidResourcesImpl$AgpDecorated: loaded 5 times (x 130B)
Class com.android.builder.core.AbstractProductFlavor$DimensionRequest                 : loaded 5 times (x 72B)
Class com.android.build.gradle.internal.services.ClassesHierarchyBuildService         : loaded 5 times (x 80B)
Class com.android.build.gradle.internal.dsl.LintImpl                                  : loaded 5 times (x 212B)
Class com.android.build.api.dsl.SigningConfig                                         : loaded 5 times (x 70B)
Class com.android.io.CancellableFileIo                                                : loaded 5 times (x 71B)
Class com.google.protobuf.Descriptors$FieldDescriptor                                 : loaded 5 times (x 88B)
Class com.android.build.gradle.internal.errors.SyncIssueReporterImpl$GlobalSyncIssueService$Parameters: loaded 5 times (x 70B)
Class com.android.build.gradle.internal.packaging.GradleKeystoreHelper                : loaded 5 times (x 71B)
Class com.android.build.api.variant.ComponentIdentity                                 : loaded 5 times (x 70B)
Class com.android.build.gradle.internal.testing.ManagedDeviceRegistry                 : loaded 5 times (x 75B)
Class com.android.build.gradle.internal.dsl.BaseAppModuleExtension                    : loaded 5 times (x 459B)
Class com.android.build.gradle.AndroidConfig                                          : loaded 5 times (x 70B)
Class com.android.build.gradle.internal.tasks.ApplicationTaskManager                  : loaded 5 times (x 86B)
Class com.android.prefs.AndroidLocationsProvider                                      : loaded 5 times (x 70B)
Class com.android.build.gradle.options.Option$Status                                  : loaded 5 times (x 71B)
Class com.android.build.gradle.internal.res.Aapt2FromMaven$Companion$create$1         : loaded 5 times (x 75B)
Class com.android.build.gradle.internal.dsl.JavaCompileOptions                        : loaded 5 times (x 82B)
Class com.android.build.gradle.internal.services.AndroidLocationsBuildService$AndroidDirectoryCreator: loaded 5 times (x 80B)
Class com.android.build.gradle.internal.dsl.DataBindingOptions                        : loaded 5 times (x 108B)
Class com.android.build.gradle.internal.dsl.NdkBuildOptions                           : loaded 5 times (x 92B)
Class com.google.common.util.concurrent.AbstractFuture$AtomicHelper                   : loaded 5 times (x 78B)
Class com.android.build.gradle.internal.dsl.OptimizationImpl                          : loaded 5 times (x 86B)
Class com.android.build.gradle.internal.dsl.ExternalNativeCmakeOptions                : loaded 5 times (x 108B)
Class com.android.build.api.dsl.PublishingOptions                                     : loaded 5 times (x 70B)
Class com.android.build.api.artifact.impl.ArtifactsImpl$2$1                           : loaded 5 times (x 80B)
Class com.android.build.gradle.internal.tasks.factory.GlobalTaskNames                 : loaded 5 times (x 70B)
Class org.objectweb.asm.tree.TypeInsnNode                                             : loaded 5 times (x 79B)
Class org.objectweb.asm.tree.InnerClassNode                                           : loaded 5 times (x 73B)
Class com.android.build.gradle.TestedAndroidConfig                                    : loaded 5 times (x 70B)
Class com.android.build.gradle.internal.core.dsl.PublishableComponentDslInfo          : loaded 5 times (x 70B)
Class com.android.build.gradle.internal.dsl.decorator.annotation.NonNullableSetter    : loaded 5 times (x 70B)
Class com.android.tools.analytics.HostData$classLoadingBean$2                         : loaded 5 times (x 78B)
Class com.android.build.gradle.internal.services.ConfigPhaseFileCreator$Params        : loaded 5 times (x 70B)
Class com.android.builder.model.ProductFlavor                                         : loaded 5 times (x 70B)
Class com.android.build.gradle.internal.dsl.decorator.SupportedPropertyType$Var$NullableBoolean: loaded 5 times (x 74B)
Class com.android.build.gradle.internal.dsl.decorator.SupportedPropertyType$Var$Int   : loaded 5 times (x 74B)
Class com.android.build.gradle.internal.dsl.decorator.LockableList                    : loaded 5 times (x 208B)
Class com.android.build.api.dsl.DeviceGroup                                           : loaded 5 times (x 70B)
Class [Lcom.android.builder.model.v2.ide.LibraryType;                                 : loaded 5 times (x 69B)
Class com.android.builder.model.v2.ide.LibraryType                                    : loaded 5 times (x 79B)
Class com.google.common.io.ByteSink$AsCharSink                                        : loaded 5 times (x 80B)
Class org.objectweb.asm.tree.IincInsnNode                                             : loaded 5 times (x 78B)
Class com.google.common.io.Files$FileByteSource                                       : loaded 5 times (x 85B)
Class com.android.build.gradle.internal.utils.GradlePluginUtils                       : loaded 5 times (x 71B)
Class [Lcom.android.build.gradle.options.SyncOptions$ErrorFormatMode;                 : loaded 5 times (x 69B)
Class com.android.build.gradle.internal.dsl.BundleOptionsCountrySet$AgpDecorated_Decorated: loaded 5 times (x 130B)
Class com.android.build.gradle.internal.dsl.BundleOptionsLanguage$AgpDecorated_Decorated: loaded 5 times (x 125B)
Class com.google.common.collect.AbstractBiMap                                         : loaded 5 times (x 159B)
Class com.android.build.gradle.internal.dsl.VcsInfoImpl$AgpDecorated                  : loaded 5 times (x 81B)
Class com.android.build.gradle.internal.dependency.GenericTransformParameters_Decorated: loaded 5 times (x 130B)
Class com.google.protobuf.UnknownFieldSet$Parser                                      : loaded 5 times (x 150B)
Class com.android.build.api.artifact.impl.SingleInitialProviderRequestImpl$on$1       : loaded 5 times (x 75B)
Class com.android.build.api.dsl.AarMetadata                                           : loaded 5 times (x 70B)
Class com.android.build.api.dsl.Cmake                                                 : loaded 5 times (x 70B)
Class com.android.build.gradle.internal.dsl.LintOptions                               : loaded 5 times (x 201B)
Class [Lcom.android.builder.model.TestOptions$Execution;                              : loaded 5 times (x 69B)
Class com.android.build.gradle.internal.dsl.ResourcesPackagingImpl$AgpDecorated       : loaded 5 times (x 86B)
Class com.android.build.gradle.internal.dsl.ExternalNativeBuild$AgpDecorated          : loaded 5 times (x 96B)
Class com.android.build.gradle.internal.tasks.factory.BootClasspathConfigImpl$bootClasspath$2: loaded 5 times (x 79B)
Class com.android.build.api.variant.VariantFilter                                     : loaded 5 times (x 70B)
Class com.android.build.gradle.internal.plugins.BasePlugin$createVariantModel$4       : loaded 5 times (x 79B)
Class com.android.builder.model.v2.AndroidModel                                       : loaded 5 times (x 70B)
Class com.android.builder.model.v2.models.AndroidProject                              : loaded 5 times (x 70B)
Class org.objectweb.asm.tree.UnsupportedClassVersionException                         : loaded 5 times (x 82B)
Class com.android.builder.model.v2.dsl.SigningConfig                                  : loaded 5 times (x 70B)
Class com.google.common.io.ByteSink                                                   : loaded 5 times (x 76B)
Class com.android.build.gradle.internal.variant.VariantModel                          : loaded 5 times (x 70B)
Class com.android.build.gradle.internal.component.ComponentCreationConfig             : loaded 5 times (x 70B)
Class com.android.build.gradle.internal.services.StringCachingBuildService            : loaded 5 times (x 84B)
Class com.android.prefs.PathLocator$singlePathOf$values$2                             : loaded 5 times (x 78B)
Class com.android.build.gradle.internal.model.CoreNdkBuildOptions                     : loaded 5 times (x 70B)
Class com.android.build.api.dsl.ResourcesPackaging                                    : loaded 5 times (x 70B)
Class com.android.build.gradle.internal.dsl.decorator.annotation.WithLazyInitialization: loaded 5 times (x 70B)
Class com.android.build.gradle.internal.lint.AndroidLintGlobalTask$GlobalCreationAction$Companion: loaded 5 times (x 71B)
Class com.android.build.gradle.internal.tasks.LintCompile$CreationAction              : loaded 5 times (x 91B)
Class com.android.build.gradle.internal.dsl.AndroidTestImpl$AgpDecorated              : loaded 5 times (x 80B)
Class com.android.build.gradle.internal.tasks.factory.GlobalTaskCreationConfigImpl$testOptionExecutionEnum$2: loaded 5 times (x 79B)
Class com.android.build.gradle.internal.dsl.VectorDrawablesOptions_Decorated          : loaded 5 times (x 132B)
Class com.android.build.gradle.internal.dsl.BundleOptionsCodeTransparency$AgpDecorated_Decorated: loaded 5 times (x 125B)
Class com.android.build.gradle.internal.dsl.ManagedDevices$localDevices$1$1           : loaded 5 times (x 75B)
Class com.android.build.gradle.internal.dsl.AarMetadataImpl$AgpDecorated              : loaded 5 times (x 91B)
Class com.android.build.gradle.internal.dsl.AnnotationProcessorOptions$AgpDecorated_Decorated: loaded 5 times (x 149B)
Class com.android.resources.Density                                                   : loaded 5 times (x 92B)
Class com.android.build.gradle.internal.VariantTaskManager                            : loaded 5 times (x 85B)
Class com.android.build.gradle.internal.dsl.decorator.SupportedPropertyType           : loaded 5 times (x 73B)
Class com.android.build.gradle.internal.dsl.InternalSigningConfig                     : loaded 5 times (x 70B)
Class com.android.build.gradle.internal.dependency.JacocoInstrumentationService       : loaded 5 times (x 81B)
Class com.android.build.gradle.internal.ide.v2.GlobalSyncService$Parameters_Decorated : loaded 5 times (x 130B)
Class com.android.tools.analytics.StubbableLazy                                       : loaded 5 times (x 76B)
Class com.google.common.base.Splitter$Strategy                                        : loaded 5 times (x 70B)
Class com.android.build.gradle.internal.profile.TaskMetadata                          : loaded 5 times (x 72B)
Class com.android.build.gradle.internal.scope.ProjectInfo$Companion                   : loaded 5 times (x 71B)
Class com.android.build.gradle.internal.TaskManager$Companion                         : loaded 5 times (x 71B)
Class com.google.protobuf.Internal$EnumLite                                           : loaded 5 times (x 70B)
Class com.android.build.gradle.internal.AbstractAppTaskManager                        : loaded 5 times (x 86B)
Class com.android.build.gradle.internal.plugins.VersionCheckPlugin                    : loaded 5 times (x 74B)
Class com.android.build.gradle.internal.DefaultConfigData                             : loaded 5 times (x 72B)
Class com.android.build.gradle.internal.dsl.DataBindingOptions$AgpDecorated           : loaded 5 times (x 112B)
Class com.android.build.api.variant.impl.DeferredActionManager                        : loaded 5 times (x 72B)
Class com.android.build.gradle.internal.plugins.BasePlugin$createVariantModel$3       : loaded 5 times (x 79B)
Class com.google.common.base.ExtraObjectsMethodsForWeb                                : loaded 5 times (x 71B)
Class com.android.build.gradle.internal.services.ServiceRegistrationAction            : loaded 5 times (x 74B)
Class com.android.build.gradle.options.Option$Status$EXPERIMENTAL                     : loaded 5 times (x 71B)
Class com.android.tools.analytics.AnalyticsSettings$optedIn$1                         : loaded 5 times (x 78B)
Class com.android.prefs.PathLocator$singlePathOf$values$1                             : loaded 5 times (x 79B)
Class com.android.build.gradle.internal.dsl.BundleOptionsCodeTransparency             : loaded 5 times (x 77B)
Class com.android.build.gradle.internal.dsl.LibraryKeepRulesImpl                      : loaded 5 times (x 88B)
Class com.android.build.api.dsl.NdkBuild                                              : loaded 5 times (x 70B)
Class com.android.build.gradle.internal.dsl.decorator.SupportedPropertyType$Var$File  : loaded 5 times (x 74B)
Class com.android.build.gradle.internal.dsl.ApplicationAndroidResourcesImpl$AgpDecorated_Decorated: loaded 5 times (x 180B)
Class com.android.build.gradle.internal.dsl.ManagedDevices$allDevices$1$2             : loaded 5 times (x 75B)
Class com.android.build.gradle.internal.dsl.DexPackagingImpl$AgpDecorated_Decorated   : loaded 5 times (x 127B)
Class com.android.build.gradle.internal.plugins.BasePlugin$createVariantModel$2       : loaded 5 times (x 79B)
Class com.android.build.gradle.internal.SdkLocator                                    : loaded 5 times (x 71B)
Class com.android.builder.model.v2.ide.JavaArtifact                                   : loaded 5 times (x 70B)
Class com.google.common.collect.ImmutableMultimap$Keys                                : loaded 5 times (x 166B)
Class com.android.build.gradle.internal.BadPluginException                            : loaded 5 times (x 82B)
Class com.android.build.api.dsl.TestedExtension                                       : loaded 5 times (x 70B)
Class com.android.build.gradle.internal.services.BaseServices                         : loaded 5 times (x 70B)
Class com.google.wireless.android.sdk.stats.GradleBuildProject$PluginType             : loaded 5 times (x 87B)
Class [Lcom.android.build.gradle.options.Version;                                     : loaded 5 times (x 69B)
Class com.android.build.api.dsl.TestBaseFlavor                                        : loaded 5 times (x 70B)
Class com.android.build.api.dsl.LibraryBuildType                                      : loaded 5 times (x 70B)
Class com.android.build.api.dsl.VariantDimension                                      : loaded 5 times (x 70B)
Class com.google.wireless.android.sdk.stats.GarbageCollectionStats$Builder            : loaded 5 times (x 301B)
Class com.android.build.gradle.internal.services.BuildServicesKt$getBuildService$1    : loaded 5 times (x 75B)
Class org.bouncycastle.operator.OperatorException                                     : loaded 5 times (x 82B)
Class org.objectweb.asm.commons.Method                                                : loaded 5 times (x 76B)
Class com.android.build.gradle.internal.dsl.OptimizationImpl$AgpDecorated             : loaded 5 times (x 90B)
Class com.android.build.OutputFile                                                    : loaded 5 times (x 70B)
Class com.android.build.gradle.internal.dsl.ManagedDevices$allDevices$1$1             : loaded 5 times (x 75B)
Class com.android.build.gradle.api.VersionedVariant                                   : loaded 5 times (x 70B)
Class com.android.build.gradle.internal.plugins.BasePlugin$createVariantModel$1       : loaded 5 times (x 79B)
Class com.android.build.gradle.internal.tasks.factory.PreConfigAction                 : loaded 5 times (x 70B)
Class com.android.build.gradle.internal.dsl.VcsInfoImpl$AgpDecorated_Decorated        : loaded 5 times (x 125B)
Class com.android.build.gradle.internal.dsl.BuildType$AgpDecorated                    : loaded 5 times (x 369B)
Class com.android.build.gradle.internal.dsl.ManagedDevices$localDevices$1$2           : loaded 5 times (x 75B)
Class com.android.build.gradle.internal.dsl.decorator.DslDecorator$ClassInfoVisitor   : loaded 5 times (x 70B)
Class org.objectweb.asm.tree.LineNumberNode                                           : loaded 5 times (x 79B)
Class com.android.build.gradle.api.JavaCompileOptions                                 : loaded 5 times (x 70B)
Class org.bouncycastle.jce.provider.BouncyCastleProvider                              : loaded 5 times (x 169B)
Class com.android.build.api.dsl.DynamicFeatureBuildType                               : loaded 5 times (x 70B)
Class com.google.wireless.android.sdk.stats.GradleBuildMemorySampleOrBuilder          : loaded 5 times (x 70B)
Class com.android.prefs.AndroidLocationsException                                     : loaded 5 times (x 82B)
Class org.objectweb.asm.tree.FrameNode                                                : loaded 5 times (x 79B)
Class com.android.build.gradle.internal.core.dsl.MultiVariantComponentDslInfo         : loaded 5 times (x 70B)
Class com.google.protobuf.CodedInputStream                                            : loaded 5 times (x 119B)
Class com.android.build.gradle.internal.profile.ProjectData                           : loaded 5 times (x 72B)
Class com.android.build.api.dsl.ApplicationDefaultConfig                              : loaded 5 times (x 70B)
Class com.android.build.gradle.internal.dsl.decorator.SupportedPropertyType$Block     : loaded 5 times (x 74B)
Class com.google.wireless.android.sdk.stats.GradleBuildProfileSpan                    : loaded 5 times (x 216B)
Class com.google.common.base.Converter$ConverterComposition                           : loaded 5 times (x 90B)
Class com.android.build.gradle.internal.services.FakeDependencyJarBuildService$Params$Inject_: loaded 5 times (x 106B)
Class com.android.build.api.variant.ScopedArtifacts                                   : loaded 5 times (x 70B)
Class com.android.build.gradle.internal.tasks.factory.GlobalTaskCreationConfigImpl$platformAttrs$2: loaded 5 times (x 79B)
Class com.android.build.gradle.internal.tasks.ExtractProguardFiles                    : loaded 5 times (x 329B)
Class com.android.build.gradle.internal.lint.LintTaskManager                          : loaded 5 times (x 72B)
Class com.google.common.base.NullnessCasts                                            : loaded 5 times (x 71B)
Class com.android.build.gradle.options.Stage                                          : loaded 5 times (x 72B)
Class com.android.build.gradle.options.FeatureStage$Removed                           : loaded 5 times (x 72B)
Class com.android.ide.common.blame.SourcePositionJsonTypeAdapter                      : loaded 5 times (x 75B)
Class com.google.protobuf.MessageLite                                                 : loaded 5 times (x 70B)
Class org.objectweb.asm.ConstantDynamic                                               : loaded 5 times (x 72B)
Class com.android.builder.model.v2.ide.AndroidGradlePluginProjectFlags$BooleanFlag    : loaded 5 times (x 79B)
Class com.google.gson.Gson$FutureTypeAdapter                                          : loaded 5 times (x 76B)
Class [Lorg.objectweb.asm.ConstantDynamic;                                            : loaded 5 times (x 69B)
Class com.android.prefs.AbstractAndroidLocations$Companion                            : loaded 5 times (x 71B)
Class com.android.prefs.VariableValue                                                 : loaded 5 times (x 82B)
Class com.android.builder.model.DataBindingOptions                                    : loaded 5 times (x 70B)
Class com.google.gson.ReflectionAccessFilter$FilterResult                             : loaded 5 times (x 79B)
Class com.android.builder.model.AdbOptions                                            : loaded 5 times (x 70B)
Class com.android.build.gradle.internal.dsl.LintImpl$SeverityOverrideSet              : loaded 5 times (x 143B)
Class com.android.build.gradle.options.ProjectOptionService                           : loaded 5 times (x 77B)
Class com.android.build.api.variant.CanMinifyCode                                     : loaded 5 times (x 70B)
Class com.android.build.gradle.internal.plugins.AndroidPluginBaseServices$syncIssueReporter$2: loaded 5 times (x 79B)
Class com.android.build.gradle.options.Option$Status$Removed                          : loaded 5 times (x 72B)
Class com.google.protobuf.ExtensionRegistry$ExtensionInfo                             : loaded 5 times (x 72B)
Class com.google.common.collect.Lists$RandomAccessReverseList                         : loaded 5 times (x 200B)
Class com.google.wireless.android.sdk.stats.GarbageCollectionStats                    : loaded 5 times (x 201B)
Class com.android.build.gradle.internal.ide.dependencies.LibraryDependencyCacheBuildService: loaded 5 times (x 80B)
Class com.android.build.gradle.internal.SdkComponentsBuildService$RegistrationAction  : loaded 5 times (x 74B)
Class com.android.build.api.artifact.ScopedArtifact$JAVA_RES                          : loaded 5 times (x 74B)
Class com.android.build.gradle.internal.dsl.ProductFlavor                             : loaded 5 times (x 469B)
Class com.android.build.api.dsl.Packaging                                             : loaded 5 times (x 70B)
Class com.android.build.gradle.internal.crash.CrashReporting$afterEvaluate$1          : loaded 5 times (x 75B)
Class com.android.build.gradle.internal.services.VersionedSdkLoaderService            : loaded 5 times (x 72B)
Class com.android.build.gradle.internal.plugins.BasePlugin$newExtension$2             : loaded 5 times (x 79B)
Class com.android.build.gradle.internal.tasks.factory.TaskFactoryImpl                 : loaded 5 times (x 83B)
Class com.android.ide.common.blame.SourceFile                                         : loaded 5 times (x 72B)
Class com.android.build.gradle.internal.tasks.factory.GlobalTaskCreationConfigImpl$localCustomLintChecks$2: loaded 5 times (x 79B)
Class com.android.build.gradle.internal.dsl.Splits$AgpDecorated                       : loaded 5 times (x 85B)
Class com.android.build.gradle.internal.dsl.decorator.DslDecorator$findAbstractProperties$1$2: loaded 5 times (x 78B)
Class com.android.build.api.artifact.impl.ArtifactsImpl$3$1                           : loaded 5 times (x 80B)
Class com.android.build.api.dsl.BundleDensity                                         : loaded 5 times (x 70B)
Class com.android.builder.internal.BaseConfigImpl                                     : loaded 5 times (x 115B)
Class com.android.build.api.dsl.AndroidSourceSet                                      : loaded 5 times (x 70B)
Class com.android.build.gradle.internal.lint.LintFromMaven$Companion                  : loaded 5 times (x 71B)
Class com.android.build.gradle.internal.SdkComponentsBuildService                     : loaded 5 times (x 80B)
Class [Lcom.android.prefs.VariableValue;                                              : loaded 5 times (x 69B)
Class com.android.build.gradle.internal.utils.EnvironmentProviderImpl                 : loaded 5 times (x 78B)
Class com.android.build.gradle.internal.services.Aapt2ThreadPoolBuildService          : loaded 5 times (x 80B)
Class com.google.wireless.android.sdk.stats.GradleBuildProfileSpan$ExecutionType$1    : loaded 5 times (x 76B)
Class com.android.build.gradle.internal.dsl.DependenciesInfoImpl$AgpDecorated_Decorated: loaded 5 times (x 130B)
Class com.google.protobuf.Extension$ExtensionType                                     : loaded 5 times (x 79B)
Class com.google.protobuf.AbstractMessageLite$Builder$LimitedInputStream              : loaded 5 times (x 92B)
Class com.android.build.gradle.internal.dsl.DependenciesInfoImpl$AgpDecorated         : loaded 5 times (x 84B)
Class com.google.protobuf.Internal$ProtobufList                                       : loaded 5 times (x 70B)
Class com.android.build.gradle.options.StringOption                                   : loaded 5 times (x 85B)
Class com.google.common.util.concurrent.ListeningExecutorService                      : loaded 5 times (x 70B)
Class com.android.build.gradle.internal.services.Aapt2ThreadPoolBuildService$Params   : loaded 5 times (x 70B)
Class com.android.build.api.dsl.LibraryBaseFlavor                                     : loaded 5 times (x 70B)
Class com.android.build.api.dsl.AaptOptions                                           : loaded 5 times (x 70B)
Class com.android.build.gradle.internal.api.artifact.SourceArtifactType$BASELINE_PROFILES: loaded 5 times (x 74B)
Class com.android.build.api.dsl.ApplicationAndroidResources                           : loaded 5 times (x 70B)
Class com.android.build.gradle.internal.coverage.JacocoOptions_Decorated              : loaded 5 times (x 130B)
Class com.android.build.gradle.internal.res.Aapt2FromMaven$Companion$Aapt2Extractor$Inject_1: loaded 5 times (x 109B)
Class com.android.builder.model.DimensionAware                                        : loaded 5 times (x 70B)
Class com.android.build.api.dsl.AndroidTest                                           : loaded 5 times (x 70B)
Class com.android.build.gradle.internal.dsl.decorator.DslDecorator                    : loaded 5 times (x 72B)
Class com.google.common.base.Objects                                                  : loaded 5 times (x 71B)
Class com.android.build.gradle.internal.api.artifact.SourceArtifactType$SHADERS       : loaded 5 times (x 74B)
Class com.android.builder.core.AbstractProductFlavor$Companion                        : loaded 5 times (x 71B)
Class com.android.build.gradle.internal.dsl.decorator.ApplicationInstallationImpl     : loaded 5 times (x 94B)
Class org.objectweb.asm.tree.LookupSwitchInsnNode                                     : loaded 5 times (x 78B)
Class com.android.build.gradle.internal.dsl.BundleOptionsDeviceTier$AgpDecorated_Decorated: loaded 5 times (x 130B)
Class com.android.build.api.dsl.VcsInfo                                               : loaded 5 times (x 70B)
Class com.android.build.gradle.internal.core.ExecutionProfileOptions                  : loaded 5 times (x 72B)
Class com.android.build.gradle.internal.tasks.factory.TaskCreationAction              : loaded 5 times (x 89B)
Class com.android.build.gradle.internal.model.CoreCmakeOptions                        : loaded 5 times (x 70B)
Class com.android.builder.model.v2.models.ProjectSyncIssues                           : loaded 5 times (x 70B)
Class com.android.build.gradle.internal.services.BuildServicesKt                      : loaded 5 times (x 71B)
Class com.android.build.gradle.LibraryPlugin                                          : loaded 5 times (x 76B)
Class com.android.build.gradle.internal.dsl.TestedExtensionImpl                       : loaded 5 times (x 222B)
Class com.android.build.api.variant.GeneratesApk                                      : loaded 5 times (x 70B)
Class com.android.build.gradle.internal.plugins.AndroidPluginBaseServices$configuratorService$2: loaded 5 times (x 79B)
Class com.android.build.gradle.internal.plugins.BasePlugin$variantApiOperations$2     : loaded 5 times (x 79B)
Class com.android.build.gradle.internal.plugins.BasePlugin$globalConfig$2             : loaded 5 times (x 79B)
Class com.android.build.gradle.internal.dsl.decorator.SupportedPropertyType$Collection: loaded 5 times (x 74B)
Class com.google.protobuf.Internal$DoubleList                                         : loaded 5 times (x 70B)
Class com.google.protobuf.CodedInputStream$IterableDirectByteBufferDecoder            : loaded 5 times (x 120B)
Class com.android.build.gradle.internal.services.AndroidLocationsBuildService$AndroidLocations: loaded 5 times (x 82B)
Class com.android.build.gradle.internal.services.ClassesHierarchyBuildService$RegistrationAction: loaded 5 times (x 74B)
Class com.android.build.gradle.internal.services.VersionedSdkLoaderService$versionedSdkLoader$2: loaded 5 times (x 79B)
Class com.android.build.gradle.internal.dsl.BundleOptionsAbi                          : loaded 5 times (x 77B)
Class com.android.builder.model.v2.ide.ViewBindingOptions                             : loaded 5 times (x 70B)
Class com.android.builder.core.ComponentType                                          : loaded 5 times (x 70B)
Class com.android.build.gradle.internal.api.artifact.SourceArtifactType$ML_MODELS     : loaded 5 times (x 74B)
Class com.android.build.gradle.internal.dsl.DataBindingOptions$AgpDecorated_Decorated : loaded 5 times (x 163B)
Class com.android.build.gradle.internal.core.Abi                                      : loaded 5 times (x 79B)
Class com.android.build.api.variant.HasDeviceTests                                    : loaded 5 times (x 70B)
Class com.android.build.gradle.internal.dsl.decorator.DslDecorator$findAbstractProperties$1$3: loaded 5 times (x 78B)
Class com.google.wireless.android.sdk.stats.GradleBuildProject$Builder                : loaded 5 times (x 360B)
Class com.android.build.gradle.api.KotlinMultiplatformAndroidPlugin                   : loaded 5 times (x 76B)
Class com.google.protobuf.AbstractMessageLite$Builder                                 : loaded 5 times (x 126B)
Class com.android.build.gradle.api.AnnotationProcessorOptions                         : loaded 5 times (x 70B)
Class com.android.build.api.dsl.ApplicationBaseFlavor                                 : loaded 5 times (x 70B)
Class com.android.build.gradle.internal.dsl.CoreBuildType                             : loaded 5 times (x 70B)
Class com.android.build.gradle.internal.services.FakeDependencyJarBuildService$Params_Decorated: loaded 5 times (x 130B)
Class com.android.build.gradle.internal.services.AndroidLocationsBuildService$RegistrationAction: loaded 5 times (x 74B)
Class com.android.build.api.variant.CanMinifyAndroidResources                         : loaded 5 times (x 70B)
Class com.android.build.gradle.TestedExtension                                        : loaded 5 times (x 215B)
Class com.google.common.graph.SuccessorsFunction                                      : loaded 5 times (x 70B)
Class com.sun.xml.bind.v2.model.impl.ModelBuilder                                     : loaded 4 times (x 92B)
Class com.android.build.gradle.internal.dsl.PrivacySandboxImpl$AgpDecorated_Decorated : loaded 4 times (x 126B)
Class com.android.build.gradle.internal.core.dsl.impl.VariantDslInfoImpl              : loaded 4 times (x 145B)
Class com.android.build.api.component.impl.features.OptimizationCreationConfigImpl    : loaded 4 times (x 85B)
Class com.android.build.gradle.internal.dependency.ProvidedClasspathSubtractor$excludes$1: loaded 4 times (x 79B)
Class [Lcom.android.build.gradle.tasks.MergeResources$Flag;                           : loaded 4 times (x 69B)
Class com.android.build.gradle.tasks.MergeResources$CreationAction$handleProvider$6   : loaded 4 times (x 78B)
Class org.objectweb.asm.commons.ModuleRemapper                                        : loaded 4 times (x 81B)
Class com.android.ide.common.gradle.Part                                              : loaded 4 times (x 77B)
Class com.android.build.gradle.internal.scope.InternalArtifactType$JAVA_RES           : loaded 4 times (x 74B)
Class com.android.build.api.variant.JniLibsTestedApkPackaging                         : loaded 4 times (x 70B)
Class com.android.build.gradle.internal.tasks.CheckDuplicateClassesTask               : loaded 4 times (x 334B)
Class com.android.tools.r8.DataResourceProvider$Visitor                               : loaded 4 times (x 70B)
Class com.android.tools.build.jetifier.processor.AndroidXRefScanner                   : loaded 4 times (x 76B)
Class com.android.build.gradle.internal.cxx.configure.NativeModelBuilderOutcome$Outcome$1: loaded 4 times (x 76B)
Class com.android.tools.r8.androidapi.e                                               : loaded 4 times (x 71B)
Class com.android.tools.r8.graph.h2                                                   : loaded 4 times (x 351B)
Class com.android.repository.impl.meta.SchemaModuleUtil$NamespaceFallbackFilter       : loaded 4 times (x 153B)
Class [Lcom.sun.xml.bind.v2.runtime.unmarshaller.Scope;                               : loaded 4 times (x 69B)
Class com.android.repository.impl.generated.generic.v2.GenericDetailsType             : loaded 4 times (x 76B)
Class com.sun.xml.bind.v2.model.impl.RuntimeBuiltinLeafInfoImpl$11                    : loaded 4 times (x 136B)
Class com.sun.xml.bind.v2.model.core.ElementInfo                                      : loaded 4 times (x 70B)
Class com.sun.xml.bind.v2.model.runtime.RuntimeEnumLeafInfo                           : loaded 4 times (x 70B)
Class javax.xml.bind.GetPropertyAction                                                : loaded 4 times (x 75B)
Class com.android.repository.api.Checksum                                             : loaded 4 times (x 80B)
Class com.android.build.gradle.internal.PlatformComponents$Companion                  : loaded 4 times (x 71B)
Class com.android.build.gradle.internal.scope.InternalArtifactType$SUPPORTED_LOCALE_LIST: loaded 4 times (x 74B)
Class com.android.build.gradle.internal.scope.ArtifactPublishingUtil                  : loaded 4 times (x 71B)
Class com.android.build.gradle.internal.dependency.BaseDexingTransform                : loaded 4 times (x 80B)
Class com.android.build.gradle.internal.cxx.logging.ThreadLoggingEnvironment$Companion$loggerStack$1: loaded 4 times (x 74B)
Class com.android.build.gradle.internal.PropertiesValueSource                         : loaded 4 times (x 78B)
Class com.android.build.gradle.internal.tasks.MergeStartupProfileTask                 : loaded 4 times (x 336B)
Class com.android.build.gradle.internal.tasks.ExtractNativeDebugMetadataTask$FullCreationAction$handleProvider$1: loaded 4 times (x 127B)
Class com.android.build.api.component.impl.DeviceTestImpl$pseudoLocalesEnabled$2      : loaded 4 times (x 79B)
Class com.android.build.gradle.internal.core.dsl.impl.DslInfoCommonKt                 : loaded 4 times (x 71B)
Class com.android.build.api.variant.impl.ApplicationVariantImpl$signingConfig$2       : loaded 4 times (x 79B)
Class com.android.build.api.variant.impl.VariantOutputList                            : loaded 4 times (x 173B)
Class com.android.build.gradle.internal.services.VariantBuilderServices$Value         : loaded 4 times (x 70B)
Class com.android.build.gradle.internal.variant.VariantPathHelper$renderscriptObjOutputDir$2: loaded 4 times (x 79B)
Class com.android.build.api.variant.DeviceTestBuilder                                 : loaded 4 times (x 70B)
Class com.android.build.api.variant.impl.BundleConfigImpl$metadataFiles$1             : loaded 4 times (x 78B)
Class com.android.build.gradle.internal.variant.BaseVariantData$DiscoverableFilterType: loaded 4 times (x 80B)
Class com.android.build.gradle.internal.AndroidTestTaskManager$createMockableJarTask$1: loaded 4 times (x 75B)
Class com.android.build.api.component.impl.features.InstrumentationCreationConfigImpl$projectClassesPostInstrumentation$2: loaded 4 times (x 79B)
Class com.android.build.gradle.internal.scope.InternalArtifactType$RENDERSCRIPT_SOURCE_OUTPUT_DIR: loaded 4 times (x 74B)
Class com.android.build.gradle.tasks.GenerateManifestJarTask$CreationAction$handleProvider$1: loaded 4 times (x 127B)
Class com.sun.xml.bind.v2.model.impl.PropertySeed                                     : loaded 4 times (x 70B)
Class com.android.build.gradle.internal.tasks.ProcessJavaResTask                      : loaded 4 times (x 574B)
Class com.android.build.gradle.internal.tasks.featuresplit.FeatureSetMetadataWriterTask$CreationAction: loaded 4 times (x 90B)
Class com.android.build.gradle.internal.scope.InternalArtifactType$MODULE_BUNDLE      : loaded 4 times (x 74B)
Class com.android.build.gradle.tasks.PackageApplication$CreationAction$handleProvider$1: loaded 4 times (x 125B)
Class com.android.build.gradle.internal.tasks.PerModuleReportDependenciesTask$CreationAction$handleProvider$1: loaded 4 times (x 127B)
Class com.android.build.gradle.internal.tasks.BundleReportDependenciesTask            : loaded 4 times (x 335B)
Class com.android.build.gradle.internal.tasks.SdkDependencyDataGeneratorTask$CreationAction: loaded 4 times (x 90B)
Class com.android.build.gradle.internal.dependency.IdentityTransform$Inject_1         : loaded 4 times (x 109B)
Class com.android.build.gradle.internal.dependency.EnumerateClassesTransform$Inject_1 : loaded 4 times (x 109B)
Class com.android.build.gradle.internal.dependency.AndroidAttributes$toAttributeMapString$$inlined$sortedBy$2: loaded 4 times (x 89B)
Class com.android.repository.api.ProgressIndicator                                    : loaded 4 times (x 70B)
Class com.sun.xml.bind.v2.runtime.BridgeImpl                                          : loaded 4 times (x 87B)
Class com.sun.xml.bind.v2.model.impl.RuntimeBuiltinLeafInfoImpl$9                     : loaded 4 times (x 136B)
Class com.sun.xml.bind.v2.model.impl.RuntimeBuiltinLeafInfoImpl$StringImpl            : loaded 4 times (x 134B)
Class com.sun.xml.bind.v2.model.impl.ClassInfoImpl                                    : loaded 4 times (x 137B)
Class com.sun.xml.bind.api.RawAccessor                                                : loaded 4 times (x 73B)
Class com.android.build.gradle.internal.dsl.PrivacySandboxImpl$AgpDecorated           : loaded 4 times (x 81B)
Class com.android.build.gradle.api.PrivacySandboxSdkPlugin                            : loaded 4 times (x 74B)
Class com.android.sdklib.repository.generated.addon.v3.LibrariesType                  : loaded 4 times (x 75B)
Class com.android.build.gradle.internal.SdkComponentsBuildService$VersionedSdkLoader$annotationsJarProvider$1: loaded 4 times (x 75B)
Class com.android.build.gradle.internal.manifest.LazyManifestParser                   : loaded 4 times (x 76B)
Class com.android.build.gradle.internal.utils.PublishingUtils                         : loaded 4 times (x 71B)
Class com.android.build.gradle.internal.core.dsl.impl.ConsumableComponentDslInfoImpl$manifestPlaceholdersDslInfo$2: loaded 4 times (x 79B)
Class com.android.build.gradle.internal.publishing.PublishingSpecs$OutputSpec         : loaded 4 times (x 70B)
Class com.android.build.gradle.internal.variant.VariantPathHelper$targetFilterConfigurations$2: loaded 4 times (x 79B)
Class com.android.build.gradle.internal.cxx.configure.NdkLocator                      : loaded 4 times (x 72B)
Class com.android.build.api.component.impl.features.DexingImpl                        : loaded 4 times (x 87B)
Class com.android.build.gradle.internal.tasks.MergeGeneratedProguardFilesCreationAction$handleProvider$1: loaded 4 times (x 127B)
Class com.android.build.gradle.internal.ide.dependencies.LibraryCacheImpl$getProjectInfo$1: loaded 4 times (x 79B)
Class com.android.build.api.variant.impl.CodeTransparencyImpl                         : loaded 4 times (x 75B)
Class com.android.tools.r8.androidapi.f                                               : loaded 4 times (x 70B)
Class com.android.build.gradle.internal.scope.InternalArtifactType$MERGED_NATIVE_DEBUG_METADATA: loaded 4 times (x 74B)
Class com.android.tools.build.jetifier.core.pom.PomRewriteRule                        : loaded 4 times (x 72B)
Class com.android.build.gradle.internal.dependency.AsmClassesTransform                : loaded 4 times (x 79B)
Class com.google.gson.internal.UnsafeAllocator$4                                      : loaded 4 times (x 72B)
Class com.android.build.gradle.internal.ide.v2.BasicAndroidProjectImpl$Companion      : loaded 4 times (x 71B)
Class com.android.build.gradle.internal.ide.v2.SourceProviderImpl                     : loaded 4 times (x 89B)
Class com.sun.xml.bind.v2.runtime.property.ArrayElementProperty                       : loaded 4 times (x 105B)
Class com.sun.xml.bind.api.impl.NameUtil                                              : loaded 4 times (x 80B)
Class com.sun.xml.bind.v2.util.ByteArrayOutputStreamEx                                : loaded 4 times (x 94B)
Class com.sun.xml.bind.v2.model.impl.RuntimeBuiltinLeafInfoImpl$12                    : loaded 4 times (x 136B)
Class com.sun.xml.bind.v2.model.impl.RuntimeBuiltinLeafInfoImpl$PcdataImpl            : loaded 4 times (x 134B)
Class com.sun.xml.bind.v2.model.impl.ElementInfoImpl                                  : loaded 4 times (x 109B)
Class com.sun.xml.bind.v2.model.annotation.AbstractInlineAnnotationReaderImpl         : loaded 4 times (x 104B)
Class com.android.sdklib.repository.meta.RepoFactory                                  : loaded 4 times (x 74B)
Class com.android.build.gradle.internal.errors.SyncIssueReporterImpl$GlobalSyncIssueService$Parameters$Inject_: loaded 4 times (x 112B)
Class com.sun.xml.bind.v2.model.impl.RuntimeBuiltinLeafInfoImpl$10                    : loaded 4 times (x 136B)
Class com.android.build.gradle.internal.dependency.AsmClassesTransform$Companion      : loaded 4 times (x 71B)
Class com.android.build.gradle.internal.dependency.AarTransform$Inject_1              : loaded 4 times (x 109B)
Class com.android.tools.build.jetifier.processor.transform.proguard.patterns.GroupsReplacer: loaded 4 times (x 72B)
Class com.android.tools.build.jetifier.core.type.JavaType$Companion                   : loaded 4 times (x 71B)
Class com.android.tools.build.jetifier.core.config.Config$JsonData                    : loaded 4 times (x 72B)
Class [Lcom.android.build.gradle.internal.cxx.gradle.generator.NativeProjectPath;     : loaded 4 times (x 69B)
Class com.android.build.gradle.tasks.PackageApplication$CreationAction$handleProvider$3: loaded 4 times (x 125B)
Class com.android.build.api.artifact.impl.MultiplePropertyAdapter                     : loaded 4 times (x 78B)
Class com.android.build.gradle.internal.variant.ComponentInfo                         : loaded 4 times (x 72B)
Class com.android.build.gradle.internal.core.ProductFlavor                            : loaded 4 times (x 72B)
Class com.android.build.gradle.internal.variant.VariantPathHelper$directorySegments$2 : loaded 4 times (x 79B)
Class com.android.build.api.attributes.AgpVersionAttr$ImplFactory                     : loaded 4 times (x 75B)
Class com.sun.xml.bind.v2.model.annotation.XmlSchemaTypeQuick                         : loaded 4 times (x 93B)
Class com.android.build.gradle.internal.manifest.ManifestValueSource                  : loaded 4 times (x 79B)
Class javax.xml.bind.annotation.XmlSchemaType$DEFAULT                                 : loaded 4 times (x 71B)
Class com.android.build.gradle.internal.dependency.CollectResourceSymbolsTransform$Inject_1: loaded 4 times (x 109B)
Class [Lcom.android.tools.build.jetifier.processor.transform.Transformer;             : loaded 4 times (x 69B)
Class com.android.build.gradle.internal.scope.ArtifactPublishingUtil$publishIntermediateArtifact$2: loaded 4 times (x 79B)
Class com.android.build.gradle.internal.ide.v2.InstallationImpl                       : loaded 4 times (x 76B)
Class com.android.build.gradle.internal.ide.v2.AndroidDslImpl                         : loaded 4 times (x 86B)
Class com.android.build.gradle.internal.SdkComponentsBuildService$VersionedSdkLoader$aidlExecutableProvider$1: loaded 4 times (x 75B)
Class com.sun.xml.bind.v2.model.annotation.XmlTypeQuick                               : loaded 4 times (x 95B)
Class com.sun.xml.bind.v2.model.core.ReferencePropertyInfo                            : loaded 4 times (x 70B)
Class com.sun.xml.bind.v2.model.impl.RuntimeTypeRefImpl                               : loaded 4 times (x 96B)
Class com.sun.xml.bind.v2.runtime.unmarshaller.LeafPropertyLoader                     : loaded 4 times (x 78B)
Class com.android.build.gradle.tasks.JavaCompileKt$recordAnnotationProcessors$1       : loaded 4 times (x 75B)
Class com.android.builder.dexing.D8DesugaredMethodsGenerator$CustomStringConsumer     : loaded 4 times (x 78B)
Class com.android.build.api.dsl.PrivacySandbox                                        : loaded 4 times (x 70B)
Class com.android.build.gradle.internal.dependency.AarResourcesCompilerTransform$Inject_1: loaded 4 times (x 109B)
Class com.android.build.gradle.internal.utils.DesugarLibUtils                         : loaded 4 times (x 71B)
Class com.android.build.gradle.internal.dependency.DexingRegistration$ComponentSpecificParameters: loaded 4 times (x 72B)
Class com.google.wireless.android.sdk.stats.GradleTransformExecutionOrBuilder         : loaded 4 times (x 70B)
Class com.android.build.gradle.internal.dependency.AarToClassTransform                : loaded 4 times (x 78B)
Class com.android.tools.build.jetifier.core.proguard.ProGuardType$Companion           : loaded 4 times (x 71B)
Class com.android.build.gradle.internal.tasks.DeviceProviderInstrumentTestTask$CreationAction$Type: loaded 4 times (x 79B)
Class com.android.build.gradle.internal.scope.InternalArtifactType$FULL_JAR           : loaded 4 times (x 74B)
Class com.android.build.api.variant.impl.DirectoryEntries                             : loaded 4 times (x 72B)
Class com.android.build.gradle.internal.test.AbstractTestDataImpl                     : loaded 4 times (x 109B)
Class com.android.build.gradle.internal.tasks.PerModuleReportDependenciesTask$CreationAction$Companion: loaded 4 times (x 71B)
Class com.android.build.gradle.internal.scope.InternalArtifactType$FEATURE_SET_METADATA: loaded 4 times (x 74B)
Class com.android.build.gradle.tasks.ProcessManifestForBundleTask$CreationAction      : loaded 4 times (x 90B)
Class com.android.build.gradle.internal.scope.InternalArtifactType$NAVIGATION_JSON    : loaded 4 times (x 74B)
Class com.android.build.gradle.internal.TaskManager$createAnchorTasks$1               : loaded 4 times (x 75B)
Class com.android.build.gradle.internal.UnitTestTaskManager                           : loaded 4 times (x 82B)
Class com.android.build.gradle.internal.SdkDirectLoadingStrategy$Companion            : loaded 4 times (x 71B)
Class android.databinding.tool.processing.ScopedException                             : loaded 4 times (x 86B)
Class com.android.tools.build.jetifier.processor.AndroidXRefScanner$AndroidXTrackingRemapper: loaded 4 times (x 90B)
Class com.android.sdklib.repository.meta.AddonFactory                                 : loaded 4 times (x 74B)
Class com.android.build.gradle.internal.component.features.RenderscriptCreationConfig : loaded 4 times (x 70B)
Class com.android.tools.r8.graph.u1                                                   : loaded 4 times (x 76B)
Class com.android.build.gradle.internal.core.dsl.impl.ComponentDslInfoImpl$mergedFlavor$2: loaded 4 times (x 79B)
Class com.android.build.gradle.internal.core.dsl.impl.ComponentDslInfoImpl$computeApplicationIdSuffix$2: loaded 4 times (x 78B)
Class com.sun.xml.bind.v2.runtime.unmarshaller.LeafPropertyXsiLoader                  : loaded 4 times (x 78B)
Class com.sun.xml.bind.v2.runtime.property.ArrayReferenceNodeProperty                 : loaded 4 times (x 104B)
Class [Lcom.sun.xml.bind.v2.runtime.property.AttributeProperty;                       : loaded 4 times (x 69B)
Class javax.xml.bind.annotation.XmlElements                                           : loaded 4 times (x 70B)
Class com.sun.xml.bind.v2.model.impl.ClassInfoImpl$ConflictException                  : loaded 4 times (x 82B)
Class com.sun.xml.bind.v2.model.annotation.XmlElementQuick                            : loaded 4 times (x 96B)
Class com.sun.xml.bind.v2.model.impl.RuntimeBuiltinLeafInfoImpl$13                    : loaded 4 times (x 137B)
Class com.sun.xml.bind.v2.model.impl.ModelBuilderI                                    : loaded 4 times (x 70B)
Class com.sun.xml.bind.v2.runtime.LeafBeanInfoImpl                                    : loaded 4 times (x 89B)
Class com.android.build.gradle.internal.SdkLibDataFactory$getSettingsController$1     : loaded 4 times (x 78B)
Class com.android.build.api.variant.impl.LayeredSourceDirectoriesImpl                 : loaded 4 times (x 92B)
Class com.android.build.api.component.impl.DefaultSourcesProviderImpl                 : loaded 4 times (x 90B)
Class com.android.build.gradle.internal.scope.InternalArtifactType$APP_INTEGRITY_CONFIG: loaded 4 times (x 74B)
Class com.android.build.gradle.internal.tasks.InstallVariantTask                      : loaded 4 times (x 342B)
Class com.android.build.gradle.internal.component.LibraryCreationConfig               : loaded 4 times (x 70B)
Class com.android.build.api.variant.VariantOutput                                     : loaded 4 times (x 70B)
Class com.android.build.gradle.internal.variant.VariantPathHelper                     : loaded 4 times (x 72B)
Class com.android.build.gradle.internal.dependency.VariantDependencies$Companion      : loaded 4 times (x 71B)
Class com.android.build.gradle.internal.core.MergedOptions                            : loaded 4 times (x 70B)
Class com.android.build.api.variant.ApkPackaging                                      : loaded 4 times (x 70B)
Class com.android.build.api.attributes.AgpVersionAttr$Impl                            : loaded 4 times (x 88B)
Class com.android.build.api.variant.impl.ApplicationVariantImpl                       : loaded 4 times (x 628B)
Class com.android.build.api.variant.impl.SigningConfigImpl                            : loaded 4 times (x 79B)
Class javax.xml.bind.annotation.adapters.XmlJavaTypeAdapters                          : loaded 4 times (x 70B)
Class [Ljavax.xml.bind.annotation.XmlAccessOrder;                                     : loaded 4 times (x 69B)
Class com.android.build.api.variant.ResValue                                          : loaded 4 times (x 72B)
Class com.android.ide.common.gradle.Separator                                         : loaded 4 times (x 79B)
Class com.android.build.api.dsl.LibraryBuildFeatures                                  : loaded 4 times (x 70B)
Class [Lcom.android.build.gradle.internal.dsl.ModulePropertyKey;                      : loaded 4 times (x 69B)
Class com.android.build.api.variant.BundleConfig                                      : loaded 4 times (x 70B)
Class com.android.build.gradle.internal.core.dsl.impl.features.NativeBuildDslInfoImpl$mergeOptions$4: loaded 4 times (x 78B)
Class com.android.build.api.component.impl.DeviceTestImpl                             : loaded 4 times (x 690B)
Class com.sun.xml.bind.v2.runtime.unmarshaller.Intercepter                            : loaded 4 times (x 70B)
Class com.android.build.gradle.tasks.CompatibleScreensManifest$CreationAction         : loaded 4 times (x 90B)
Class com.android.build.api.dsl.EmulatorSnapshots                                     : loaded 4 times (x 70B)
Class com.android.build.api.dsl.PrivacySandboxSdkExtension                            : loaded 4 times (x 70B)
Class com.android.build.gradle.internal.ide.v2.ModelBuilder$createAndroidArtifact$testInfo$1: loaded 4 times (x 77B)
Class com.android.build.gradle.internal.tasks.ListingFileRedirectTask$CreationAction  : loaded 4 times (x 92B)
Class com.android.build.gradle.internal.scope.InternalArtifactType$COMBINED_ART_PROFILE: loaded 4 times (x 74B)
Class com.android.build.gradle.internal.scope.InternalArtifactType$BUNDLE_IDE_MODEL   : loaded 4 times (x 74B)
Class com.android.build.gradle.internal.tasks.ExtractApksTask$CreationAction          : loaded 4 times (x 90B)
Class com.android.build.gradle.internal.SdkHandler                                    : loaded 4 times (x 81B)
Class com.android.tools.build.jetifier.core.utils.StdOutLogConsumer                   : loaded 4 times (x 77B)
Class com.google.gson.internal.UnsafeAllocator$3                                      : loaded 4 times (x 73B)
Class com.android.build.gradle.internal.api.InstallableVariantImpl                    : loaded 4 times (x 241B)
Class com.android.build.gradle.internal.scope.InternalArtifactType$JAVA_DOC_JAR       : loaded 4 times (x 74B)
Class com.android.build.gradle.internal.SdkComponentsBuildService$VersionedSdkLoader$sdkSetupCorrectly$1: loaded 4 times (x 75B)
Class com.android.repository.impl.meta.GenericFactory                                 : loaded 4 times (x 72B)
Class com.sun.xml.bind.v2.runtime.JaxBeanInfo                                         : loaded 4 times (x 89B)
Class com.sun.xml.bind.v2.model.annotation.XmlElementRefQuick                         : loaded 4 times (x 94B)
Class com.sun.xml.bind.v2.runtime.property.ArrayElementNodeProperty                   : loaded 4 times (x 105B)
Class com.android.build.gradle.internal.scope.InternalArtifactType$SHADER_ASSETS      : loaded 4 times (x 74B)
Class com.android.build.gradle.internal.ide.v2.AndroidLibraryDataImpl                 : loaded 4 times (x 87B)
Class com.android.build.api.variant.InternalSources                                   : loaded 4 times (x 70B)
Class com.android.build.gradle.internal.plugins.DslContainerProvider$lock$4           : loaded 4 times (x 75B)
Class com.android.build.gradle.internal.ide.v2.InstallationImpl$Companion             : loaded 4 times (x 71B)
Class com.sun.xml.bind.v2.ClassFactory$1                                              : loaded 4 times (x 83B)
Class com.android.tools.r8.ir.desugar.desugaredlibrary.lint.k                         : loaded 4 times (x 72B)
Class com.android.tools.r8.threading.ThreadingModuleProvider                          : loaded 4 times (x 70B)
Class com.android.ide.common.gradle.Numeric                                           : loaded 4 times (x 77B)
Class com.sun.xml.bind.v2.runtime.reflect.AdaptedLister                               : loaded 4 times (x 77B)
Class com.sun.xml.bind.v2.model.nav.ReflectionNavigator$10                            : loaded 4 times (x 77B)
Class com.android.repository.impl.generated.v1.TypeDetails                            : loaded 4 times (x 75B)
Class com.sun.xml.bind.v2.model.impl.RuntimeBuiltinLeafInfoImpl$UUIDImpl              : loaded 4 times (x 136B)
Class com.sun.xml.bind.v2.model.impl.RuntimeBuiltinLeafInfoImpl$14                    : loaded 4 times (x 136B)
Class com.sun.xml.bind.v2.model.core.RegistryInfo                                     : loaded 4 times (x 70B)
Class com.android.repository.impl.generated.v2.ChecksumType                           : loaded 4 times (x 82B)
Class com.android.sdklib.repository.generated.addon.v1.ObjectFactory                  : loaded 4 times (x 80B)
Class com.android.build.gradle.internal.SdkComponentsBuildService$VersionedSdkLoader$sdkLoadStrategy$2: loaded 4 times (x 79B)
Class com.android.build.gradle.internal.scope.InternalArtifactType$LIBRARY_ART_PROFILE: loaded 4 times (x 74B)
Class com.android.build.gradle.internal.dependency.DexingWithClasspathTransform$Inject_1: loaded 4 times (x 112B)
Class com.android.build.gradle.internal.dependency.DexingRegistration$ComponentAgnosticParameters: loaded 4 times (x 72B)
Class com.android.build.gradle.internal.utils.DesugarLibUtils$getDesugarLibConfigFromTransform$1$1: loaded 4 times (x 74B)
Class com.android.build.gradle.internal.services.Aapt2Input_Decorated                 : loaded 4 times (x 155B)
Class com.android.tools.build.jetifier.core.rule.RewriteRule$Companion                : loaded 4 times (x 71B)
Class com.android.tools.build.jetifier.core.rule.RewriteRule                          : loaded 4 times (x 72B)
Class com.android.build.gradle.internal.scope.InternalArtifactType$APK_FROM_BUNDLE_IDE_MODEL: loaded 4 times (x 74B)
Class com.android.build.gradle.internal.tasks.ValidateSigningTask                     : loaded 4 times (x 336B)
Class com.android.build.gradle.tasks.PackageApplication$CreationAction$handleProvider$5: loaded 4 times (x 127B)
Class com.android.build.gradle.internal.tasks.ExtractNativeDebugMetadataTask$SymbolTableCreationAction$handleProvider$1: loaded 4 times (x 127B)
Class com.android.build.gradle.internal.ide.dependencies.GraphEdgeCache               : loaded 4 times (x 70B)
Class com.android.build.gradle.internal.ide.v2.ModelBuilder$getGraphBuilder$1         : loaded 4 times (x 79B)
Class com.android.build.gradle.internal.core.dsl.features.AndroidResourcesDslInfo     : loaded 4 times (x 70B)
Class com.android.build.api.variant.VariantOutputConfiguration$OutputType             : loaded 4 times (x 79B)
Class com.android.build.api.variant.TestComponent                                     : loaded 4 times (x 70B)
Class com.android.build.api.attributes.BuildTypeAttr$Companion                        : loaded 4 times (x 71B)
Class com.android.build.api.component.impl.DeviceTestImpl_Decorated                   : loaded 4 times (x 746B)
Class com.android.sdklib.repository.targets.PlatformTarget$1                          : loaded 4 times (x 75B)
Class com.android.build.api.component.impl.DeviceTestImpl$instrumentationRunner$2     : loaded 4 times (x 79B)
Class com.android.build.gradle.tasks.GenerateManifestJarTask                          : loaded 4 times (x 336B)
Class com.android.build.api.variant.impl.SigningConfigImpl$keyPassword$1              : loaded 4 times (x 75B)
Class com.android.build.api.variant.impl.ManifestFilesImpl$all$1                      : loaded 4 times (x 74B)
Class com.android.build.gradle.internal.AndroidTestTaskManager$createConnectedTestForVariant$connectedCheckSerials$1: loaded 4 times (x 74B)
Class com.google.common.collect.AbstractMapBasedMultimap$KeySet$1                     : loaded 4 times (x 82B)
Class com.android.build.gradle.internal.cxx.configure.Ninja                           : loaded 4 times (x 72B)
Class com.android.tools.build.jetifier.processor.com.android.tools.build.jetifier.processor.transform.java.JavaTransformer: loaded 4 times (x 77B)
Class com.android.build.gradle.internal.dependency.AndroidAttributes$toAttributeMapString$$inlined$sortedBy$1: loaded 4 times (x 89B)
Class com.android.build.gradle.internal.SdkComponentsBuildService$VersionedSdkLoader$targetBootClasspathProvider$1: loaded 4 times (x 75B)
Class com.android.sdklib.repository.generated.repository.v2.ObjectFactory             : loaded 4 times (x 79B)
Class com.android.build.gradle.internal.scope.BootClasspathBuilder$computeAdditionalAndRequestedOptionalLibraries$6: loaded 4 times (x 77B)
Class com.android.build.gradle.internal.ide.dependencies.ArtifactUtils$filterProjectDependenciesWithNonAndroidVariants$2: loaded 4 times (x 79B)
Class com.android.tools.r8.SyntheticInfoConsumerData                                  : loaded 4 times (x 70B)
Class com.android.build.gradle.internal.ide.dependencies.LibraryCacheImpl             : loaded 4 times (x 75B)
Class com.android.build.gradle.internal.ide.dependencies.LocalJarCacheImpl$cache$1    : loaded 4 times (x 74B)
Class com.android.build.gradle.internal.core.VariantSources                           : loaded 4 times (x 72B)
Class com.android.build.gradle.internal.ide.dependencies.LibraryServiceKt             : loaded 4 times (x 71B)
Class com.android.build.gradle.internal.core.dsl.impl.ApplicationVariantDslInfoImpl$generateLocaleConfig$2: loaded 4 times (x 79B)
Class com.android.build.gradle.internal.core.dsl.impl.features.RenderscriptDslInfoImpl: loaded 4 times (x 79B)
Class com.android.build.gradle.internal.publishing.AndroidArtifacts$PublishedConfigType: loaded 4 times (x 79B)
Class com.android.build.gradle.internal.component.TestComponentCreationConfig         : loaded 4 times (x 70B)
Class com.android.build.gradle.internal.dsl.InternalPrivacySandboxSdkExtension        : loaded 4 times (x 70B)
Class com.android.build.api.variant.impl.BundleConfigImpl                             : loaded 4 times (x 76B)
Class com.android.build.gradle.internal.variant.VariantPathHelper$defaultApkLocation$2: loaded 4 times (x 79B)
Class com.android.build.api.transform.Transform                                       : loaded 4 times (x 88B)
Class com.android.build.api.variant.GeneratesTestApk                                  : loaded 4 times (x 70B)
Class com.android.build.api.variant.Instrumentation                                   : loaded 4 times (x 70B)
Class com.sun.xml.bind.v2.model.impl.ClassInfoImpl$SecondaryAnnotation                : loaded 4 times (x 80B)
Class com.sun.xml.bind.v2.model.impl.RuntimeBuiltinLeafInfoImpl$15                    : loaded 4 times (x 136B)
Class com.sun.xml.bind.v2.runtime.AnyTypeBeanInfo                                     : loaded 4 times (x 92B)
Class com.sun.xml.bind.v2.model.core.MaybeElement                                     : loaded 4 times (x 70B)
Class javax.xml.bind.ContextFinder                                                    : loaded 4 times (x 71B)
Class com.android.sdklib.repository.meta.DetailsTypes                                 : loaded 4 times (x 71B)
Class com.android.build.gradle.internal.ide.v2.LibraryImpl                            : loaded 4 times (x 85B)
Class com.android.tools.build.jetifier.core.type.TypesMap$Companion                   : loaded 4 times (x 71B)
Class com.google.gson.internal.LinkedTreeMap                                          : loaded 4 times (x 123B)
Class com.android.build.gradle.internal.SdkComponentsBuildService$Inject_             : loaded 4 times (x 100B)
Class com.android.build.gradle.internal.tasks.ExtractApksTask                         : loaded 4 times (x 342B)
Class com.android.build.gradle.internal.scope.InternalArtifactType$SIGNING_CONFIG_VERSIONS: loaded 4 times (x 74B)
Class com.android.build.gradle.internal.scope.InternalArtifactType$PACKAGED_DEPENDENCIES: loaded 4 times (x 74B)
Class com.android.build.gradle.internal.TaskManager$createPackagingTask$1             : loaded 4 times (x 75B)
Class com.android.build.gradle.tasks.PackageAndroidArtifact$CreationAction$Companion  : loaded 4 times (x 71B)
Class com.android.build.gradle.internal.tasks.DexFileDependenciesTask                 : loaded 4 times (x 342B)
Class com.android.build.gradle.internal.tasks.DexArchiveBuilderTask                   : loaded 4 times (x 352B)
Class com.android.build.api.artifact.impl.InAndOutDirectoryOperationRequestImpl       : loaded 4 times (x 81B)
Class com.android.build.gradle.internal.core.dsl.impl.features.OptimizationDslInfoImpl$postProcessingOptions$2$1: loaded 4 times (x 80B)
Class com.sun.istack.FinalArrayList                                                   : loaded 4 times (x 209B)
Class com.sun.xml.bind.api.ErrorListener                                              : loaded 4 times (x 70B)
Class com.android.build.api.variant.impl.VariantOutputImpl                            : loaded 4 times (x 82B)
Class com.sun.xml.bind.v2.model.impl.RuntimeBuiltinLeafInfoImpl$8                     : loaded 4 times (x 136B)
Class com.android.build.gradle.internal.publishing.AndroidArtifacts$ArtifactScope     : loaded 4 times (x 79B)
Class com.android.build.gradle.internal.scope.BootClasspathBuilder$computeAdditionalAndRequestedOptionalLibraries$4$1: loaded 4 times (x 79B)
Class [Lcom.android.build.gradle.internal.publishing.AndroidArtifacts$ConsumedConfigType;: loaded 4 times (x 69B)
Class com.android.tools.r8.graph.h0                                                   : loaded 4 times (x 164B)
Class com.android.tools.r8.androidapi.c                                               : loaded 4 times (x 72B)
Class org.objectweb.asm.commons.AnnotationRemapper                                    : loaded 4 times (x 80B)
Class com.android.build.api.component.impl.features.OptimizationCreationConfigImpl$consumerProguardFiles$2: loaded 4 times (x 79B)
Class com.android.build.gradle.internal.TaskManager$WhenMappings                      : loaded 4 times (x 71B)
Class com.android.build.gradle.internal.scope.InternalArtifactType$DESUGAR_GRAPH      : loaded 4 times (x 74B)
Class com.android.build.gradle.internal.tasks.ApkZipPackagingTask                     : loaded 4 times (x 336B)
Class [Lcom.android.build.gradle.options.TestRunnerArguments;                         : loaded 4 times (x 69B)
Class com.android.build.gradle.internal.dependency.SubtractingArtifactCollection$SubtractingArtifactResult$fileCollection$1: loaded 4 times (x 79B)
Class com.android.build.gradle.internal.cxx.logging.PassThroughRecordingLoggingEnvironment: loaded 4 times (x 83B)
Class com.google.gson.internal.UnsafeAllocator$2                                      : loaded 4 times (x 73B)
Class com.android.build.gradle.internal.dependency.AgpVersionCompatibilityRule        : loaded 4 times (x 76B)
Class com.android.build.gradle.internal.api.UnitTestVariantImpl                       : loaded 4 times (x 219B)
Class com.android.build.gradle.internal.SdkComponentsBuildService$VersionedSdkLoader$androidJarProvider$1: loaded 4 times (x 75B)
Class com.android.build.gradle.internal.SdkComponentsBuildService$VersionedSdkLoader$aidlFrameworkProvider$1: loaded 4 times (x 75B)
Class com.android.sdklib.repository.meta.DetailsTypes$ExtraDetailsType                : loaded 4 times (x 70B)
Class com.android.build.gradle.internal.dsl.PrivacySandboxSdkOptimizationImpl         : loaded 4 times (x 75B)
Class com.sun.xml.bind.v2.model.runtime.RuntimeBuiltinLeafInfo                        : loaded 4 times (x 70B)
Class javax.activation.DataSource                                                     : loaded 4 times (x 70B)
Class com.google.common.io.Files$2                                                    : loaded 4 times (x 76B)
Class com.android.tools.r8.ir.desugar.desugaredlibrary.lint.m                         : loaded 4 times (x 73B)
Class com.android.build.gradle.internal.ide.dependencies.LocalJarCacheImpl            : loaded 4 times (x 75B)
Class com.sun.xml.bind.v2.model.impl.ElementInfoImpl$PropertyImpl                     : loaded 4 times (x 133B)
Class com.android.build.gradle.internal.ide.v2.TestInfoImpl                           : loaded 4 times (x 78B)
Class com.android.sdklib.repository.generated.addon.v1.MavenType                      : loaded 4 times (x 80B)
Class com.sun.xml.bind.v2.model.impl.ReferencePropertyInfoImpl                        : loaded 4 times (x 127B)
Class javax.xml.bind.annotation.XmlTransient                                          : loaded 4 times (x 70B)
Class com.sun.xml.bind.v2.model.impl.AnyTypeImpl                                      : loaded 4 times (x 89B)
Class com.sun.xml.bind.v2.model.impl.RuntimeBuiltinLeafInfoImpl$16                    : loaded 4 times (x 136B)
Class com.sun.xml.bind.v2.runtime.IllegalAnnotationsException                         : loaded 4 times (x 86B)
Class com.android.build.gradle.internal.SdkLocator$PropertyLocation                   : loaded 4 times (x 79B)
Class com.android.build.gradle.internal.scope.InternalArtifactType$METADATA_FEATURE_DECLARATION: loaded 4 times (x 74B)
Class com.android.build.gradle.internal.dependency.JetifyTransform$Companion$jetifierProcessor$2: loaded 4 times (x 78B)
Class com.google.gson.internal.LinkedTreeMap$1                                        : loaded 4 times (x 91B)
Class com.android.build.gradle.internal.VariantTaskManager$createReportTasks$1        : loaded 4 times (x 75B)
Class com.android.build.gradle.internal.lint.CustomLintCheckUtils$getLocalCustomLintChecks$1: loaded 4 times (x 74B)
Class com.android.build.gradle.internal.tasks.SigningConfigWriterTask$CreationAction  : loaded 4 times (x 90B)
Class com.android.build.gradle.internal.TaskManager$createPackagingTask$2             : loaded 4 times (x 75B)
Class com.android.build.gradle.internal.scope.InternalArtifactType$AAR_METADATA_CHECK : loaded 4 times (x 74B)
Class com.sun.xml.bind.v2.runtime.property.PropertyFactory                            : loaded 4 times (x 71B)
Class com.android.build.api.artifact.impl.OutOperationRequestImpl                     : loaded 4 times (x 91B)
Class com.android.build.api.artifact.impl.ArtifactOperationRequest                    : loaded 4 times (x 70B)
Class com.android.build.gradle.internal.tasks.ValidateResourcesTask$CreateAction      : loaded 4 times (x 90B)
Class com.android.build.gradle.internal.tasks.factory.TaskManagerConfigImpl           : loaded 4 times (x 76B)
Class com.android.build.api.component.impl.DeviceTestImpl$buildConfigCreationConfig$2 : loaded 4 times (x 79B)
Class com.android.build.gradle.internal.dependency.ConstraintHandler                  : loaded 4 times (x 71B)
Class com.android.build.api.variant.impl.GlobalVariantBuilderConfig                   : loaded 4 times (x 70B)
Class javax.xml.bind.annotation.DomHandler                                            : loaded 4 times (x 70B)
Class com.android.build.gradle.internal.scope.BootClasspathBuilder$computeAdditionalAndRequestedOptionalLibraries$5: loaded 4 times (x 80B)
Class com.android.tools.r8.DataResource                                               : loaded 4 times (x 70B)
Class com.android.build.gradle.internal.ide.v2.VectorDrawableOptionsImpl$Companion    : loaded 4 times (x 71B)
Class [Lcom.android.tools.r8.androidapi.f$a;                                          : loaded 4 times (x 69B)
Class com.android.build.gradle.internal.ide.dependencies.Graph$AdjacencyList          : loaded 4 times (x 72B)
Class com.android.tools.r8.BackportedMethodListCommand$Builder                        : loaded 4 times (x 87B)
Class com.android.tools.r8.DiagnosticsHandler                                         : loaded 4 times (x 70B)
Class [Lcom.sun.xml.bind.v2.runtime.property.PropertyImpl;                            : loaded 4 times (x 69B)
Class com.sun.xml.bind.v2.runtime.IllegalAnnotationException                          : loaded 4 times (x 86B)
Class com.sun.xml.bind.v2.model.impl.RuntimeEnumLeafInfoImpl                          : loaded 4 times (x 149B)
Class javax.xml.bind.JAXBIntrospector                                                 : loaded 4 times (x 73B)
Class com.android.build.gradle.internal.ide.v2.GlobalSyncService$Inject_              : loaded 4 times (x 100B)
Class com.android.build.gradle.internal.scope.InternalArtifactType$AAPT_FRIENDLY_MERGED_MANIFESTS: loaded 4 times (x 74B)
Class com.android.build.api.variant.MultiOutputHandler                                : loaded 4 times (x 70B)
Class com.android.build.gradle.internal.ide.v2.AndroidArtifactImpl$Companion          : loaded 4 times (x 71B)
Class com.android.repository.api.SettingsController                                   : loaded 4 times (x 70B)
Class com.android.tools.r8.graph.t4                                                   : loaded 4 times (x 73B)
Class com.android.build.gradle.internal.utils.KgpUtils                                : loaded 4 times (x 71B)
Class com.sun.xml.bind.v2.runtime.property.Utils                                      : loaded 4 times (x 71B)
Class com.sun.xml.bind.v2.model.impl.ModelBuilder$1                                   : loaded 4 times (x 76B)
Class com.android.build.gradle.internal.scope.InternalArtifactType$AIDL_PARCELABLE    : loaded 4 times (x 74B)
Class com.android.tools.build.jetifier.core.utils.Log                                 : loaded 4 times (x 71B)
Class com.android.build.gradle.internal.ide.v2.NativeModelBuilder$buildAll$1$2        : loaded 4 times (x 79B)
Class com.android.build.gradle.internal.dsl.DensitySplitOptions$AgpDecorated          : loaded 4 times (x 105B)
Class com.sun.xml.bind.v2.model.impl.ArrayInfoImpl                                    : loaded 4 times (x 98B)
Class com.android.builder.testing.MockableJarGenerator                                : loaded 4 times (x 73B)
Class com.android.build.gradle.internal.res.LinkApplicationAndroidResourcesTask$Companion: loaded 4 times (x 71B)
Class com.android.build.gradle.internal.ide.v2.AndroidArtifactImpl                    : loaded 4 times (x 102B)
Class com.android.tools.r8.ir.desugar.desugaredlibrary.lint.n                         : loaded 4 times (x 72B)
Class com.android.repository.impl.generated.v1.ObjectFactory                          : loaded 4 times (x 107B)
Class com.android.sdklib.repository.meta.DetailsTypes$PlatformDetailsType$LayoutlibType: loaded 4 times (x 73B)
Class com.android.tools.r8.ir.desugar.desugaredlibrary.lint.m$a                       : loaded 4 times (x 74B)
Class com.android.build.gradle.tasks.CommandLineArgumentProviderAdapter               : loaded 4 times (x 75B)
Class com.sun.xml.bind.v2.runtime.reflect.Lister$ArrayLister                          : loaded 4 times (x 77B)
Class com.sun.xml.bind.v2.runtime.property.PropertyImpl                               : loaded 4 times (x 102B)
Class com.sun.xml.bind.v2.model.impl.RuntimeBuiltinLeafInfoImpl$17                    : loaded 4 times (x 136B)
Class com.sun.xml.bind.v2.runtime.BridgeAdapter                                       : loaded 4 times (x 87B)
Class com.sun.xml.bind.v2.runtime.BridgeContextImpl                                   : loaded 4 times (x 77B)
Class com.sun.xml.bind.v2.runtime.ElementBeanInfoImpl                                 : loaded 4 times (x 89B)
Class com.android.repository.impl.meta.Archive$ArchiveFile                            : loaded 4 times (x 79B)
Class com.android.build.gradle.internal.dependency.AndroidXDependencySubstitution$replaceOldSupportLibraries$1$1: loaded 4 times (x 75B)
Class com.android.build.gradle.internal.PropertiesValueSource$Params$Inject_          : loaded 4 times (x 106B)
Class com.android.build.gradle.internal.scope.InternalArtifactType$GLOBAL_SYNTHETICS_SUBPROJECT: loaded 4 times (x 74B)
Class com.android.build.gradle.internal.TaskManager$createPackagingTask$3             : loaded 4 times (x 75B)
Class com.android.build.gradle.internal.res.LinkApplicationAndroidResourcesTask$BaseCreationAction: loaded 4 times (x 96B)
Class com.android.build.api.variant.impl.VariantImpl$externalExtensions$2             : loaded 4 times (x 79B)
Class com.android.build.gradle.internal.publishing.AndroidArtifacts$ConsumedConfigType: loaded 4 times (x 80B)
Class com.android.build.api.variant.impl.ApplicationAndroidResourcesImpl              : loaded 4 times (x 88B)
Class com.android.build.api.variant.impl.ArtifactMetadataProcessor$Companion$handleFinalizedByForType$1$1$1: loaded 4 times (x 75B)
Class com.android.build.api.variant.SourceDirectories                                 : loaded 4 times (x 70B)
Class com.android.build.gradle.internal.publishing.OutputSpecImpl                     : loaded 4 times (x 78B)
Class com.android.build.api.component.impl.JavaCompilationImpl                        : loaded 4 times (x 76B)
Class com.android.build.gradle.internal.variant.BaseVariantData$WhenMappings          : loaded 4 times (x 71B)
Class com.android.build.gradle.internal.core.dsl.impl.features.NativeBuildDslInfoImpl$mergeOptions$3: loaded 4 times (x 78B)
Class com.android.build.gradle.internal.res.LinkApplicationAndroidResourcesTask$BaseCreationAction$handleProvider$4: loaded 4 times (x 127B)
Class com.android.build.gradle.internal.tasks.CompileArtProfileTask$CreationAction$handleProvider$4: loaded 4 times (x 127B)
Class com.android.build.gradle.internal.scope.InternalArtifactType$APK_FROM_BUNDLE_IDE_REDIRECT_FILE: loaded 4 times (x 74B)
Class com.android.build.gradle.internal.core.dsl.DynamicFeatureVariantDslInfo         : loaded 4 times (x 70B)
Class com.android.build.gradle.internal.tasks.OptimizeResourcesTask$CreateAction$handleProvider$operationRequest$2: loaded 4 times (x 127B)
Class com.android.build.api.variant.impl.SourcesImpl$renderscript$2                   : loaded 4 times (x 79B)
Class com.android.build.gradle.internal.publishing.PublishingSpecs$Companion          : loaded 4 times (x 71B)
Class com.android.build.gradle.internal.ide.v2.VersionImpl$Companion                  : loaded 4 times (x 71B)
Class com.android.sdklib.repository.generated.repository.v3.LayoutlibType             : loaded 4 times (x 74B)
Class com.android.build.gradle.internal.variant.DimensionCombinationImpl              : loaded 4 times (x 76B)
Class com.sun.xml.bind.v2.model.runtime.RuntimeClassInfo                              : loaded 4 times (x 70B)
Class com.sun.xml.bind.v2.model.impl.RuntimeBuiltinLeafInfoImpl$7                     : loaded 4 times (x 136B)
Class com.sun.xml.bind.api.impl.NameConverter$2                                       : loaded 4 times (x 93B)
Class com.sun.xml.bind.v2.runtime.unmarshaller.Loader                                 : loaded 4 times (x 77B)
Class com.sun.xml.bind.v2.runtime.reflect.PrimitiveArrayListerDouble                  : loaded 4 times (x 76B)
Class com.android.build.gradle.internal.tasks.DexMergingTask$CreationAction$WhenMappings: loaded 4 times (x 71B)
Class com.android.build.gradle.internal.dsl.ModulePropertyKey$BooleanWithDefault$Companion: loaded 4 times (x 71B)
Class com.android.build.gradle.tasks.ProcessPackagedManifestTask$CreationAction$handleProvider$2: loaded 4 times (x 127B)
Class com.android.build.api.variant.impl.JniLibsPackagingImpl$pickFirsts$1            : loaded 4 times (x 75B)
Class com.android.build.gradle.internal.scope.InternalArtifactType$GENERATED_PROGUARD_FILE: loaded 4 times (x 74B)
Class com.android.build.gradle.internal.tasks.factory.features.DexingTaskCreationActionImpl: loaded 4 times (x 75B)
Class com.android.build.gradle.internal.SdkComponentsBuildService$Environment         : loaded 4 times (x 73B)
Class com.google.gson.internal.UnsafeAllocator$1                                      : loaded 4 times (x 73B)
Class com.android.build.gradle.internal.DependencyConfigurator$configureGeneralTransforms$8$1: loaded 4 times (x 74B)
Class com.android.build.gradle.internal.scope.InternalArtifactType$GLOBAL_SYNTHETICS_MERGED: loaded 4 times (x 74B)
Class com.android.build.gradle.internal.scope.InternalArtifactType$LINT_VITAL_PARTIAL_RESULTS: loaded 4 times (x 74B)
Class com.android.build.gradle.internal.ide.dependencies.FullDependencyGraphBuilder   : loaded 4 times (x 72B)
Class com.android.build.gradle.internal.tasks.CheckDuplicateClassesTask$CreationAction: loaded 4 times (x 90B)
Class com.android.build.gradle.internal.SdkComponentsBuildService$VersionedSdkLoader$sdkLoadStrategy$2$1$1: loaded 4 times (x 79B)
Class com.android.build.gradle.internal.PlatformToolsComponents$Companion             : loaded 4 times (x 71B)
Class com.android.sdklib.repository.targets.PlatformTarget$Library                    : loaded 4 times (x 72B)
Class com.android.build.gradle.internal.utils.DesugarConfigJson$Companion             : loaded 4 times (x 71B)
Class com.android.tools.r8.ir.desugar.desugaredlibrary.lint.o                         : loaded 4 times (x 73B)
Class com.android.tools.r8.ir.desugar.desugaredlibrary.lint.m$b                       : loaded 4 times (x 74B)
Class com.android.tools.r8.graph.e2                                                   : loaded 4 times (x 154B)
Class com.android.build.gradle.internal.scope.ArtifactTypeUtil                        : loaded 4 times (x 71B)
Class com.sun.xml.bind.v2.model.impl.AttributePropertyInfoImpl$1                      : loaded 4 times (x 71B)
Class com.sun.xml.bind.v2.model.core.PropertyInfo                                     : loaded 4 times (x 70B)
Class com.sun.xml.bind.v2.model.impl.RuntimeBuiltinLeafInfoImpl$18                    : loaded 4 times (x 136B)
Class javax.activation.MimeTypeParseException                                         : loaded 4 times (x 82B)
Class com.sun.xml.bind.WhiteSpaceProcessor                                            : loaded 4 times (x 71B)
Class com.sun.xml.bind.v2.runtime.AttributeAccessor                                   : loaded 4 times (x 70B)
Class com.sun.xml.bind.v2.model.annotation.Locatable                                  : loaded 4 times (x 70B)
Class com.android.sdklib.repository.generated.repository.v3.ObjectFactory             : loaded 4 times (x 79B)
Class com.android.tools.r8.Diagnostic                                                 : loaded 4 times (x 70B)
Class com.android.build.gradle.internal.publishing.ProcessedArtifactUtils             : loaded 4 times (x 71B)
Class com.android.build.gradle.internal.cxx.gradle.generator.CxxConfigurationModelKt  : loaded 4 times (x 71B)
Class com.android.build.gradle.internal.plugins.DslContainerProvider$lock$3           : loaded 4 times (x 74B)
Class com.android.build.gradle.internal.publishing.AndroidArtifactsUtilKt             : loaded 4 times (x 71B)
Class com.android.build.gradle.internal.core.dsl.impl.InstrumentedTestDslInfoImpl$testLabel$1: loaded 4 times (x 74B)
Class com.android.build.gradle.internal.core.dsl.TestComponentDslInfo                 : loaded 4 times (x 70B)
Class com.android.build.gradle.internal.core.dsl.impl.ApplicationVariantDslInfoImpl$versionName$2$versionNameFromFlavors$1: loaded 4 times (x 78B)
Class com.android.build.api.variant.CodeTransparency                                  : loaded 4 times (x 70B)
Class com.android.build.gradle.internal.variant.VariantPathHelper$buildConfigSourceOutputDir$2: loaded 4 times (x 79B)
Class com.android.build.api.variant.impl.VariantBuilderImpl$registeredExtensionDelegate$1: loaded 4 times (x 78B)
Class com.android.repository.api.SchemaModule$SchemaModuleVersion                     : loaded 4 times (x 76B)
Class com.android.tools.r8.ResourceException                                          : loaded 4 times (x 83B)
Class com.android.repository.impl.generated.v2.CompleteType                           : loaded 4 times (x 84B)
Class com.android.tools.r8.ir.desugar.desugaredlibrary.lint.e                         : loaded 4 times (x 74B)
Class com.android.tools.r8.threading.providers.blocking.ThreadingModuleBlockingProvider: loaded 4 times (x 74B)
Class com.android.build.gradle.internal.dependency.VariantDependencies                : loaded 4 times (x 76B)
Class javax.xml.bind.annotation.XmlElementDecl                                        : loaded 4 times (x 70B)
Class com.android.tools.r8.androidapi.b                                               : loaded 4 times (x 79B)
Class com.android.build.gradle.internal.cxx.configure.NativeModelBuilderOutcome       : loaded 4 times (x 222B)
Class com.android.build.gradle.internal.ide.dependencies.ResolvedArtifact$DependencyType: loaded 4 times (x 79B)
Class [Ljavax.xml.bind.annotation.XmlAccessType;                                      : loaded 4 times (x 69B)
Class com.sun.xml.bind.v2.model.impl.ClassInfoImpl$DuplicateException                 : loaded 4 times (x 82B)
Class com.sun.xml.bind.v2.model.core.Adapter                                          : loaded 4 times (x 72B)
Class com.android.sdklib.repository.generated.repository.v3.PlatformDetailsType       : loaded 4 times (x 120B)
Class javax.xml.bind.UnmarshallerHandler                                              : loaded 4 times (x 70B)
Class com.android.build.gradle.internal.scope.BootClasspathBuilder$computeAdditionalAndRequestedOptionalLibraries$4: loaded 4 times (x 79B)
Class com.android.build.api.variant.impl.VariantOutputConfigurationImplKt$WhenMappings: loaded 4 times (x 71B)
Class com.android.build.api.variant.impl.FlatSourceDirectoriesImpl$getAsFileTrees$1   : loaded 4 times (x 75B)
Class com.android.tools.r8.graph.g2                                                   : loaded 4 times (x 181B)
Class org.objectweb.asm.commons.RecordComponentRemapper                               : loaded 4 times (x 79B)
Class com.android.build.gradle.internal.dependency.SubtractingArtifactCollection$SubtractingArtifactResult$initFileCollection$1: loaded 4 times (x 75B)
Class com.android.build.gradle.internal.core.dsl.AndroidTestComponentDslInfo          : loaded 4 times (x 70B)
Class com.android.build.gradle.internal.dsl.PrivacySandboxSdkExtensionImpl            : loaded 4 times (x 133B)
Class com.android.build.gradle.internal.dsl.LanguageSplitOptions                      : loaded 4 times (x 79B)
Class com.android.build.api.variant.VariantExtensionConfig                            : loaded 4 times (x 70B)
Class com.android.build.api.component.impl.MutableListBackedUpWithListProperty        : loaded 4 times (x 205B)
Class com.android.build.gradle.tasks.MergeResources$CreationAction$handleProvider$5   : loaded 4 times (x 78B)
Class com.android.build.gradle.internal.tasks.BundleToStandaloneApkTask               : loaded 4 times (x 336B)
Class com.android.build.gradle.internal.tasks.UninstallTask                           : loaded 4 times (x 338B)
Class com.android.build.gradle.internal.res.LinkApplicationAndroidResourcesTask       : loaded 4 times (x 383B)
Class com.android.build.gradle.internal.scope.InternalArtifactType$METADATA_FEATURE_MANIFEST: loaded 4 times (x 74B)
Class com.android.tools.build.jetifier.processor.archive.Archive$Companion            : loaded 4 times (x 71B)
Class com.android.build.gradle.internal.tasks.MergeNativeLibsTaskKt                   : loaded 4 times (x 71B)
Class com.android.build.gradle.internal.attributes.VariantAttr                        : loaded 4 times (x 70B)
Class com.android.build.api.variant.impl.DexPackagingOptionsImpl                      : loaded 4 times (x 75B)
Class com.android.tools.r8.ir.desugar.desugaredlibrary.lint.m$c                       : loaded 4 times (x 74B)
Class com.android.build.gradle.internal.scope.InternalArtifactType$COMPILE_APP_CLASSES_JAR: loaded 4 times (x 74B)
Class com.android.build.gradle.internal.tasks.ListingFileRedirectTask_Decorated       : loaded 4 times (x 383B)
Class com.google.gson.internal.ConstructorConstructor$9                               : loaded 4 times (x 76B)
Class com.sun.xml.bind.v2.runtime.unmarshaller.XmlVisitor$TextPredictor               : loaded 4 times (x 70B)
Class com.sun.xml.bind.v2.runtime.SchemaTypeTransducer                                : loaded 4 times (x 88B)
Class com.android.repository.impl.meta.Archive$HostConfig                             : loaded 4 times (x 72B)
Class javax.xml.bind.annotation.XmlRegistry                                           : loaded 4 times (x 70B)
Class com.sun.xml.bind.v2.model.impl.RuntimeBuiltinLeafInfoImpl$19                    : loaded 4 times (x 136B)
Class com.android.build.gradle.options.TestRunnerArguments$Companion                  : loaded 4 times (x 71B)
Class com.android.sdklib.repository.generated.common.v3.IdDisplayType                 : loaded 4 times (x 83B)
Class com.android.build.gradle.internal.SdkLocator$SdkLocationSource$getSdkLocation$1$1: loaded 4 times (x 79B)
Class com.android.build.gradle.internal.scope.InternalArtifactType$LINT_PARTIAL_RESULTS: loaded 4 times (x 74B)
Class com.android.build.gradle.internal.dependency.DexingOutputSplitTransformKt$registerTransformWithOutputType$1: loaded 4 times (x 75B)
Class com.android.build.gradle.internal.dependency.AarTransform$Parameters_Decorated  : loaded 4 times (x 141B)
Class com.android.build.gradle.internal.dependency.PlatformAttrTransform              : loaded 4 times (x 78B)
Class com.android.build.gradle.internal.tasks.DeviceProviderInstrumentTestTask        : loaded 4 times (x 361B)
Class com.android.build.api.variant.impl.LayeredSourceDirectoriesImpl$all$1           : loaded 4 times (x 74B)
Class com.android.build.gradle.internal.tasks.PackageBundleTask                       : loaded 4 times (x 356B)
Class com.android.build.gradle.tasks.PackageAndroidArtifact$CreationAction            : loaded 4 times (x 92B)
Class com.android.build.api.variant.impl.SigningConfigImpl$storePassword$1            : loaded 4 times (x 75B)
Class com.android.build.gradle.internal.tasks.MergeGeneratedProguardFilesCreationAction: loaded 4 times (x 90B)
Class com.android.build.gradle.internal.component.DynamicFeatureCreationConfig        : loaded 4 times (x 70B)
Class com.android.build.api.variant.Sources                                           : loaded 4 times (x 70B)
Class com.android.build.gradle.internal.variant.TestedVariantData                     : loaded 4 times (x 70B)
Class com.android.build.gradle.internal.services.VariantBuilderServicesImpl$ValueImpl : loaded 4 times (x 76B)
Class com.android.build.gradle.internal.tasks.ExtractNativeDebugMetadataTask$FullCreationAction: loaded 4 times (x 91B)
Class com.android.build.gradle.internal.dsl.PostProcessingBlock                       : loaded 4 times (x 120B)
Class com.android.build.gradle.internal.scope.InternalArtifactType$EXTERNAL_FILE_LIB_DEX_ARCHIVES: loaded 4 times (x 74B)
Class com.android.build.gradle.tasks.ProcessPackagedManifestTask$CreationAction$handleProvider$1: loaded 4 times (x 127B)
Class com.android.build.gradle.internal.core.dsl.impl.features.DexingDslInfoImpl      : loaded 4 times (x 77B)
Class com.android.build.gradle.internal.attributes.VariantAttr$Impl                   : loaded 4 times (x 88B)
Class [Lcom.android.build.gradle.internal.publishing.AndroidArtifacts$PublishedConfigType;: loaded 4 times (x 69B)
Class com.android.build.api.variant.AndroidResources                                  : loaded 4 times (x 70B)
Class com.android.build.gradle.internal.tasks.ExtractNativeDebugMetadataTask          : loaded 4 times (x 340B)
Class com.android.build.gradle.internal.tasks.factory.features.AndroidResourcesTaskCreationAction: loaded 4 times (x 70B)
Class com.android.build.gradle.internal.core.dsl.impl.features.NativeBuildDslInfoImpl$mergeOptions$2: loaded 4 times (x 78B)
Class com.android.build.gradle.internal.core.dsl.impl.ApplicationVariantDslInfoImpl$versionCode$2$2: loaded 4 times (x 75B)
Class com.android.build.gradle.tasks.ProcessTestManifest                              : loaded 4 times (x 361B)
Class com.android.build.gradle.internal.dsl.EmulatorSnapshots                         : loaded 4 times (x 97B)
Class com.android.build.api.variant.impl.ResSourceDirectoriesImpl                     : loaded 4 times (x 92B)
Class com.android.build.gradle.internal.tasks.featuresplit.PackagedDependenciesWriterTask: loaded 4 times (x 335B)
Class com.android.build.gradle.internal.scope.InternalArtifactType$MERGED_STARTUP_PROFILE: loaded 4 times (x 74B)
Class com.android.ide.common.workers.WorkerExecutorFacade                             : loaded 4 times (x 70B)
Class com.google.gson.internal.UnsafeAllocator                                        : loaded 4 times (x 72B)
Class com.android.tools.build.jetifier.core.rule.RewriteRulesMap                      : loaded 4 times (x 72B)
Class com.android.repository.impl.meta.Archive                                        : loaded 4 times (x 84B)
Class com.android.repository.api.Dependency                                           : loaded 4 times (x 77B)
Class com.sun.xml.bind.v2.model.impl.TypeRefImpl                                      : loaded 4 times (x 87B)
Class com.android.build.gradle.internal.scope.BootClasspathBuilder$computeAdditionalAndRequestedOptionalLibraries$3: loaded 4 times (x 77B)
Class com.android.build.gradle.internal.scope.InternalArtifactType$UNIT_TEST_CONFIG_DIRECTORY: loaded 4 times (x 74B)
Class com.android.build.gradle.internal.ide.v2.BasicVariantImpl$Companion             : loaded 4 times (x 71B)
Class com.android.build.gradle.internal.cxx.gradle.generator.CxxConfigurationModelKt$ENABLE_CHECK_CONFIG_TIME_CONSTRUCTION$2: loaded 4 times (x 78B)
Class com.google.gson.internal.LinkedTreeMap$EntrySet                                 : loaded 4 times (x 136B)
Class com.android.tools.build.jetifier.processor.archive.ArchiveItem                  : loaded 4 times (x 70B)
Class com.android.build.gradle.internal.dependency.IdentityTransform$Parameters_Decorated: loaded 4 times (x 135B)
Class com.android.build.gradle.internal.ide.dependencies.StringCacheImpl              : loaded 4 times (x 75B)
Class com.android.build.gradle.internal.ide.dependencies.ArtifactUtils$resolveArtifacts$projectJarsMap$2: loaded 4 times (x 79B)
Class com.android.build.gradle.internal.dependency.DexingWithClasspathTransform       : loaded 4 times (x 81B)
Class com.android.build.gradle.internal.core.dsl.impl.AndroidTestComponentDslInfoImpl : loaded 4 times (x 153B)
Class com.android.build.gradle.internal.core.dsl.impl.InstrumentedTestDslInfoImpl$functionalTest$fromFlavor$1: loaded 4 times (x 78B)
Class com.android.build.gradle.tasks.ProcessManifestForMetadataFeatureTask$CreationAction$handleProvider$1: loaded 4 times (x 127B)
Class com.android.tools.r8.ir.desugar.desugaredlibrary.lint.m$d                       : loaded 4 times (x 74B)
Class com.android.build.gradle.internal.ide.v2.ViewBindingOptionsImpl$Companion       : loaded 4 times (x 71B)
Class com.android.build.gradle.internal.profile.ProfilingMode                         : loaded 4 times (x 79B)
Class com.android.build.gradle.internal.variant.ApplicationVariantData                : loaded 4 times (x 76B)
Class com.android.tools.r8.profile.art.ArtProfileProvider                             : loaded 4 times (x 70B)
Class com.android.tools.r8.references.TypeReference                                   : loaded 4 times (x 70B)
Class com.android.build.api.variant.impl.ApplicationVariantImpl_Decorated             : loaded 4 times (x 681B)
Class com.android.build.api.component.impl.ComponentImpl$sources$2                    : loaded 4 times (x 79B)
Class com.sun.xml.bind.v2.runtime.reflect.Lister$CollectionLister                     : loaded 4 times (x 77B)
Class javax.xml.bind.annotation.XmlAccessOrder                                        : loaded 4 times (x 79B)
Class com.sun.xml.bind.v2.model.impl.RuntimeAnyTypeImpl                               : loaded 4 times (x 94B)
Class com.sun.xml.bind.v2.model.nav.Navigator                                         : loaded 4 times (x 70B)
Class com.android.build.gradle.internal.SdkLocator$ValidationResult                   : loaded 4 times (x 72B)
Class com.android.build.gradle.tasks.ProcessPackagedManifestTask$CreationAction       : loaded 4 times (x 90B)
Class com.android.build.gradle.internal.scope.InternalArtifactType$TEST_FIXTURES_LINT_MODEL: loaded 4 times (x 74B)
Class com.android.build.gradle.internal.scope.BootClasspathBuilder                    : loaded 4 times (x 71B)
Class com.android.build.gradle.internal.publishing.AarOrJarTypeToConsume              : loaded 4 times (x 72B)
Class [Lcom.android.tools.build.jetifier.processor.transform.proguard.patterns.GroupsReplacer;: loaded 4 times (x 69B)
Class com.android.tools.build.jetifier.processor.transform.bytecode.ByteCodeTransformer: loaded 4 times (x 77B)
Class com.google.gson.internal.ConstructorConstructor$13                              : loaded 4 times (x 75B)
Class com.android.build.api.variant.impl.SourcesImpl$manifestOverlayFiles$1           : loaded 4 times (x 74B)
Class com.android.build.api.artifact.SingleArtifact$METADATA_LIBRARY_DEPENDENCIES_REPORT: loaded 4 times (x 74B)
Class com.android.build.gradle.internal.scope.InternalArtifactType$GLOBAL_SYNTHETICS_EXTERNAL_LIBS_ARTIFACT_TRANSFORM: loaded 4 times (x 74B)
Class com.android.build.gradle.internal.tasks.FinalizeBundleTask$CreationAction$handleProvider$1: loaded 4 times (x 127B)
Class com.android.build.gradle.internal.tasks.SigningConfigVersionsWriterTask         : loaded 4 times (x 340B)
Class com.android.build.gradle.internal.tasks.featuresplit.PackagedDependenciesWriterTask$CreationAction$handleProvider$1: loaded 4 times (x 127B)
Class com.android.build.gradle.internal.scope.InternalArtifactType$MIXED_SCOPE_DEX_ARCHIVE: loaded 4 times (x 74B)
Class com.android.build.gradle.internal.tasks.MergeJavaResourceTask$CreationAction$handleProvider$1: loaded 4 times (x 127B)
Class com.android.build.gradle.internal.scope.InternalArtifactType$MANIFEST_MERGE_REPORT: loaded 4 times (x 74B)
Class com.android.build.gradle.internal.tasks.PrepareLintJarForPublish$CreationAction : loaded 4 times (x 90B)
Class com.android.build.gradle.internal.tasks.CheckMultiApkLibrariesTask$CreationAction: loaded 4 times (x 90B)
Class android.databinding.tool.DataBindingBuilder                                     : loaded 4 times (x 79B)
Class com.android.build.gradle.internal.component.InstrumentedTestCreationConfig      : loaded 4 times (x 70B)
Class com.android.build.gradle.internal.tasks.StripDebugSymbolsTask$CreationAction    : loaded 4 times (x 90B)
Class com.android.build.api.artifact.impl.InAndOutDirectoryOperationRequestImpl$Companion: loaded 4 times (x 71B)
Class com.android.build.gradle.internal.scope.InternalArtifactType$COMPILE_MANIFEST_JAR: loaded 4 times (x 74B)
Class com.android.build.api.variant.impl.ResourcesPackagingImpl                       : loaded 4 times (x 80B)
Class com.android.build.gradle.internal.scope.InternalArtifactType$AP_GENERATED_SOURCES: loaded 4 times (x 74B)
Class com.android.build.gradle.internal.services.TaskCreationServicesImpl$sam$java_util_concurrent_Callable$0: loaded 4 times (x 75B)
Class com.android.tools.r8.Version                                                    : loaded 4 times (x 71B)
Class com.android.build.gradle.internal.tasks.BundleIdeModelProducerTask$CreationAction$handleProvider$1: loaded 4 times (x 127B)
Class com.android.build.gradle.internal.tasks.OptimizeResourcesTask$CreateAction$handleProvider$operationRequest$1: loaded 4 times (x 127B)
Class com.android.build.gradle.internal.scope.InternalArtifactType$LINT_VITAL_LINT_MODEL: loaded 4 times (x 74B)
Class com.android.build.gradle.internal.tasks.CompileArtProfileTask$CreationAction$handleProvider$3: loaded 4 times (x 127B)
Class [Lcom.android.builder.compiling.BuildConfigType;                                : loaded 4 times (x 69B)
Class com.android.sdklib.repository.generated.repository.v2.package-info              : loaded 4 times (x 70B)
Class com.android.repository.impl.generated.v1.ChannelType                            : loaded 4 times (x 83B)
Class com.sun.xml.bind.v2.model.impl.RuntimeBuiltinLeafInfoImpl$6                     : loaded 4 times (x 136B)
Class com.sun.xml.bind.api.impl.NameConverter$1                                       : loaded 4 times (x 93B)
Class com.android.repository.impl.generated.v2.TypeDetails                            : loaded 4 times (x 75B)
Class com.sun.xml.bind.v2.runtime.property.SingleElementNodeProperty                  : loaded 4 times (x 102B)
Class com.android.repository.impl.generated.v1.DependenciesType                       : loaded 4 times (x 75B)
Class com.android.tools.r8.androidapi.a                                               : loaded 4 times (x 79B)
Class com.android.build.gradle.tasks.ProcessApplicationManifest$CreationAction        : loaded 4 times (x 90B)
Class com.android.build.gradle.internal.tasks.PrepareLintJarForPublishKt$getPublishedCustomLintChecks$attributes$1: loaded 4 times (x 74B)
Class com.android.build.gradle.internal.res.LinkAndroidResForBundleTask$CreationAction$handleProvider$1: loaded 4 times (x 127B)
Class com.android.repository.impl.generated.generic.v2.ObjectFactory                  : loaded 4 times (x 75B)
Class com.android.build.gradle.tasks.JavaPreCompileTask                               : loaded 4 times (x 335B)
Class com.android.build.gradle.internal.tasks.PackageBundleTask$CreationAction        : loaded 4 times (x 90B)
Class com.android.tools.build.jetifier.core.config.Config$Companion                   : loaded 4 times (x 71B)
Class com.android.build.gradle.internal.api.BaseVariantImpl                           : loaded 4 times (x 215B)
Class com.android.build.gradle.internal.FileExistsValueSource$Params$Inject_          : loaded 4 times (x 106B)
Class com.sun.xml.bind.v2.model.runtime.RuntimeArrayInfo                              : loaded 4 times (x 70B)
Class com.sun.xml.bind.v2.model.impl.TypeInfoSetImpl$1                                : loaded 4 times (x 80B)
Class com.android.sdklib.repository.generated.repository.v3.package-info              : loaded 4 times (x 70B)
Class javax.xml.bind.annotation.XmlAttribute                                          : loaded 4 times (x 70B)
Class [Lcom.sun.xml.bind.v2.model.core.ID;                                            : loaded 4 times (x 69B)
Class com.android.repository.impl.generated.v1.PatchesType                            : loaded 4 times (x 75B)
Class com.sun.xml.bind.v2.model.impl.ElementPropertyInfoImpl                          : loaded 4 times (x 123B)
Class com.android.build.gradle.internal.ide.v2.ProductFlavorImpl$Companion            : loaded 4 times (x 71B)
Class com.android.build.gradle.internal.ide.v2.VariantImpl                            : loaded 4 times (x 88B)
Class com.android.build.gradle.internal.scope.BootClasspathBuilder$computeAdditionalAndRequestedOptionalLibraries$2: loaded 4 times (x 80B)
Class com.sun.xml.bind.v2.runtime.reflect.Accessor$SetterOnlyReflection               : loaded 4 times (x 85B)
Class com.android.build.gradle.internal.ide.v2.ApiVersionImpl                         : loaded 4 times (x 76B)
Class com.android.tools.r8.graph.w4                                                   : loaded 4 times (x 73B)
Class com.google.wireless.android.sdk.stats.AndroidStudioEvent$Builder                : loaded 4 times (x 1038B)
Class com.android.build.gradle.internal.ide.dependencies.LibraryCache                 : loaded 4 times (x 70B)
Class com.android.tools.build.jetifier.processor.archive.Archive$Builder              : loaded 4 times (x 71B)
Class javax.xml.bind.annotation.XmlElementWrapper                                     : loaded 4 times (x 70B)
Class javax.xml.bind.annotation.adapters.XmlJavaTypeAdapter                           : loaded 4 times (x 70B)
Class com.sun.xml.bind.v2.model.annotation.AnnotationSource                           : loaded 4 times (x 70B)
Class com.android.repository.impl.generated.v1.LocalPackage                           : loaded 4 times (x 140B)
Class com.android.sdklib.repository.legacy.io.FileOpImpl                              : loaded 4 times (x 78B)
Class com.android.build.gradle.internal.TaskManager$configureTestData$1               : loaded 4 times (x 127B)
Class com.android.sdklib.IAndroidTarget                                               : loaded 4 times (x 70B)
Class com.android.build.gradle.internal.scope.InternalArtifactType$STRIPPED_NATIVE_LIBS: loaded 4 times (x 74B)
Class com.android.build.api.artifact.SingleArtifact$MERGED_NATIVE_LIBS                : loaded 4 times (x 74B)
Class com.android.build.gradle.tasks.MapSourceSetPathsTask$CreateAction$handleProvider$1: loaded 4 times (x 127B)
Class com.android.build.gradle.internal.tasks.CheckManifest                           : loaded 4 times (x 334B)
Class com.android.build.gradle.internal.core.dsl.impl.features.NativeBuildDslInfoImpl : loaded 4 times (x 81B)
Class com.android.build.api.variant.TestedApkPackaging                                : loaded 4 times (x 70B)
Class com.android.build.api.variant.impl.ApplicationVariantBuilderImpl_Decorated      : loaded 4 times (x 269B)
Class com.sun.xml.bind.v2.runtime.unmarshaller.StructureLoader                        : loaded 4 times (x 78B)
Class com.sun.xml.bind.v2.runtime.unmarshaller.StructureLoader$1                      : loaded 4 times (x 71B)
Class com.sun.xml.bind.v2.runtime.property.SingleReferenceNodeProperty                : loaded 4 times (x 102B)
Class com.sun.xml.bind.v2.runtime.reflect.Accessor$1                                  : loaded 4 times (x 85B)
Class com.android.tools.r8.origin.Origin                                              : loaded 4 times (x 81B)
Class com.android.build.gradle.internal.ide.v2.EdgeImpl$Companion                     : loaded 4 times (x 71B)
Class com.android.sdklib.repository.generated.repository.v1.LayoutlibType             : loaded 4 times (x 74B)
Class com.android.build.gradle.internal.SdkParsingUtilsKt                             : loaded 4 times (x 71B)
Class com.android.build.gradle.internal.dependency.JetifyTransform$Parameters         : loaded 4 times (x 70B)
Class com.android.tools.build.jetifier.core.PackageMap                                : loaded 4 times (x 72B)
Class com.android.build.gradle.internal.tasks.MergeJavaResourceTask                   : loaded 4 times (x 368B)
Class com.android.build.gradle.options.TestRunnerArguments                            : loaded 4 times (x 79B)
Class com.android.build.gradle.internal.attribution.CheckJetifierBuildService         : loaded 4 times (x 80B)
Class com.android.build.gradle.internal.TaskManager$PreBuildCreationAction            : loaded 4 times (x 91B)
Class com.android.build.gradle.tasks.ProcessTestManifest$CreationAction$handleProvider$1: loaded 4 times (x 127B)
Class com.android.build.gradle.internal.tasks.GlobalSyntheticsMergeTask               : loaded 4 times (x 336B)
Class com.android.build.gradle.internal.tasks.SigningConfigWriterTask$CreationAction$handleProvider$1: loaded 4 times (x 127B)
Class com.android.build.api.variant.impl.JniLibsTestedApkPackagingImpl                : loaded 4 times (x 91B)
Class com.android.build.gradle.internal.tasks.ModuleMetadataWriterTask$CreationAction$handleProvider$1: loaded 4 times (x 127B)
Class com.android.build.gradle.internal.dependency.VariantDependencies$Companion$WhenMappings: loaded 4 times (x 71B)
Class com.android.build.gradle.tasks.MergeSourceSetFolders$MergeAssetBaseCreationAction: loaded 4 times (x 91B)
Class com.android.build.gradle.internal.component.features.InstrumentationCreationConfig: loaded 4 times (x 70B)
Class com.android.build.api.variant.impl.ApplicationVariantImpl$renderscript$2        : loaded 4 times (x 79B)
Class com.android.build.api.variant.impl.VariantOutputConfigurationImpl               : loaded 4 times (x 76B)
Class [Lcom.android.build.gradle.internal.publishing.AndroidArtifacts$ArtifactType;   : loaded 4 times (x 69B)
Class com.android.build.gradle.internal.ide.v2.LibraryInfoImpl$toKeyComponent$2       : loaded 4 times (x 78B)
Class com.android.build.gradle.internal.tasks.ApplicationIdWriterTask                 : loaded 4 times (x 335B)
Class com.android.build.api.component.impl.OldVariantApiLegacySupportImpl$JavaCompileOptionsForOldVariantAPI: loaded 4 times (x 75B)
Class com.android.build.gradle.internal.res.LinkAndroidResForBundleTask               : loaded 4 times (x 351B)
Class com.android.build.gradle.internal.scope.InternalArtifactType$GLOBAL_SYNTHETICS_PROJECT: loaded 4 times (x 74B)
Class com.android.build.gradle.internal.test.AbstractTestDataImpl$minSdkVersion$1     : loaded 4 times (x 79B)
Class com.android.build.api.component.impl.DefaultSourcesProvider                     : loaded 4 times (x 70B)
Class com.android.builder.compiling.BuildConfigType                                   : loaded 4 times (x 79B)
Class com.google.common.collect.Maps$KeySet                                           : loaded 4 times (x 137B)
Class com.android.build.gradle.internal.scope.InternalArtifactType$COMPILE_BUILD_CONFIG_JAR: loaded 4 times (x 74B)
Class com.sun.xml.bind.annotation.OverrideAnnotationOf                                : loaded 4 times (x 70B)
Class com.sun.xml.bind.v2.model.impl.RuntimeValuePropertyInfoImpl                     : loaded 4 times (x 135B)
Class com.android.repository.impl.generated.v1.RemotePackage                          : loaded 4 times (x 157B)
Class com.android.repository.impl.meta.LocalPackageImpl                               : loaded 4 times (x 131B)
Class com.android.build.gradle.internal.SdkType                                       : loaded 4 times (x 79B)
Class com.android.build.gradle.internal.SdkDirectLoadingStrategy                      : loaded 4 times (x 72B)
Class com.android.builder.dexing.DependencyGraphUpdater                               : loaded 4 times (x 70B)
Class com.android.tools.build.jetifier.core.pom.DependencyVersions                    : loaded 4 times (x 72B)
Class com.android.tools.build.jetifier.core.PackageMap$PackageRule$JsonData           : loaded 4 times (x 72B)
Class com.android.build.gradle.tasks.AnalyzeDependenciesTask$CreationAction           : loaded 4 times (x 90B)
Class com.android.build.gradle.internal.tasks.DeviceProviderInstrumentTestTask$CreationAction: loaded 4 times (x 91B)
Class com.android.build.gradle.internal.scope.InternalArtifactType$APKS_FROM_BUNDLE   : loaded 4 times (x 74B)
Class com.android.build.gradle.internal.tasks.MergeStartupProfileTask$CreationAction  : loaded 4 times (x 90B)
Class com.android.build.gradle.internal.tasks.ApkZipPackagingTask$CreationAction$handleProvider$1: loaded 4 times (x 127B)
Class com.android.build.gradle.tasks.PackageAndroidArtifact                           : loaded 4 times (x 372B)
Class com.android.build.gradle.internal.scope.InternalArtifactType$PACKAGED_RES       : loaded 4 times (x 74B)
Class com.android.build.gradle.internal.component.HostTestCreationConfig              : loaded 4 times (x 70B)
Class com.android.build.gradle.internal.component.TestCreationConfig                  : loaded 4 times (x 70B)
Class com.android.build.api.attributes.BuildTypeAttr                                  : loaded 4 times (x 70B)
Class com.android.build.gradle.internal.core.dsl.impl.features.OptimizationDslInfoImpl$postProcessingOptions$2: loaded 4 times (x 79B)
Class com.android.build.api.variant.impl.DeviceTestBuilderImpl                        : loaded 4 times (x 102B)
Class com.android.build.api.variant.impl.MutableAndroidVersion                        : loaded 4 times (x 76B)
Class com.android.build.gradle.internal.scope.BuildFeatureValuesImpl                  : loaded 4 times (x 100B)
Class com.android.tools.build.jetifier.core.proguard.ProGuardTypesMap                 : loaded 4 times (x 72B)
Class com.android.build.gradle.internal.dependency.MockableJarTransform$Inject_1      : loaded 4 times (x 109B)
Class com.android.build.gradle.internal.dependency.AarResourcesCompilerTransform      : loaded 4 times (x 78B)
Class com.android.build.gradle.internal.dependency.ClassesDirToClassesTransform       : loaded 4 times (x 78B)
Class com.android.build.gradle.internal.scope.InternalArtifactType$CHECK_MANIFEST_RESULT: loaded 4 times (x 74B)
Class [Lcom.android.build.gradle.internal.dependency.DexingOutputSplitTransform$DexOutput;: loaded 4 times (x 69B)
Class com.android.build.gradle.internal.scope.InternalArtifactType$UNIT_TEST_LINT_PARTIAL_RESULTS: loaded 4 times (x 74B)
Class com.android.build.gradle.internal.publishing.KotlinMultiplatformVariantSpecBuilder: loaded 4 times (x 90B)
Class [Ljavax.xml.bind.annotation.XmlNs;                                              : loaded 4 times (x 69B)
Class com.android.build.api.component.impl.OldVariantApiLegacySupportImpl             : loaded 4 times (x 89B)
Class com.android.repository.impl.generated.v2.RepositoryType                         : loaded 4 times (x 86B)
Class com.android.build.gradle.internal.scope.BootClasspathBuilder$computeAdditionalAndRequestedOptionalLibraries$1: loaded 4 times (x 79B)
Class com.android.build.api.component.impl.features.OptimizationCreationConfigImpl$proguardFiles$2: loaded 4 times (x 79B)
Class com.android.build.gradle.internal.scope.InternalArtifactType$NESTED_RESOURCES_VALIDATION_REPORT: loaded 4 times (x 74B)
Class com.android.build.gradle.internal.core.MergedExternalNativeBuildOptions         : loaded 4 times (x 87B)
Class com.android.build.gradle.internal.profile.ProfilingMode$Companion               : loaded 4 times (x 71B)
Class com.android.tools.r8.synthesis.m                                                : loaded 4 times (x 74B)
Class com.android.build.gradle.internal.tasks.SourceSetsTask$CreationAction           : loaded 4 times (x 91B)
Class com.android.build.api.variant.impl.ApplicationVariantImpl$dexing$2              : loaded 4 times (x 79B)
Class com.android.build.gradle.tasks.ExtractDeepLinksTask$BaseCreationAction          : loaded 4 times (x 93B)
Class com.android.build.gradle.internal.ide.v2.VectorDrawableOptionsImpl              : loaded 4 times (x 76B)
Class com.android.build.gradle.internal.tasks.AppClasspathCheckTask$CreationAction    : loaded 4 times (x 90B)
Class com.android.build.gradle.internal.dependency.VariantDependencies$Companion$getComponentFilter$2$1: loaded 4 times (x 75B)
Class com.android.build.gradle.internal.ide.dependencies.VariantKey                   : loaded 4 times (x 72B)
Class com.android.build.api.variant.AnnotationProcessor                               : loaded 4 times (x 70B)
Class com.android.build.gradle.internal.EmulatorComponents$Companion$build$fileExists$1: loaded 4 times (x 75B)
Class com.android.build.gradle.internal.variant.ApkVariantData                        : loaded 4 times (x 72B)
Class com.android.build.api.attributes.AgpVersionAttr                                 : loaded 4 times (x 70B)
Class com.android.build.gradle.internal.ide.v2.ProjectInfoImpl$Companion              : loaded 4 times (x 71B)
Class org.objectweb.asm.signature.SignatureReader                                     : loaded 4 times (x 74B)
Class com.android.build.gradle.internal.ide.v2.ArtifactDependenciesAdjacencyListImpl$Companion: loaded 4 times (x 71B)
Class com.android.build.gradle.internal.ide.v2.SigningConfigImpl$Companion            : loaded 4 times (x 71B)
Class com.android.build.gradle.internal.ide.v2.DependenciesInfoImpl$Companion         : loaded 4 times (x 71B)
Class [Lcom.android.build.gradle.internal.dsl.ModulePropertyKey$BooleanWithDefault;   : loaded 4 times (x 69B)
Class com.android.tools.r8.graph.b0                                                   : loaded 4 times (x 75B)
Class com.android.tools.r8.graph.r4                                                   : loaded 4 times (x 72B)
Class com.android.build.gradle.internal.scope.InternalArtifactType$AIDL_SOURCE_OUTPUT_DIR: loaded 4 times (x 74B)
Class com.sun.xml.bind.v2.runtime.property.SingleElementLeafProperty                  : loaded 4 times (x 102B)
Class com.android.sdklib.repository.generated.addon.v3.AddonDetailsType               : loaded 4 times (x 135B)
Class com.sun.xml.bind.api.impl.NameConverter$Standard                                : loaded 4 times (x 93B)
Class com.sun.xml.bind.v2.model.annotation.Init                                       : loaded 4 times (x 71B)
Class com.android.repository.impl.generated.v1.RevisionType                           : loaded 4 times (x 82B)
Class com.android.sdklib.repository.generated.common.v1.ObjectFactory                 : loaded 4 times (x 75B)
Class com.sun.xml.bind.v2.runtime.property.PropertyFactory$1                          : loaded 4 times (x 71B)
Class com.android.build.gradle.internal.scope.BuildArtifactSpec$Companion             : loaded 4 times (x 71B)
Class com.android.build.gradle.internal.dependency.ExtractJniTransform                : loaded 4 times (x 78B)
Class com.google.gson.internal.ConstructorConstructor$16                              : loaded 4 times (x 75B)
Class com.android.build.gradle.internal.scope.InternalMultipleArtifactType$EXTERNAL_LIBS_DEX: loaded 4 times (x 74B)
Class com.android.build.gradle.tasks.JavaCompileCreationAction$handleProvider$1       : loaded 4 times (x 78B)
Class com.android.build.api.component.impl.DeviceTestImpl$androidResources$2          : loaded 4 times (x 79B)
Class com.android.build.api.variant.impl.ApplicationVariantImpl$dependenciesInfo$2    : loaded 4 times (x 79B)
Class com.android.build.gradle.internal.dependency.VariantDependenciesBuilder         : loaded 4 times (x 82B)
Class com.android.build.api.attributes.BuildTypeAttr$Impl                             : loaded 4 times (x 88B)
Class com.android.build.gradle.internal.core.dsl.impl.features.NativeBuildDslInfoImpl$mergeOptions$1: loaded 4 times (x 78B)
Class com.android.build.gradle.internal.tasks.featuresplit.PackagedDependenciesWriterTask$CreationAction: loaded 4 times (x 90B)
Class com.android.build.gradle.internal.tasks.PrepareLintJarForPublish$CreationAction$handleProvider$1: loaded 4 times (x 127B)
Class com.android.build.gradle.internal.manifest.ManifestValueSource$Params_Decorated : loaded 4 times (x 130B)
Class com.android.build.gradle.internal.tasks.CompileArtProfileTask$CreationAction$handleProvider$2: loaded 4 times (x 127B)
Class com.android.build.gradle.internal.tasks.PerModuleBundleTask                     : loaded 4 times (x 352B)
Class com.android.build.gradle.internal.dependency.SubtractingArtifactCollection$SubtractingArtifactResult$removedFiles$1: loaded 4 times (x 79B)
Class com.android.tools.build.jetifier.processor.TimestampsPolicy                     : loaded 4 times (x 72B)
Class com.android.tools.build.jetifier.processor.transform.proguard.ProGuardClassFilterParser$Companion: loaded 4 times (x 71B)
Class com.sun.xml.bind.v2.runtime.property.ArrayProperty                              : loaded 4 times (x 102B)
Class com.android.build.gradle.internal.scope.InternalArtifactType$DATA_BINDING_BASE_CLASS_LOG_ARTIFACT: loaded 4 times (x 74B)
Class com.android.build.gradle.internal.scope.ArtifactPublishingUtil$publishArtifactToConfiguration$1$1$1: loaded 4 times (x 75B)
Class [Lcom.android.build.api.artifact.Artifact;                                      : loaded 4 times (x 69B)
Class com.android.sdklib.repository.generated.sysimg.v3.package-info                  : loaded 4 times (x 70B)
Class com.android.sdklib.repository.generated.addon.v3.MavenType                      : loaded 4 times (x 80B)
Class com.android.build.api.variant.PropertyAccessNotAllowedException                 : loaded 4 times (x 82B)
Class com.android.build.api.variant.Dexing                                            : loaded 4 times (x 70B)
Class com.android.build.gradle.internal.core.dsl.impl.InstrumentedTestDslInfoImpl$handleProfiling$fromFlavor$1: loaded 4 times (x 78B)
Class com.android.build.gradle.internal.scope.InternalArtifactType$MANIFEST_MERGE_BLAME_FILE: loaded 4 times (x 74B)
Class [Lcom.android.build.gradle.internal.TaskManager$MergeType;                      : loaded 4 times (x 69B)
Class com.sun.xml.bind.v2.model.core.ID                                               : loaded 4 times (x 79B)
Class com.android.build.gradle.internal.scope.InternalArtifactType$COMPILE_R_CLASS_JAR: loaded 4 times (x 74B)
Class com.android.build.gradle.internal.tasks.CompileArtProfileTask                   : loaded 4 times (x 343B)
Class com.sun.xml.bind.v2.model.impl.ClassInfoImpl$PropertyGroup                      : loaded 4 times (x 79B)
Class com.android.sdklib.repository.generated.common.v2.IdDisplayType                 : loaded 4 times (x 83B)
Class com.sun.xml.bind.v2.model.impl.RuntimeBuiltinLeafInfoImpl$5                     : loaded 4 times (x 136B)
Class com.android.build.gradle.internal.ndk.NdkHandler                                : loaded 4 times (x 72B)
Class com.sun.xml.bind.v2.model.runtime.RuntimeValuePropertyInfo                      : loaded 4 times (x 70B)
Class com.sun.xml.bind.v2.runtime.JAXBContextImpl$5                                   : loaded 4 times (x 74B)
Class com.android.build.gradle.internal.dependency.JetifyTransform$Companion          : loaded 4 times (x 71B)
Class com.android.build.gradle.internal.DependencyConfigurator$configureVariantTransforms$3$1: loaded 4 times (x 75B)
Class com.android.build.gradle.tasks.JavaCompileUtils$checkDeprecatedSourceAndTargetAtExecutionTime$1: loaded 4 times (x 75B)
Class com.android.build.gradle.internal.variant.BaseVariantData$getGeneratedBytecode$1: loaded 4 times (x 74B)
Class com.sun.xml.bind.v2.runtime.Utils                                               : loaded 4 times (x 71B)
Class com.sun.xml.bind.v2.runtime.property.ArrayReferenceNodeProperty$MixedTextLoader : loaded 4 times (x 78B)
Class com.sun.xml.bind.v2.runtime.unmarshaller.XsiNilLoader$Array                     : loaded 4 times (x 80B)
Class com.android.sdklib.repository.generated.repository.v3.SourceDetailsType         : loaded 4 times (x 114B)
Class com.sun.xml.bind.v2.model.annotation.ClassLocatable                             : loaded 4 times (x 78B)
Class com.sun.xml.bind.AccessorFactory                                                : loaded 4 times (x 70B)
Class com.android.build.gradle.internal.publishing.TestFixturesVariantSpecBuilder     : loaded 4 times (x 90B)
Class com.android.build.gradle.internal.dependency.DexingOutputSplitTransformKt$registerTransformWithOutputType$1$WhenMappings: loaded 4 times (x 71B)
Class com.android.build.gradle.internal.dependency.ExtractJniTransform$Inject_1       : loaded 4 times (x 109B)
Class com.android.build.gradle.internal.tasks.AndroidTestTask                         : loaded 4 times (x 70B)
Class [Lcom.android.build.gradle.internal.tasks.DexMergingAction;                     : loaded 4 times (x 69B)
Class com.android.build.gradle.internal.tasks.ClassesClasspathUtils                   : loaded 4 times (x 72B)
Class com.android.build.gradle.tasks.JavaCompileCreationAction$handleProvider$2       : loaded 4 times (x 78B)
Class com.android.repository.impl.generated.v2.DependencyType                         : loaded 4 times (x 81B)
Class [Lcom.android.builder.errors.IssueReporter$Type;                                : loaded 4 times (x 69B)
Class com.android.build.gradle.internal.SdkLocator$SdkLocationSource                  : loaded 4 times (x 80B)
Class com.android.build.gradle.internal.tasks.ExtractNativeDebugMetadataTask$SymbolTableCreationAction: loaded 4 times (x 91B)
Class com.android.sdklib.repository.generated.addon.v3.package-info                   : loaded 4 times (x 70B)
Class [Lcom.android.build.gradle.internal.variant.BaseVariantData$DiscoverableFilterType;: loaded 4 times (x 69B)
Class com.sun.xml.bind.v2.model.impl.GetterSetterPropertySeed                         : loaded 4 times (x 90B)
Class com.sun.xml.bind.v2.runtime.property.ArrayERProperty$ItemsLoader                : loaded 4 times (x 78B)
Class com.sun.xml.bind.api.JAXBRIContext                                              : loaded 4 times (x 89B)
Class com.sun.xml.bind.v2.runtime.ElementBeanInfoImpl$1                               : loaded 4 times (x 106B)
Class com.sun.xml.bind.v2.runtime.unmarshaller.UnmarshallingContext$ExpectedTypeRootLoader: loaded 4 times (x 80B)
Class com.sun.xml.bind.v2.runtime.unmarshaller.UnmarshallingContext$State             : loaded 4 times (x 72B)
Class com.android.ide.common.gradle.Version$Companion                                 : loaded 4 times (x 71B)
Class [Lcom.sun.xml.bind.v2.runtime.Location;                                         : loaded 4 times (x 69B)
Class com.android.tools.r8.ir.desugar.desugaredlibrary.lint.DesugaredMethodsListCommand: loaded 4 times (x 81B)
Class com.android.tools.r8.graph.x1                                                   : loaded 4 times (x 72B)
Class [Lcom.sun.xml.bind.v2.model.core.PropertyKind;                                  : loaded 4 times (x 69B)
Class com.sun.xml.bind.v2.model.impl.Util                                             : loaded 4 times (x 71B)
Class com.android.sdklib.repository.generated.addon.v2.AddonDetailsType               : loaded 4 times (x 135B)
Class com.android.build.gradle.internal.scope.InternalArtifactType$FEATURE_PUBLISHED_DEX: loaded 4 times (x 74B)
Class com.android.build.gradle.internal.ide.v2.AndroidProjectImpl                     : loaded 4 times (x 87B)
Class com.sun.xml.bind.IDResolver                                                     : loaded 4 times (x 75B)
Class com.android.build.gradle.internal.ide.v2.ModelBuilder$DimensionInformation      : loaded 4 times (x 72B)
Class com.android.build.gradle.internal.tasks.factory.BootClasspathConfigImpl$fullBootClasspathProvider$2$4: loaded 4 times (x 127B)
Class com.android.build.gradle.internal.tasks.factory.BootClasspathConfigImpl$filteredBootClasspath$2$1: loaded 4 times (x 127B)
Class com.android.build.gradle.internal.DependencyConfigurator$configureGeneralTransforms$7: loaded 4 times (x 75B)
Class com.android.build.gradle.internal.dependency.ExtractAarTransform                : loaded 4 times (x 78B)
Class com.android.tools.build.jetifier.core.pom.DependencyVersions$Companion          : loaded 4 times (x 71B)
Class com.android.build.gradle.internal.cxx.logging.ThreadLoggingEnvironment$Companion$LoggerStack: loaded 4 times (x 72B)
Class com.android.build.gradle.internal.SdkComponentsKt                               : loaded 4 times (x 71B)
Class com.android.build.api.variant.impl.SourceType                                   : loaded 4 times (x 79B)
Class com.android.build.gradle.internal.cxx.configure.NativeModelBuilderOutcomeOrBuilder: loaded 4 times (x 70B)
Class com.sun.xml.bind.v2.runtime.unmarshaller.DefaultValueLoaderDecorator            : loaded 4 times (x 78B)
Class com.android.build.gradle.internal.ide.v2.EdgeImpl                               : loaded 4 times (x 76B)
Class com.android.build.gradle.internal.profile.NoOpAnalyticsService$Inject_          : loaded 4 times (x 130B)
Class com.android.build.gradle.internal.tasks.ParseIntegrityConfigTask$CreationAction : loaded 4 times (x 90B)
Class com.android.build.gradle.internal.ide.v2.GlobalSyncService$Parameters$Inject_   : loaded 4 times (x 106B)
Class com.android.sdklib.repository.generated.common.v2.ApiDetailsType                : loaded 4 times (x 107B)
Class com.sun.xml.bind.v2.model.nav.ReflectionNavigator$BinderArg                     : loaded 4 times (x 73B)
Class com.sun.xml.bind.v2.model.impl.PropertyInfoImpl                                 : loaded 4 times (x 108B)
Class com.sun.xml.bind.v2.model.annotation.SecureLoader                               : loaded 4 times (x 71B)
Class com.sun.xml.bind.v2.runtime.output.Pcdata                                       : loaded 4 times (x 88B)
Class com.sun.xml.bind.v2.util.QNameMap                                               : loaded 4 times (x 72B)
Class com.sun.xml.bind.v2.runtime.JAXBContextImpl                                     : loaded 4 times (x 90B)
Class com.android.repository.impl.meta.RemotePackageImpl                              : loaded 4 times (x 144B)
Class com.android.sdklib.repository.generated.common.v1.package-info                  : loaded 4 times (x 70B)
Class com.android.sdklib.repository.meta.SdkCommonFactory                             : loaded 4 times (x 73B)
Class [Lcom.android.build.gradle.internal.ide.dependencies.ResolvedArtifact$DependencyType;: loaded 4 times (x 69B)
Class com.android.build.gradle.internal.scope.InternalArtifactType$LOCAL_AAR_FOR_LINT : loaded 4 times (x 74B)
Class com.android.build.gradle.internal.dependency.ExtractProGuardRulesTransform      : loaded 4 times (x 78B)
Class com.android.tools.build.jetifier.processor.transform.proguard.ProGuardClassSpecParser$Companion: loaded 4 times (x 71B)
Class com.google.gson.internal.ConstructorConstructor$18                              : loaded 4 times (x 75B)
Class com.android.build.gradle.internal.PropertiesValueSource$Inject_                 : loaded 4 times (x 109B)
Class com.android.build.gradle.internal.scope.InternalArtifactType$CONNECTED_ANDROID_TEST_ADDITIONAL_OUTPUT: loaded 4 times (x 74B)
Class com.android.build.gradle.internal.scope.InternalArtifactType$GLOBAL_SYNTHETICS_EXTERNAL_LIB: loaded 4 times (x 74B)
Class com.android.build.api.variant.impl.ResourcesPackagingImpl$merges$1              : loaded 4 times (x 75B)
Class com.android.build.gradle.internal.scope.InternalArtifactType$DATA_BINDING_LAYOUT_INFO_TYPE_PACKAGE: loaded 4 times (x 74B)
Class com.android.build.api.artifact.TaskBasedOperation                               : loaded 4 times (x 70B)
Class com.android.build.gradle.internal.scope.InternalArtifactType$BUNDLE_MANIFEST    : loaded 4 times (x 74B)
Class com.android.build.gradle.tasks.ProcessManifestForBundleTask                     : loaded 4 times (x 336B)
Class com.android.build.gradle.internal.dependency.ProvidedClasspath                  : loaded 4 times (x 71B)
Class com.android.build.gradle.internal.core.dsl.impl.ApplicationVariantDslInfoImpl$versionName$2$2: loaded 4 times (x 75B)
Class com.sun.xml.bind.v2.runtime.reflect.Accessor$2                                  : loaded 4 times (x 87B)
Class javax.xml.bind.annotation.XmlValue                                              : loaded 4 times (x 70B)
Class com.sun.xml.bind.api.CompositeStructure                                         : loaded 4 times (x 72B)
Class com.android.build.gradle.internal.SdkLibDataFactory                             : loaded 4 times (x 72B)
Class com.android.build.gradle.internal.api.ApkVariantImpl                            : loaded 4 times (x 249B)
Class com.android.build.gradle.internal.scope.BootClasspathBuilder$computeClasspath$1 : loaded 4 times (x 75B)
Class com.android.build.gradle.internal.scope.InternalArtifactType$MERGED_SHADERS     : loaded 4 times (x 74B)
Class com.android.build.gradle.internal.tasks.Workers$ProfileAwareExecutorServiceAdapter: loaded 4 times (x 87B)
Class com.android.build.gradle.internal.variant.DimensionCombinator                   : loaded 4 times (x 72B)
Class com.android.build.gradle.internal.variant.DimensionCombinator$Companion         : loaded 4 times (x 71B)
Class com.android.build.gradle.internal.core.dsl.impl.VariantDslInfoImpl$initApplicationId$appIdFromFlavors$1: loaded 4 times (x 78B)
Class com.android.build.gradle.internal.core.dsl.features.RenderscriptDslInfo         : loaded 4 times (x 70B)
Class com.android.build.gradle.internal.tasks.DexMergingTask$CreationAction$handleProvider$1: loaded 4 times (x 127B)
Class com.android.build.gradle.internal.core.dsl.impl.InstrumentedTestDslInfoImpl$handleProfiling$2: loaded 4 times (x 74B)
Class com.android.build.gradle.internal.scope.InternalArtifactType$FEATURE_RESOURCE_PKG: loaded 4 times (x 74B)
Class com.android.build.gradle.internal.tasks.featuresplit.FeatureSetMetadataWriterTask: loaded 4 times (x 335B)
Class com.android.build.gradle.internal.plugins.DslContainerProvider$lock$2           : loaded 4 times (x 74B)
Class com.android.build.gradle.internal.core.dsl.impl.DslInfoBuilder                  : loaded 4 times (x 72B)
Class com.android.build.api.component.impl.DefaultSourcesProviderImpl$getResources$1  : loaded 4 times (x 78B)
Class com.android.build.api.variant.impl.ManifestFilesImpl                            : loaded 4 times (x 80B)
Class com.android.build.gradle.tasks.ProcessTestManifest$CreationAction$handleProvider$2: loaded 4 times (x 127B)
Class com.android.tools.build.jetifier.core.type.TypesMap$JsonData                    : loaded 4 times (x 72B)
Class com.android.tools.build.jetifier.processor.transform.proguard.patterns.ReplacersRunner: loaded 4 times (x 72B)
Class com.android.build.gradle.internal.utils.HasConfigurableValuesKt                 : loaded 4 times (x 71B)
Class com.android.build.gradle.internal.dependency.AarTransform$Parameters            : loaded 4 times (x 70B)
Class com.android.build.gradle.internal.dependency.BaseDexingTransform$Parameters_Decorated: loaded 4 times (x 156B)
Class com.android.builder.model.v2.models.VariantDependenciesFlatList                 : loaded 4 times (x 70B)
Class com.android.build.gradle.internal.tasks.PrepareLintJarForPublishKt              : loaded 4 times (x 71B)
Class com.android.build.gradle.internal.ide.v2.VersionsImpl$Companion                 : loaded 4 times (x 71B)
Class com.android.sdklib.AndroidTargetHash                                            : loaded 4 times (x 71B)
Class com.android.sdklib.repository.generated.addon.v2.LibrariesType                  : loaded 4 times (x 75B)
Class com.android.tools.r8.ProgramResourceProvider                                    : loaded 4 times (x 70B)
Class javax.xml.bind.annotation.XmlAnyAttribute                                       : loaded 4 times (x 70B)
Class com.sun.xml.bind.v2.model.impl.ValuePropertyInfoImpl                            : loaded 4 times (x 120B)
Class com.android.repository.impl.generated.v2.package-info                           : loaded 4 times (x 70B)
Class com.android.sdklib.repository.generated.addon.v1.package-info                   : loaded 4 times (x 70B)
Class com.android.sdklib.repository.legacy.LegacyDownloader                           : loaded 4 times (x 84B)
Class com.android.build.gradle.internal.scope.InternalArtifactType$MODULE_AND_RUNTIME_DEPS_CLASSES: loaded 4 times (x 74B)
Class com.android.build.gradle.internal.dependency.ModelArtifactCompatibilityRule$Companion: loaded 4 times (x 71B)
Class com.android.builder.files.SerializableFileChanges                               : loaded 4 times (x 72B)
Class com.android.build.gradle.internal.dependency.AarToClassTransform$Params         : loaded 4 times (x 70B)
Class com.google.gson.internal.LinkedTreeMap$LinkedTreeMapIterator                    : loaded 4 times (x 80B)
Class com.google.gson.internal.ConstructorConstructor$19                              : loaded 4 times (x 76B)
Class com.android.build.gradle.internal.DependencyConfigurator                        : loaded 4 times (x 72B)
Class com.android.build.gradle.internal.scope.InternalArtifactType$SDK_DEPENDENCY_DATA: loaded 4 times (x 74B)
Class com.android.build.gradle.internal.scope.InternalArtifactType$BUNDLE_DEPENDENCY_REPORT: loaded 4 times (x 74B)
Class com.android.build.gradle.internal.component.features.NativeBuildCreationConfig  : loaded 4 times (x 70B)
Class com.android.build.api.variant.Packaging                                         : loaded 4 times (x 70B)
Class com.android.build.gradle.internal.core.dsl.impl.ConsumableComponentDslInfoImpl$shadersDslInfo$2: loaded 4 times (x 79B)
Class com.android.build.gradle.internal.core.InternalBaseVariant$MergedFlavor         : loaded 4 times (x 70B)
Class com.android.sdklib.repository.generated.common.v3.package-info                  : loaded 4 times (x 70B)
Class com.android.repository.impl.generated.generic.v2.package-info                   : loaded 4 times (x 70B)
Class com.android.build.gradle.internal.dsl.DependencyVariantSelectionImpl            : loaded 4 times (x 78B)
Class com.android.build.api.variant.TestedComponentPackaging                          : loaded 4 times (x 70B)
Class com.android.build.gradle.internal.component.NestedComponentCreationConfig       : loaded 4 times (x 70B)
Class com.android.build.gradle.tasks.MergeResources$CreationAction$handleProvider$4   : loaded 4 times (x 78B)
Class com.android.build.gradle.internal.scope.InternalArtifactType$SUB_PROJECT_DEX_ARCHIVE: loaded 4 times (x 74B)
Class com.sun.xml.bind.v2.model.core.LeafInfo                                         : loaded 4 times (x 70B)
Class com.android.build.api.variant.impl.TestedApkPackagingImpl                       : loaded 4 times (x 95B)
Class com.android.build.api.component.impl.DeviceTestImpl$resValues$2                 : loaded 4 times (x 79B)
Class com.android.build.gradle.internal.tasks.factory.VariantTaskCreationAction       : loaded 4 times (x 90B)
Class com.android.builder.dexing.DexingType                                           : loaded 4 times (x 79B)
Class com.android.build.gradle.internal.test.AbstractTestDataImpl$testCoverageEnabled$1: loaded 4 times (x 79B)
Class com.android.build.gradle.internal.res.LinkApplicationAndroidResourcesTask$BaseCreationAction$handleProvider$1: loaded 4 times (x 127B)
Class com.sun.xml.bind.v2.model.impl.SingleTypePropertyInfoImpl                       : loaded 4 times (x 113B)
Class com.android.build.gradle.internal.tasks.SigningConfigVersionsWriterTask$CreationAction$handleProvider$1: loaded 4 times (x 127B)
Class com.android.build.gradle.internal.tasks.CompileArtProfileTask$CreationAction$handleProvider$1: loaded 4 times (x 127B)
Class com.android.build.gradle.internal.AndroidTestTaskManager$createConnectedTestForVariant$1: loaded 4 times (x 75B)
Class com.sun.xml.bind.InternalAccessorFactory                                        : loaded 4 times (x 70B)
Class [Lcom.sun.xml.bind.v2.model.annotation.AnnotationSource;                        : loaded 4 times (x 69B)
Class com.sun.xml.bind.v2.runtime.unmarshaller.LocatorExWrapper                       : loaded 4 times (x 86B)
Class com.android.tools.r8.graph.w1                                                   : loaded 4 times (x 72B)
Class com.android.tools.r8.ClassConflictResolver                                      : loaded 4 times (x 70B)
Class com.android.build.api.variant.impl.SigningConfigImpl$enableV4Signing$1          : loaded 4 times (x 75B)
Class com.android.build.gradle.internal.attribution.CheckJetifierBuildService$Parameters: loaded 4 times (x 70B)
Class com.android.build.gradle.tasks.MergeSourceSetFolders$MergeJniLibFoldersCreationAction$handleProvider$1: loaded 4 times (x 127B)
Class com.android.build.gradle.internal.dependency.DexingOutputSplitTransformKt       : loaded 4 times (x 71B)
Class com.android.build.api.component.impl.DeviceTestImpl$renderscriptCreationConfig$2: loaded 4 times (x 79B)
Class com.android.build.gradle.internal.core.dsl.impl.InstrumentedTestDslInfoImpl     : loaded 4 times (x 80B)
Class com.android.tools.build.jetifier.processor.transform.proguard.ProGuardClassSpecParser$bodyReplacers$9: loaded 4 times (x 79B)
Class com.android.build.gradle.internal.tasks.MergeJavaResourceTask$Companion$predicate$1: loaded 4 times (x 80B)
Class com.android.build.api.variant.ExternalNativeBuild                               : loaded 4 times (x 70B)
Class com.android.build.gradle.internal.variant.BaseVariantData                       : loaded 4 times (x 72B)
Class com.android.sdklib.repository.meta.DetailsTypes$SourceDetailsType               : loaded 4 times (x 70B)
Class [Lcom.sun.xml.bind.v2.model.impl.ClassInfoImpl$SecondaryAnnotation;             : loaded 4 times (x 69B)
Class com.sun.xml.bind.api.BridgeContext                                              : loaded 4 times (x 76B)
Class com.sun.xml.bind.v2.model.core.TypeInfoSet                                      : loaded 4 times (x 70B)
Class com.android.sdklib.repository.generated.addon.v2.ObjectFactory                  : loaded 4 times (x 80B)
Class com.android.build.gradle.internal.SdkLoadingStrategy                            : loaded 4 times (x 72B)
Class com.android.build.gradle.internal.scope.InternalArtifactType$COMPILE_LIBRARY_CLASSES_JAR: loaded 4 times (x 74B)
Class com.android.build.gradle.internal.dependency.DexingRegistration$registerTransform$1: loaded 4 times (x 75B)
Class com.android.build.gradle.internal.dependency.CollectClassesTransform            : loaded 4 times (x 78B)
Class com.android.build.gradle.internal.dependency.JetifyTransform$Inject_1           : loaded 4 times (x 109B)
Class com.android.tools.build.jetifier.core.type.TypesMap                             : loaded 4 times (x 72B)
Class com.android.sdklib.repository.generated.sysimg.v1.package-info                  : loaded 4 times (x 70B)
Class com.android.build.gradle.internal.scope.InternalArtifactType$APK_ZIP            : loaded 4 times (x 74B)
Class com.android.build.gradle.internal.tasks.ListingFileRedirectTask                 : loaded 4 times (x 335B)
Class [Lcom.android.build.gradle.internal.publishing.ArtifactCategory;                : loaded 4 times (x 69B)
Class [Lcom.android.build.gradle.internal.publishing.AndroidArtifacts$ArtifactScope;  : loaded 4 times (x 69B)
Class com.android.build.gradle.internal.dsl.InstrumentationImpl                       : loaded 4 times (x 77B)
Class com.android.build.api.component.impl.DeviceTestImpl$optimizationCreationConfig$2: loaded 4 times (x 79B)
Class com.android.build.gradle.internal.core.MergedFlavor$Companion                   : loaded 4 times (x 71B)
Class com.android.build.api.component.impl.ComponentBuilderImpl                       : loaded 4 times (x 92B)
Class [Ljavax.xml.bind.annotation.XmlNsForm;                                          : loaded 4 times (x 69B)
Class com.android.repository.impl.generated.v1.CompleteType                           : loaded 4 times (x 83B)
Class com.sun.xml.bind.v2.model.runtime.RuntimeNonElement                             : loaded 4 times (x 70B)
Class com.sun.xml.bind.v2.runtime.ClassBeanInfoImpl                                   : loaded 4 times (x 92B)
Class javax.xml.bind.Marshaller                                                       : loaded 4 times (x 70B)
Class com.sun.xml.bind.v2.model.core.ErrorHandler                                     : loaded 4 times (x 70B)
Class com.sun.xml.bind.v2.model.impl.RuntimeBuiltinLeafInfoImpl$4                     : loaded 4 times (x 136B)
Class com.sun.xml.bind.v2.model.runtime.RuntimeAttributePropertyInfo                  : loaded 4 times (x 70B)
Class com.android.repository.api.RemotePackage                                        : loaded 4 times (x 70B)
Class com.android.build.gradle.internal.manifest.LazyManifestParser$manifestData$1    : loaded 4 times (x 75B)
Class com.android.build.gradle.internal.ide.v2.JavaCompileOptionsImpl                 : loaded 4 times (x 78B)
Class com.sun.xml.bind.v2.model.impl.RuntimeElementInfoImpl                           : loaded 4 times (x 119B)
Class com.sun.xml.bind.v2.model.core.ElementPropertyInfo                              : loaded 4 times (x 70B)
Class com.android.sdklib.repository.meta.DetailsTypes$MavenType                       : loaded 4 times (x 70B)
Class com.sun.xml.bind.v2.runtime.unmarshaller.LocatorEx                              : loaded 4 times (x 70B)
Class com.android.build.gradle.internal.ide.v2.BasicArtifactImpl                      : loaded 4 times (x 76B)
Class com.android.build.api.component.impl.AnnotationProcessorImpl$finalListOfClassNames$1: loaded 4 times (x 75B)
Class com.android.build.gradle.internal.ide.v2.BasicArtifactImpl$Companion            : loaded 4 times (x 71B)
Class com.android.build.gradle.internal.VariantManager$getFlavorSelection$1           : loaded 4 times (x 78B)
Class com.android.build.gradle.internal.dsl.ModulePropertyKey                         : loaded 4 times (x 70B)
Class com.android.build.api.dsl.DensitySplit                                          : loaded 4 times (x 70B)
Class com.android.build.api.variant.impl.VariantOutputConfigurationImplKt             : loaded 4 times (x 71B)
Class com.android.build.gradle.internal.core.dsl.impl.DslInfoCommonKt$initTestApplicationId$testAppIdFromFlavors$1: loaded 4 times (x 78B)
Class com.android.build.api.component.impl.DeviceTestImpl$shadersCreationConfig$2     : loaded 4 times (x 79B)
Class com.android.build.gradle.internal.scope.InternalArtifactType$LINT_PUBLISH_JAR   : loaded 4 times (x 74B)
Class com.android.build.gradle.internal.scope.InternalArtifactType$SIGNING_CONFIG_DATA: loaded 4 times (x 74B)
Class com.android.build.api.variant.impl.SourcesImpl$extras$2                         : loaded 4 times (x 79B)
Class com.android.build.gradle.internal.core.dsl.impl.ComponentDslInfoImpl$androidResourcesDsl$2: loaded 4 times (x 79B)
Class com.android.build.gradle.internal.dependency.RecalculateStackFramesTransform$Parameters: loaded 4 times (x 70B)
Class com.android.tools.r8.graph.o2                                                   : loaded 4 times (x 127B)
Class com.android.build.gradle.internal.scope.InternalArtifactType$PREFAB_PACKAGE     : loaded 4 times (x 74B)
Class com.android.repository.api.Repository                                           : loaded 4 times (x 79B)
Class javax.xml.bind.annotation.XmlAttachmentRef                                      : loaded 4 times (x 70B)
Class com.android.builder.utils.ZipEntryUtils                                         : loaded 4 times (x 71B)
Class com.android.tools.r8.androidapi.a$a                                             : loaded 4 times (x 79B)
Class com.sun.xml.bind.v2.model.impl.RuntimeClassInfoImpl$RuntimePropertySeed         : loaded 4 times (x 84B)
Class com.sun.xml.bind.v2.runtime.reflect.TransducedAccessor                          : loaded 4 times (x 78B)
Class com.sun.xml.bind.v2.runtime.NameList                                            : loaded 4 times (x 72B)
Class com.sun.xml.bind.v2.runtime.unmarshaller.ValuePropertyLoader                    : loaded 4 times (x 78B)
Class com.sun.xml.bind.v2.model.runtime.RuntimeReferencePropertyInfo                  : loaded 4 times (x 70B)
Class javax.xml.bind.annotation.XmlRootElement                                        : loaded 4 times (x 70B)
Class com.sun.xml.bind.v2.model.core.Ref                                              : loaded 4 times (x 72B)
Class com.sun.xml.bind.v2.model.runtime.RuntimeElementInfo                            : loaded 4 times (x 70B)
Class com.sun.xml.bind.v2.model.impl.RuntimeModelBuilder                              : loaded 4 times (x 100B)
Class javax.xml.bind.ServiceLoaderUtil                                                : loaded 4 times (x 71B)
Class com.android.repository.impl.meta.Archive$CompleteType                           : loaded 4 times (x 79B)
Class com.android.repository.impl.meta.CommonFactory                                  : loaded 4 times (x 91B)
Class com.android.build.gradle.internal.SupportToolsComponents$Companion              : loaded 4 times (x 71B)
Class com.android.build.gradle.internal.SdkComponentsBuildService$VersionedSdkLoader$sdkDirectoryProvider$1: loaded 4 times (x 75B)
Class com.android.build.gradle.internal.VariantTaskManager$addBindingDependenciesIfNecessary$viewBindingEnabled$1: loaded 4 times (x 80B)
Class com.android.build.gradle.internal.dependency.LibrarySymbolTableTransform        : loaded 4 times (x 78B)
Class com.android.tools.build.jetifier.core.TypeRewriter                              : loaded 4 times (x 72B)
Class com.android.build.gradle.internal.attribution.CheckJetifierBuildService$Parameters_Decorated: loaded 4 times (x 130B)
Class com.android.build.api.variant.impl.FileBasedFileEntry                           : loaded 4 times (x 79B)
Class com.android.build.gradle.internal.test.AbstractTestDataImpl$animationsDisabled$1: loaded 4 times (x 78B)
Class com.android.build.gradle.internal.tasks.AppMetadataTaskKt                       : loaded 4 times (x 71B)
Class com.android.build.gradle.internal.tasks.DexMergingTask$CreationAction           : loaded 4 times (x 93B)
Class com.android.build.gradle.internal.scope.InternalArtifactType$DUPLICATE_CLASSES_CHECK: loaded 4 times (x 74B)
Class com.android.build.api.artifact.OutOperationRequest                              : loaded 4 times (x 70B)
Class com.android.build.gradle.internal.scope.InternalArtifactType$MERGED_TEST_ONLY_NATIVE_LIBS: loaded 4 times (x 74B)
Class com.android.build.gradle.internal.scope.InternalArtifactType$MERGED_JNI_LIBS    : loaded 4 times (x 74B)
Class com.android.build.gradle.internal.tasks.CompressAssetsTask                      : loaded 4 times (x 340B)
Class com.android.build.api.artifact.ArtifactTransformationRequest                    : loaded 4 times (x 70B)
Class com.android.build.api.artifact.ScopedArtifact$CLASSES                           : loaded 4 times (x 74B)
Class [Lcom.android.build.api.instrumentation.FramesComputationMode;                  : loaded 4 times (x 69B)
Class com.android.build.gradle.internal.ide.v2.JavaArtifactImpl$Companion             : loaded 4 times (x 71B)
Class com.android.build.api.component.impl.ComponentImpl                              : loaded 4 times (x 208B)
Class com.android.build.gradle.internal.dsl.ModulePropertyKey$BooleanWithDefault      : loaded 4 times (x 84B)
Class com.android.build.gradle.internal.scope.InternalArtifactType$PACKAGED_MANIFESTS : loaded 4 times (x 74B)
Class com.android.build.gradle.internal.core.dsl.impl.VariantDslInfoImpl$nativeBuildDslInfo$2: loaded 4 times (x 79B)
Class com.android.build.gradle.internal.core.MergedAnnotationProcessorOptions         : loaded 4 times (x 107B)
Class com.android.build.gradle.internal.utils.DesugarLibUtils$getD8DesugarMethodFileFromTransform$1$1: loaded 4 times (x 74B)
Class com.android.build.gradle.internal.VariantManager$getLazyManifestParser$1        : loaded 4 times (x 79B)
Class com.android.build.gradle.internal.plugins.DslContainerProvider$lock$5           : loaded 4 times (x 75B)
Class com.android.build.gradle.internal.scope.InternalMultipleArtifactType            : loaded 4 times (x 74B)
Class com.android.build.api.artifact.InAndOutDirectoryOperationRequest                : loaded 4 times (x 70B)
Class com.android.build.api.variant.impl.JniLibsPackagingImpl$excludes$1              : loaded 4 times (x 75B)
Class com.android.build.gradle.internal.ide.v2.VariantDependenciesAdjacencyListImpl$Companion: loaded 4 times (x 71B)
Class com.android.build.gradle.options.ProjectOptionService$Params                    : loaded 4 times (x 70B)
Class com.android.build.api.variant.JniLibsApkPackaging                               : loaded 4 times (x 70B)
Class com.android.build.gradle.internal.ide.v2.VariantDependenciesAdjacencyListImpl   : loaded 4 times (x 83B)
Class com.android.build.api.variant.impl.InternalVariantBuilder                       : loaded 4 times (x 70B)
Class com.android.build.api.variant.impl.VariantImpl                                  : loaded 4 times (x 365B)
Class com.android.build.api.variant.JavaCompilation                                   : loaded 4 times (x 70B)
Class com.android.build.api.component.impl.features.NativeBuildCreationConfigImpl     : loaded 4 times (x 81B)
Class com.android.build.gradle.internal.core.MergedExternalNativeCmakeOptions         : loaded 4 times (x 86B)
Class com.android.build.gradle.internal.core.dsl.impl.AndroidTestComponentDslInfoImpl$namespace$2: loaded 4 times (x 79B)
Class com.android.build.gradle.tasks.ExtractDeepLinksTask                             : loaded 4 times (x 339B)
Class com.android.build.api.component.impl.OldVariantApiLegacySupportImpl$JavaCompileOptionsForOldVariantAPI$_annotationProcessorOptions$1: loaded 4 times (x 77B)
Class com.android.build.api.artifact.SingleArtifact$MERGED_MANIFEST                   : loaded 4 times (x 74B)
Class com.android.build.gradle.internal.profile.AnalyticsUtil                         : loaded 4 times (x 71B)
Class com.android.build.gradle.options.ProjectOptionService$Params_Decorated          : loaded 4 times (x 130B)
Class com.android.build.gradle.internal.core.dsl.impl.ConsumableComponentDslInfoImpl  : loaded 4 times (x 132B)
Class com.android.build.api.component.impl.ComponentImpl$resValuesCreationConfig$2    : loaded 4 times (x 79B)
Class com.android.build.api.variant.impl.VariantImpl$shadersCreationConfig$2          : loaded 4 times (x 79B)
Class com.android.tools.build.jetifier.processor.archive.ArchiveItem$DefaultImpls     : loaded 4 times (x 71B)
Class com.android.build.api.variant.JniLibsPackaging                                  : loaded 4 times (x 70B)
Class com.android.build.api.variant.JniLibsTestedComponentPackaging                   : loaded 4 times (x 70B)
Class com.android.build.gradle.internal.cxx.configure.GradleLocalPropertiesKt$gradleLocalProperties$propertiesContent$1: loaded 4 times (x 75B)
Class com.android.tools.build.jetifier.core.utils.LogLevel                            : loaded 4 times (x 79B)
Class [Lcom.android.tools.build.jetifier.core.utils.LogLevel;                         : loaded 4 times (x 69B)
Class com.google.gson.internal.$Gson$Types$ParameterizedTypeImpl                      : loaded 4 times (x 81B)
Class com.android.tools.build.jetifier.processor.transform.proguard.ProGuardClassFilterParser$replacer$1: loaded 4 times (x 79B)
Class com.android.build.gradle.internal.tasks.SigningConfigWriterTask                 : loaded 4 times (x 337B)
Class com.sun.xml.bind.v2.model.impl.BuiltinLeafInfoImpl                              : loaded 4 times (x 105B)
Class com.sun.xml.bind.v2.model.impl.RuntimeBuiltinLeafInfoImpl                       : loaded 4 times (x 133B)
Class com.android.build.gradle.internal.scope.InternalArtifactType$MERGED_RES         : loaded 4 times (x 74B)
Class com.android.build.api.variant.MultiOutputHandler$Companion                      : loaded 4 times (x 71B)
Class javax.xml.bind.annotation.XmlSchemaType                                         : loaded 4 times (x 70B)
Class com.android.build.api.component.impl.DefaultSourcesProviderImpl$getKotlin$1     : loaded 4 times (x 127B)
Class com.android.repository.impl.meta.TrimStringAdapter                              : loaded 4 times (x 75B)
Class com.sun.xml.bind.v2.runtime.unmarshaller.XsiNilLoader$Single                    : loaded 4 times (x 80B)
Class com.android.build.gradle.internal.utils.D8BackportedMethodsGenerator$Parameters$Inject_: loaded 4 times (x 116B)
Class com.sun.xml.bind.v2.runtime.unmarshaller.UnmarshallingContext                   : loaded 4 times (x 103B)
Class com.sun.xml.bind.v2.runtime.LifecycleMethods                                    : loaded 4 times (x 72B)
Class com.android.sdklib.repository.generated.addon.v1.AddonDetailsType               : loaded 4 times (x 135B)
Class com.sun.xml.bind.v2.model.annotation.MethodLocatable                            : loaded 4 times (x 78B)
Class com.sun.xml.bind.v2.model.runtime.RuntimeMapPropertyInfo                        : loaded 4 times (x 70B)
Class com.sun.xml.bind.v2.model.nav.TypeVisitor                                       : loaded 4 times (x 76B)
Class com.android.repository.impl.meta.RepoPackageImpl                                : loaded 4 times (x 114B)
Class com.sun.xml.bind.v2.runtime.reflect.TransducedAccessor$CompositeTransducedAccessorImpl: loaded 4 times (x 79B)
Class com.android.build.api.variant.FilterConfiguration                               : loaded 4 times (x 70B)
Class com.android.tools.build.jetifier.processor.TimestampsPolicy$Companion$NOW$1     : loaded 4 times (x 78B)
Class com.android.tools.build.jetifier.core.pom.PomDependency                         : loaded 4 times (x 72B)
Class com.android.build.gradle.internal.dependency.SubtractingArtifactCollection      : loaded 4 times (x 84B)
Class com.android.build.gradle.internal.tasks.CompileArtProfileTask$CreationAction    : loaded 4 times (x 90B)
Class com.android.build.gradle.internal.utils.VariantPostCreationChecksKt             : loaded 4 times (x 71B)
Class com.android.build.gradle.internal.cxx.logging.ThreadLoggingEnvironment$Companion$BottomLoggingEnvironment: loaded 4 times (x 80B)
Class com.android.build.api.variant.impl.SigningConfigImpl$keyAlias$1                 : loaded 4 times (x 75B)
Class com.android.build.gradle.internal.tasks.DexArchiveBuilderTask$CreationAction$handleProvider$9: loaded 4 times (x 78B)
Class com.android.build.api.component.impl.DefaultSourcesProviderImpl$defaultAssetsSources$1: loaded 4 times (x 78B)
Class com.android.build.gradle.internal.test.AbstractTestDataImpl$testDirectories$1$2 : loaded 4 times (x 79B)
Class com.google.common.collect.Sets$ImprovedAbstractSet                              : loaded 4 times (x 135B)
Class com.android.tools.build.jetifier.core.TypeRewriter$Companion                    : loaded 4 times (x 71B)
Class com.android.tools.build.jetifier.processor.transform.proguard.ProGuardTransformer: loaded 4 times (x 77B)
Class com.android.tools.build.jetifier.processor.transform.proguard.ProGuardClassSpecParser$bodyReplacers$8: loaded 4 times (x 79B)
Class com.android.build.gradle.internal.dependency.MockableJarTransform$Parameters_Decorated: loaded 4 times (x 135B)
Class com.android.build.gradle.internal.dependency.DexingOutputSplitTransform$Inject_1: loaded 4 times (x 109B)
Class com.android.build.api.variant.impl.ArtifactMetadataProcessor$Companion          : loaded 4 times (x 71B)
Class com.android.sdklib.OptionalLibrary                                              : loaded 4 times (x 70B)
Class com.android.build.gradle.internal.DependencyConfigurator$configureGeneralTransforms$6: loaded 4 times (x 79B)
Class com.android.build.gradle.internal.tasks.factory.BootClasspathConfigImpl$sam$org_gradle_api_Transformer$0: loaded 4 times (x 75B)
Class com.android.build.gradle.internal.ide.v2.GraphItemImpl$Companion                : loaded 4 times (x 71B)
Class com.android.build.gradle.internal.tasks.factory.BootClasspathConfigImpl$fullBootClasspathProvider$2$3: loaded 4 times (x 127B)
Class com.android.tools.r8.StringConsumer                                             : loaded 4 times (x 70B)
Class com.android.build.gradle.internal.publishing.PublishingSpecsKt                  : loaded 4 times (x 71B)
Class javax.xml.bind.UnmarshalException                                               : loaded 4 times (x 85B)
Class com.sun.xml.bind.v2.runtime.unmarshaller.XmlVisitor                             : loaded 4 times (x 70B)
Class javax.xml.bind.annotation.adapters.CollapsedStringAdapter                       : loaded 4 times (x 75B)
Class javax.xml.bind.annotation.XmlMimeType                                           : loaded 4 times (x 70B)
Class com.sun.xml.bind.v2.model.impl.Utils$1                                          : loaded 4 times (x 77B)
Class com.sun.xml.bind.v2.model.impl.RuntimeTypeInfoSetImpl                           : loaded 4 times (x 123B)
Class com.sun.xml.bind.api.Bridge                                                     : loaded 4 times (x 85B)
Class javax.xml.bind.ContextFinder$1                                                  : loaded 4 times (x 73B)
Class com.android.build.gradle.internal.scope.InternalArtifactType$RUNTIME_LIBRARY_CLASSES_JAR: loaded 4 times (x 74B)
Class com.android.build.gradle.tasks.ProcessPackagedManifestTask                      : loaded 4 times (x 336B)
Class com.android.ide.common.caching.CreatingCache$ValueFactory                       : loaded 4 times (x 70B)
Class com.android.build.gradle.internal.scope.InternalArtifactType$RES_STATIC_LIBRARY : loaded 4 times (x 74B)
Class com.android.build.gradle.internal.publishing.PublishingSpecs                    : loaded 4 times (x 71B)
Class com.android.build.gradle.internal.dependency.ProvidedClasspathSubtractor$fileToIds$1: loaded 4 times (x 79B)
Class javax.xml.bind.Unmarshaller                                                     : loaded 4 times (x 70B)
Class com.android.build.gradle.internal.FileExistsValueSource                         : loaded 4 times (x 78B)
Class com.android.build.gradle.internal.SdkComponentsBuildService$VersionedSdkLoader$renderScriptSupportJarProvider$1: loaded 4 times (x 75B)
Class com.android.builder.sdk.InstallFailedException                                  : loaded 4 times (x 82B)
Class com.android.build.gradle.internal.cxx.gradle.generator.NativeProjectPath        : loaded 4 times (x 72B)
Class com.android.build.gradle.internal.cxx.logging.IssueReporterLoggingEnvironment   : loaded 4 times (x 83B)
Class com.android.build.gradle.internal.cxx.configure.CxxCreateGradleTasksKt          : loaded 4 times (x 71B)
Class com.android.build.gradle.internal.scope.InternalArtifactType$SDK_DEPENDENCY_DATA_PUBLIC: loaded 4 times (x 74B)
Class com.android.build.gradle.internal.scope.InternalArtifactType$COMPRESSED_ASSETS  : loaded 4 times (x 74B)
Class com.android.build.gradle.internal.scope.InternalArtifactType$GENERATED_PNGS_RES : loaded 4 times (x 74B)
Class com.android.build.api.artifact.SingleArtifact$APK                               : loaded 4 times (x 74B)
Class com.android.build.api.artifact.SingleArtifact                                   : loaded 4 times (x 74B)
Class com.android.build.api.variant.impl.VariantImpl$manifestPlaceholdersCreationConfig$2: loaded 4 times (x 79B)
Class com.android.build.gradle.internal.dependency.VariantDependencies$computeArtifactCollection$attributesAction$1: loaded 4 times (x 75B)
Class com.android.build.gradle.internal.TaskManager$createAssembleTask$1              : loaded 4 times (x 75B)
Class android.databinding.tool.DataBindingBuilder$GradleFileWriter                    : loaded 4 times (x 75B)
Class com.android.build.api.component.impl.DeviceTestImpl$packaging$2                 : loaded 4 times (x 79B)
Class com.android.build.api.component.impl.TestComponentImpl                          : loaded 4 times (x 357B)
Class com.android.build.gradle.internal.core.MergedExternalNativeNdkBuildOptions      : loaded 4 times (x 86B)
Class com.android.build.gradle.internal.core.MergedNdkConfig                          : loaded 4 times (x 95B)
Class com.android.build.gradle.internal.variant.VariantPathHelper$aarLocation$2       : loaded 4 times (x 79B)
Class com.android.build.gradle.internal.publishing.PublishedConfigSpec                : loaded 4 times (x 72B)
Class com.android.repository.impl.generated.v2.DependenciesType                       : loaded 4 times (x 75B)
Class com.sun.xml.bind.v2.model.core.BuiltinLeafInfo                                  : loaded 4 times (x 70B)
Class com.sun.xml.bind.v2.model.impl.RuntimeBuiltinLeafInfoImpl$3                     : loaded 4 times (x 136B)
Class com.sun.xml.bind.v2.runtime.Name                                                : loaded 4 times (x 75B)
Class com.android.tools.r8.ir.desugar.desugaredlibrary.lint.a                         : loaded 4 times (x 72B)
Class org.objectweb.asm.commons.SignatureRemapper                                     : loaded 4 times (x 88B)
Class com.android.build.gradle.internal.api.ApkVariantOutputImpl                      : loaded 4 times (x 130B)
Class com.android.build.gradle.internal.DependencyConfigurator$configureGeneralTransforms$1: loaded 4 times (x 79B)
Class com.android.build.gradle.internal.dependency.JetifyTransform                    : loaded 4 times (x 78B)
Class com.android.tools.build.jetifier.processor.TimestampsPolicy$Companion$KEEP_PREVIOUS$1: loaded 4 times (x 78B)
Class com.android.tools.build.jetifier.processor.TimestampsPolicy$Companion$EPOCH$1   : loaded 4 times (x 78B)
Class com.android.build.gradle.internal.core.dsl.impl.ConsumableComponentDslInfoImpl$buildConfigDslInfo$2: loaded 4 times (x 79B)
Class com.android.build.api.variant.impl.ApplicationVariantBuilderImpl$dependenciesInfo$2: loaded 4 times (x 79B)
Class com.android.build.api.variant.AndroidVersion                                    : loaded 4 times (x 70B)
Class com.android.build.api.component.impl.ComponentImpl$providedOnlyClasspath$2      : loaded 4 times (x 79B)
Class com.android.build.gradle.internal.plugins.PrivacySandboxSdkPlugin               : loaded 4 times (x 81B)
Class com.android.build.gradle.tasks.ExtractDeepLinksTask$BaseCreationAction$handleProvider$1: loaded 4 times (x 127B)
Class com.android.build.gradle.tasks.CompatibleScreensManifest$CreationAction$handleProvider$1: loaded 4 times (x 127B)
Class com.android.build.gradle.internal.tasks.SourceSetsTask                          : loaded 4 times (x 340B)
Class com.android.build.api.artifact.SingleArtifact$RUNTIME_SYMBOL_LIST               : loaded 4 times (x 74B)
Class com.android.build.gradle.internal.scope.InternalArtifactType$EXTERNAL_LIBS_DEX_ARCHIVE_WITH_ARTIFACT_TRANSFORMS: loaded 4 times (x 74B)
Class com.android.build.gradle.internal.scope.InternalArtifactType$APK_IDE_REDIRECT_FILE: loaded 4 times (x 74B)
Class com.android.build.gradle.internal.scope.InternalArtifactType$BUNDLE_IDE_REDIRECT_FILE: loaded 4 times (x 74B)
Class com.android.build.gradle.internal.VariantTaskManager$createAnchorAssembleTasks$4: loaded 4 times (x 75B)
Class com.android.build.gradle.internal.publishing.PublishingSpecs$VariantSpec        : loaded 4 times (x 70B)
Class com.android.build.api.artifact.SingleArtifact$AAR                               : loaded 4 times (x 74B)
Class [Lcom.android.build.api.artifact.Artifact$Single;                               : loaded 4 times (x 69B)
Class com.android.build.gradle.internal.SdkComponentsBuildService$VersionedSdkLoader$optionalLibrariesProvider$1: loaded 4 times (x 75B)
Class com.android.build.api.attributes.ProductFlavorAttr                              : loaded 4 times (x 70B)
Class com.android.build.gradle.internal.ide.dependencies.Graph$Companion              : loaded 4 times (x 71B)
Class com.android.ide.common.caching.CreatingCache                                    : loaded 4 times (x 76B)
Class com.android.build.gradle.internal.ide.v2.AndroidGradlePluginProjectFlagsImpl    : loaded 4 times (x 75B)
Class com.android.repository.impl.meta.RepoPackageImpl$Dependencies                   : loaded 4 times (x 72B)
Class com.sun.xml.bind.v2.runtime.ValueListBeanInfoImpl                               : loaded 4 times (x 89B)
Class com.sun.xml.bind.v2.runtime.unmarshaller.DomLoader                              : loaded 4 times (x 78B)
Class com.sun.xml.bind.v2.runtime.Coordinator                                         : loaded 4 times (x 83B)
Class javax.xml.bind.ValidationEventHandler                                           : loaded 4 times (x 70B)
Class com.android.repository.impl.meta.Archive$PatchesType                            : loaded 4 times (x 72B)
Class com.sun.xml.bind.v2.model.annotation.XmlRootElementQuick                        : loaded 4 times (x 92B)
Class com.sun.xml.bind.v2.runtime.NameBuilder                                         : loaded 4 times (x 72B)
Class com.android.repository.impl.generated.v2.ArchiveType                            : loaded 4 times (x 97B)
Class com.android.sdklib.repository.generated.sysimg.v2.package-info                  : loaded 4 times (x 70B)
Class com.android.build.gradle.internal.api.ApplicationVariantImpl_Decorated          : loaded 4 times (x 309B)
Class com.android.build.gradle.internal.dependency.AarTransform                       : loaded 4 times (x 78B)
Class com.android.build.gradle.internal.PropertiesValueSource$Params_Decorated        : loaded 4 times (x 130B)
Class com.android.build.gradle.internal.VariantTaskManager$createReportTasks$signingReportComponents$1: loaded 4 times (x 80B)
Class com.android.build.gradle.internal.tasks.ExtractVersionControlInfoTask           : loaded 4 times (x 337B)
Class com.android.build.gradle.internal.tasks.MergeNativeDebugMetadataTask$CreationAction: loaded 4 times (x 90B)
Class com.android.build.gradle.internal.tasks.ValidateSigningTask$CreationAction$handleProvider$1: loaded 4 times (x 127B)
Class com.android.build.gradle.internal.tasks.ProcessJavaResTask$CreationAction       : loaded 4 times (x 90B)
Class com.android.build.gradle.tasks.CompatibleScreensManifest                        : loaded 4 times (x 338B)
Class com.android.build.api.component.impl.features.InstrumentationCreationConfigImpl : loaded 4 times (x 83B)
Class com.android.build.gradle.internal.TaskManager$createAssembleTask$2              : loaded 4 times (x 75B)
Class com.android.build.api.component.impl.HostTestImpl$manifestPlaceholdersCreationConfig$2: loaded 4 times (x 79B)
Class com.android.build.api.component.UnitTest                                        : loaded 4 times (x 70B)
Class com.android.build.api.variant.impl.DependenciesInfoBuilderImpl_Decorated        : loaded 4 times (x 138B)
Class com.android.build.gradle.internal.VariantManager$createVariant$mappingScopePolicy$2: loaded 4 times (x 78B)
Class com.android.build.gradle.internal.core.MergedFlavor                             : loaded 4 times (x 202B)
Class com.sun.istack.SAXParseException2                                               : loaded 4 times (x 88B)
Class com.android.tools.r8.graph.z5                                                   : loaded 4 times (x 135B)
Class com.android.sdklib.repository.legacy.FileOp                                     : loaded 4 times (x 77B)
Class com.android.build.gradle.internal.plugins.DslContainerProvider$lock$1           : loaded 4 times (x 74B)
Class com.android.build.gradle.internal.ide.v2.JavaArtifactImpl                       : loaded 4 times (x 86B)
Class com.android.build.gradle.internal.core.dsl.impl.VariantDslInfoImpl$applicationId$2: loaded 4 times (x 79B)
Class com.android.build.gradle.internal.ide.v2.ProjectInfoImpl$toKeyComponent$2       : loaded 4 times (x 78B)
Class com.android.build.gradle.internal.ide.dependencies.LocalJarCacheImpl$cache$1$create$$inlined$sortedBy$1: loaded 4 times (x 89B)
Class com.android.builder.errors.IssueReporter$Severity                               : loaded 4 times (x 79B)
Class com.android.build.api.variant.DependenciesInfoBuilder                           : loaded 4 times (x 70B)
Class com.android.build.gradle.internal.core.dsl.impl.VariantDslInfoImpl$initApplicationId$2: loaded 4 times (x 75B)
Class com.google.gson.Strictness                                                      : loaded 4 times (x 79B)
Class com.android.build.gradle.internal.attributes.VariantAttr$ImplFactory            : loaded 4 times (x 75B)
Class com.android.build.gradle.tasks.MergeResources$CreationAction$handleProvider$3   : loaded 4 times (x 78B)
Class com.android.build.gradle.internal.dependency.ResolutionResultProvider           : loaded 4 times (x 70B)
Class com.android.build.gradle.internal.variant.BaseVariantData$Companion             : loaded 4 times (x 71B)
Class com.android.build.api.component.impl.features.InstrumentationCreationConfigImpl$instrumentation$2: loaded 4 times (x 79B)
Class com.android.build.api.variant.impl.ResourcesApkPackagingImpl$excludes$1         : loaded 4 times (x 75B)
Class com.android.build.gradle.internal.scope.InternalArtifactType$DATA_BINDING_LAYOUT_INFO_TYPE_MERGE: loaded 4 times (x 74B)
Class com.android.build.gradle.tasks.JavaPreCompileTask$CreationAction$handleProvider$1: loaded 4 times (x 78B)
Class com.android.build.gradle.internal.tasks.AppMetadataTaskKt$configureTaskOutputs$1: loaded 4 times (x 127B)
Class com.android.build.gradle.internal.dsl.EmulatorSnapshots_Decorated               : loaded 4 times (x 146B)
Class com.android.build.gradle.internal.scope.Java8LangSupport                        : loaded 4 times (x 79B)
Class com.android.build.gradle.internal.dependency.AdditionalArtifactType             : loaded 4 times (x 79B)
Class com.android.build.gradle.tasks.MergeResources$Flag                              : loaded 4 times (x 79B)
Class com.android.build.gradle.internal.dependency.SubtractingArtifactCollection$SubtractingArtifactResult$artifactResults$1: loaded 4 times (x 79B)
Class com.android.build.gradle.internal.component.features.OptimizationCreationConfig : loaded 4 times (x 70B)
Class com.android.build.gradle.internal.utils.D8BackportedMethodsGenerator$Parameters : loaded 4 times (x 70B)
Class com.android.build.gradle.internal.variant.VariantPathHelper$coverageReportDir$2 : loaded 4 times (x 79B)
Class com.android.build.gradle.internal.ApiObjectFactory                              : loaded 4 times (x 73B)
Class com.android.build.gradle.internal.manifest.LazyManifestParser$manifestData$2    : loaded 4 times (x 75B)
Class com.android.build.gradle.internal.api.BaseVariantOutputImpl                     : loaded 4 times (x 112B)
Class com.android.build.api.component.impl.OldVariantApiLegacySupportImpl$getVariantOutputs$1: loaded 4 times (x 75B)
Class com.android.ide.common.gradle.Version$Companion$ParseState$NUMERIC              : loaded 4 times (x 74B)
Class com.android.build.gradle.internal.tasks.DexArchiveBuilderTask$CreationAction$handleProvider$8: loaded 4 times (x 127B)
Class com.android.build.gradle.internal.tasks.StripDebugSymbolsTask                   : loaded 4 times (x 342B)
Class com.android.build.gradle.internal.AndroidJarInput                               : loaded 4 times (x 79B)
Class com.android.build.gradle.internal.core.dsl.impl.DslInfoUtilsKt                  : loaded 4 times (x 71B)
Class com.android.sdklib.repository.generated.sysimg.v2.SysImgDetailsType             : loaded 4 times (x 138B)
Class javax.xml.bind.annotation.XmlSeeAlso                                            : loaded 4 times (x 70B)
Class com.sun.xml.bind.v2.model.core.PropertyKind                                     : loaded 4 times (x 79B)
Class [Lcom.sun.xml.bind.v2.model.impl.ClassInfoImpl$PropertyGroup;                   : loaded 4 times (x 69B)
Class com.sun.xml.bind.v2.runtime.unmarshaller.Receiver                               : loaded 4 times (x 70B)
Class [Lcom.sun.xml.bind.v2.model.annotation.Quick;                                   : loaded 4 times (x 69B)
Class com.android.sdklib.repository.generated.sysimg.v1.ObjectFactory                 : loaded 4 times (x 75B)
Class com.android.sdklib.repository.generated.repository.v1.package-info              : loaded 4 times (x 70B)
Class com.android.sdklib.repository.meta.DetailsTypes$PlatformDetailsType             : loaded 4 times (x 70B)
Class com.android.build.gradle.internal.FileExistsValueSource$Inject_                 : loaded 4 times (x 109B)
Class com.android.build.gradle.internal.DependencyConfigurator$registerTransform$1    : loaded 4 times (x 75B)
Class com.android.build.gradle.internal.VariantTaskManager$createReportTasks$signingReportComponents$2: loaded 4 times (x 78B)
Class com.android.build.gradle.internal.SdkLocator$SdkLocationSource$TEST_SDK_DIRECTORY: loaded 4 times (x 80B)
Class com.android.build.gradle.internal.testing.TestData                              : loaded 4 times (x 70B)
Class com.android.build.gradle.internal.scope.InternalArtifactType$OPTIMIZED_PROCESSED_RES: loaded 4 times (x 74B)
Class com.android.build.gradle.internal.tasks.AnchorTaskNames                         : loaded 4 times (x 71B)
Class com.android.build.gradle.internal.tasks.BundleToStandaloneApkTask$CreationAction: loaded 4 times (x 90B)
Class com.android.build.api.variant.AndroidTestBuilder                                : loaded 4 times (x 70B)
Class com.android.build.gradle.internal.tasks.StripDebugSymbolsTask$CreationAction$handleProvider$1: loaded 4 times (x 127B)
Class com.android.build.gradle.internal.scope.InternalMultipleArtifactType$DEX        : loaded 4 times (x 74B)
Class com.android.build.gradle.internal.tasks.MergeNativeLibsTask                     : loaded 4 times (x 345B)
Class com.android.build.gradle.internal.res.LinkAndroidResForBundleTask$CreationAction: loaded 4 times (x 93B)
Class com.android.build.gradle.internal.tasks.CheckAarMetadataTask                    : loaded 4 times (x 345B)
Class com.android.build.gradle.internal.TaskManager$MergeType                         : loaded 4 times (x 80B)
Class com.android.build.api.artifact.Artifact$ContainsMany                            : loaded 4 times (x 70B)
Class com.android.build.gradle.internal.tasks.ExtractProfilerNativeDependenciesTask$CreationAction: loaded 4 times (x 90B)
Class com.android.build.api.component.impl.ComponentImpl$compileClasspath$2           : loaded 4 times (x 79B)
Class com.android.build.api.variant.AndroidTest                                       : loaded 4 times (x 70B)
Class com.android.build.gradle.internal.scope.TaskContainer                           : loaded 4 times (x 70B)
Class com.sun.xml.bind.v2.runtime.InternalBridge                                      : loaded 4 times (x 87B)
Class com.android.build.gradle.internal.tasks.ParseIntegrityConfigTask                : loaded 4 times (x 335B)
Class com.android.build.gradle.internal.tasks.BundleToStandaloneApkTask$CreationAction$handleProvider$2: loaded 4 times (x 75B)
Class com.android.build.gradle.internal.tasks.MergeNativeDebugMetadataTask$CreationAction$handleProvider$1: loaded 4 times (x 127B)
Class com.android.build.api.variant.impl.FileBasedFileEntry$asFile$1                  : loaded 4 times (x 75B)
Class com.android.build.api.variant.impl.SourcesImpl$aidl$2                           : loaded 4 times (x 79B)
Class com.android.build.gradle.internal.test.AbstractTestDataImpl$testDirectories$1$1 : loaded 4 times (x 79B)
Class com.android.tools.build.jetifier.processor.transform.proguard.ProGuardClassSpecParser$bodyReplacers$7: loaded 4 times (x 79B)
Class com.android.build.gradle.internal.dsl.VariantOutputFactory                      : loaded 4 times (x 73B)
Class com.android.build.gradle.internal.scope.InternalArtifactType$RENDERSCRIPT_HEADERS: loaded 4 times (x 74B)
Class com.android.build.gradle.internal.SdkComponentsBuildService$VersionedSdkLoader$buildToolInfoProvider$1: loaded 4 times (x 75B)
Class com.sun.xml.bind.v2.util.QNameMap$Entry                                         : loaded 4 times (x 72B)
Class com.android.build.gradle.internal.component.features.BuildConfigCreationConfig  : loaded 4 times (x 70B)
Class javax.xml.bind.annotation.XmlElement$DEFAULT                                    : loaded 4 times (x 71B)
Class com.android.build.api.variant.BuildConfigField                                  : loaded 4 times (x 72B)
Class [Ljavax.xml.bind.annotation.adapters.XmlJavaTypeAdapter;                        : loaded 4 times (x 69B)
Class com.android.build.gradle.internal.core.dsl.NestedComponentDslInfo               : loaded 4 times (x 70B)
Class [Lcom.android.builder.dexing.DexingType;                                        : loaded 4 times (x 69B)
Class com.android.build.api.component.impl.ComponentImpl$computeLocalPackagedJars$1   : loaded 4 times (x 80B)
Class com.android.build.gradle.internal.scope.InternalArtifactType$METADATA_APPLICATION_ID: loaded 4 times (x 74B)
Class com.android.build.gradle.internal.tasks.factory.features.AndroidResourcesTaskCreationActionImpl: loaded 4 times (x 75B)
Class com.android.build.gradle.internal.tasks.ProcessJavaResTask$CreationAction$handleProvider$1: loaded 4 times (x 127B)
Class com.android.build.api.variant.impl.ResourcesApkPackagingImpl                    : loaded 4 times (x 80B)
Class com.android.build.gradle.internal.ide.dependencies.LibraryCacheImpl$WhenMappings: loaded 4 times (x 71B)
Class com.android.build.api.component.impl.DefaultSourcesProviderImpl$getBaselineProfiles$1: loaded 4 times (x 127B)
Class javax.xml.bind.helpers.DefaultValidationEventHandler                            : loaded 4 times (x 75B)
Class com.sun.xml.bind.v2.runtime.unmarshaller.Scope                                  : loaded 4 times (x 72B)
Class com.android.build.gradle.internal.ide.dependencies.LibraryCacheImpl$getAttributeMap$1: loaded 4 times (x 79B)
Class com.sun.xml.bind.v2.model.impl.RuntimeBuiltinLeafInfoImpl$2                     : loaded 4 times (x 136B)
Class com.android.build.gradle.internal.res.LinkApplicationAndroidResourcesTask_Decorated: loaded 4 times (x 473B)
Class com.android.tools.r8.startup.StartupProfileBuilder                              : loaded 4 times (x 70B)
Class com.google.common.base.Verify                                                   : loaded 4 times (x 71B)
Class com.android.build.api.component.impl.ComponentUtils                             : loaded 4 times (x 71B)
Class com.sun.xml.bind.v2.runtime.unmarshaller.SAXConnector$TagNameImpl               : loaded 4 times (x 75B)
Class javax.xml.bind.annotation.XmlAccessorOrder                                      : loaded 4 times (x 70B)
Class javax.xml.bind.JAXBElement                                                      : loaded 4 times (x 81B)
Class com.android.build.gradle.internal.SdkLocator$SdkLocationSource$LOCAL_ANDROID_DIR: loaded 4 times (x 80B)
Class com.android.repository.api.Downloader                                           : loaded 4 times (x 70B)
Class com.android.build.gradle.internal.scope.InternalArtifactType$UNIT_TEST_CODE_COVERAGE: loaded 4 times (x 74B)
Class com.android.build.api.variant.impl.FileEntry                                    : loaded 4 times (x 70B)
Class com.android.build.gradle.internal.tasks.PerModuleReportDependenciesTask         : loaded 4 times (x 338B)
Class com.android.build.gradle.internal.scope.InternalArtifactType$DEX_ARCHIVE_INPUT_JAR_HASHES: loaded 4 times (x 74B)
Class com.sun.xml.bind.v2.model.core.Element                                          : loaded 4 times (x 70B)
Class com.android.build.gradle.internal.feature.BundleAllClasses                      : loaded 4 times (x 336B)
Class com.android.build.api.variant.impl.JniLibsPackagingImpl                         : loaded 4 times (x 80B)
Class com.android.build.gradle.internal.tasks.MergeNativeLibsTask$CreationAction$handleProvider$1: loaded 4 times (x 127B)
Class com.android.build.gradle.internal.ide.dependencies.LibraryUtils                 : loaded 4 times (x 71B)
Class com.android.build.gradle.tasks.ProcessMultiApkApplicationManifest$CreationAction$handleProvider$1: loaded 4 times (x 127B)
Class com.android.build.api.variant.impl.ApplicationVariantBuilderImpl                : loaded 4 times (x 204B)
Class com.android.build.gradle.internal.core.dsl.impl.ConsumableComponentDslInfoImpl$optimizationDslInfo$2: loaded 4 times (x 79B)
Class com.android.build.gradle.internal.publishing.VariantPublishingInfo              : loaded 4 times (x 72B)
Class com.android.build.gradle.internal.VariantTaskManager$createAnchorAssembleTasks$3: loaded 4 times (x 75B)
Class javax.xml.bind.annotation.XmlElementDecl$GLOBAL                                 : loaded 4 times (x 71B)
Class com.android.sdklib.repository.generated.sysimg.v1.SysImgDetailsType             : loaded 4 times (x 139B)
Class com.sun.xml.bind.v2.runtime.property.ArrayERProperty                            : loaded 4 times (x 104B)
Class com.sun.xml.bind.v2.runtime.CompositeStructureBeanInfo                          : loaded 4 times (x 98B)
Class com.android.build.gradle.internal.scope.InternalArtifactType$ANDROID_TEST_LINT_MODEL: loaded 4 times (x 74B)
Class com.android.build.gradle.internal.SdkDirectLoadingStrategy$DirectLoadComponents : loaded 4 times (x 72B)
Class com.android.tools.r8.ProgramResource$Kind                                       : loaded 4 times (x 79B)
Class com.android.build.gradle.internal.scope.BuildArtifactSpec                       : loaded 4 times (x 72B)
Class com.android.builder.model.v2.models.ProjectGraph                                : loaded 4 times (x 70B)
Class com.android.repository.impl.generated.v1.PatchType                              : loaded 4 times (x 87B)
Class com.android.build.gradle.internal.ide.v2.VersionsImpl                           : loaded 4 times (x 76B)
Class com.sun.xml.bind.v2.runtime.reflect.Accessor$ReadOnlyFieldReflection            : loaded 4 times (x 85B)
Class com.android.builder.sdk.LicenceNotAcceptedException                             : loaded 4 times (x 82B)
Class javax.xml.bind.annotation.XmlSchema                                             : loaded 4 times (x 70B)
Class com.android.repository.api.LocalPackage                                         : loaded 4 times (x 70B)
Class com.android.repository.impl.generated.v1.DependencyType                         : loaded 4 times (x 81B)
Class com.android.repository.impl.generated.v2.PatchesType                            : loaded 4 times (x 75B)
Class com.sun.xml.bind.v2.runtime.property.TagAndType                                 : loaded 4 times (x 72B)
Class com.sun.xml.bind.v2.model.impl.RuntimeReferencePropertyInfoImpl                 : loaded 4 times (x 141B)
Class com.android.build.gradle.internal.ide.dependencies.FullDependencyGraphBuilderKt : loaded 4 times (x 71B)
Class com.android.build.api.attributes.ProductFlavorAttr$Companion                    : loaded 4 times (x 71B)
Class com.android.build.gradle.internal.ide.v2.LibraryImpl$Companion                  : loaded 4 times (x 71B)
Class com.sun.xml.bind.v2.model.core.AttributePropertyInfo                            : loaded 4 times (x 70B)
Class javax.xml.bind.Binder                                                           : loaded 4 times (x 85B)
Class javax.xml.bind.JAXBContext                                                      : loaded 4 times (x 78B)
Class com.google.common.base.CharMatcher$JavaLetter                                   : loaded 4 times (x 111B)
Class com.android.build.gradle.internal.ide.dependencies.LibraryCacheImpl$getAttributeMap$2: loaded 4 times (x 79B)
Class com.android.build.gradle.internal.ide.dependencies.LibraryCacheImpl$getLibraryInfo$1: loaded 4 times (x 79B)
Class com.android.build.gradle.internal.profile.WorkerProfilingRecord                 : loaded 4 times (x 72B)
Class com.android.tools.r8.graph.c1                                                   : loaded 4 times (x 184B)
Class com.sun.xml.bind.v2.runtime.reflect.PrimitiveArrayListerCharacter               : loaded 4 times (x 76B)
Class com.sun.xml.bind.v2.runtime.reflect.Lister$IDREFS                               : loaded 4 times (x 77B)
Class com.sun.xml.bind.v2.model.impl.FieldPropertySeed                                : loaded 4 times (x 90B)
Class com.sun.xml.bind.v2.model.core.TypeRef                                          : loaded 4 times (x 70B)
Class com.sun.xml.bind.v2.model.annotation.Quick                                      : loaded 4 times (x 88B)
Class com.sun.xml.bind.v2.runtime.ArrayBeanInfoImpl                                   : loaded 4 times (x 89B)
Class com.android.repository.impl.generated.v1.LicenseRefType                         : loaded 4 times (x 77B)
Class com.android.build.gradle.internal.scope.BuildArtifactType$JAVAC_CLASSES         : loaded 4 times (x 74B)
Class com.android.build.gradle.internal.scope.InternalArtifactType$LINT_MODEL_METADATA: loaded 4 times (x 74B)
Class com.android.build.gradle.internal.scope.InternalArtifactType$LIBRARY_JNI        : loaded 4 times (x 74B)
Class [Lcom.android.repository.Revision$PreviewComparison;                            : loaded 4 times (x 69B)
Class com.android.builder.sdk.SdkLibData                                              : loaded 4 times (x 77B)
Class com.android.build.gradle.internal.dependency.AndroidXDependencySubstitution     : loaded 4 times (x 71B)
Class com.android.build.gradle.internal.SdkComponentsBuildService$sdkSourceSet$2      : loaded 4 times (x 79B)
Class com.android.build.gradle.internal.test.AbstractTestDataImpl$flavorName$1        : loaded 4 times (x 79B)
Class com.android.build.gradle.internal.scope.InternalArtifactType$VALIDATE_SIGNING_CONFIG: loaded 4 times (x 74B)
Class com.android.build.gradle.internal.tasks.MergeNativeLibsTask$CreationAction$handleProvider$2: loaded 4 times (x 127B)
Class com.android.build.api.artifact.impl.OperationRequestsImplKt$toCreate$1          : loaded 4 times (x 75B)
Class com.android.build.gradle.internal.scope.InternalArtifactType$MERGED_RES_INCREMENTAL_FOLDER: loaded 4 times (x 74B)
Class com.android.build.gradle.internal.tasks.ApplicationIdWriterTask$CreationAction$handleProvider$1: loaded 4 times (x 127B)
Class com.android.build.gradle.internal.SdkComponentsBuildService$VersionedSdkLoader$buildToolsRevisionProvider$1: loaded 4 times (x 75B)
Class com.android.build.api.variant.impl.VariantImpl$nativeBuildCreationConfig$2      : loaded 4 times (x 79B)
Class com.android.builder.model.v2.models.Versions$Companion                          : loaded 4 times (x 71B)
Class com.android.build.gradle.internal.scope.InternalArtifactType$CONSUMER_PROGUARD_DIR: loaded 4 times (x 74B)
Class com.android.build.gradle.internal.scope.ArtifactPublishingUtil$publishArtifactToConfiguration$1$1: loaded 4 times (x 75B)
Class com.android.build.gradle.internal.VariantTaskManager$addBindingDependenciesIfNecessary$dataBindingEnabled$1: loaded 4 times (x 80B)
Class com.android.build.gradle.internal.utils.DesugarLibUtils$getDesugarLibConfigFromTransform$1: loaded 4 times (x 74B)
Class com.android.build.gradle.internal.dependency.ExtractAarTransform$Inject_1       : loaded 4 times (x 109B)
Class com.android.build.gradle.internal.DependencyConfigurator$configureGeneralTransforms$2: loaded 4 times (x 79B)
Class com.android.build.gradle.internal.scope.InternalArtifactType$EXTRACTED_APKS     : loaded 4 times (x 74B)
Class com.android.build.gradle.internal.scope.InternalArtifactType$MERGED_ART_PROFILE : loaded 4 times (x 74B)
Class com.android.build.gradle.tasks.PackageApplication                               : loaded 4 times (x 375B)
Class com.android.build.gradle.internal.tasks.SigningReportTask                       : loaded 4 times (x 322B)
Class com.android.build.gradle.internal.core.dsl.impl.ApplicationVariantDslInfoImpl   : loaded 4 times (x 198B)
Class com.android.build.gradle.internal.core.MergedJavaCompileOptions                 : loaded 4 times (x 83B)
Class com.android.build.gradle.internal.core.PostProcessingOptions                    : loaded 4 times (x 70B)
Class com.android.build.gradle.internal.variant.BaseVariantData$DiscoverableFilterType$ABI: loaded 4 times (x 80B)
Class com.android.build.gradle.internal.scope.InternalArtifactType$COMPATIBLE_SCREEN_MANIFEST: loaded 4 times (x 74B)
Class com.android.build.gradle.tasks.ProcessManifestForMetadataFeatureTask            : loaded 4 times (x 337B)
Class com.android.build.gradle.tasks.MapSourceSetPathsTask$CreateAction               : loaded 4 times (x 93B)
Class com.android.build.gradle.internal.tasks.ListingFileRedirectTask$CreationAction$handleProvider$1: loaded 4 times (x 127B)
Class com.android.build.api.component.impl.ComponentImpl$instrumentationCreationConfig$2: loaded 4 times (x 79B)
Class com.android.build.api.variant.LifecycleTasks                                    : loaded 4 times (x 70B)
Class com.android.build.api.variant.ResValue$Key                                      : loaded 4 times (x 70B)
Class com.android.build.gradle.internal.variant.VariantPathHelper$baseName$2          : loaded 4 times (x 79B)
Class com.android.build.gradle.internal.res.LinkApplicationAndroidResourcesTask$CreationAction: loaded 4 times (x 96B)
Class com.android.build.api.instrumentation.InstrumentationScope                      : loaded 4 times (x 79B)
Class com.android.build.gradle.internal.core.dsl.impl.DslInfoCommonKt$initTestApplicationId$2: loaded 4 times (x 74B)
Class com.android.build.gradle.internal.TestFixturesTaskManager                       : loaded 4 times (x 82B)
Class com.android.build.gradle.internal.dsl.PrivacySandboxImpl                        : loaded 4 times (x 78B)
Class com.android.build.gradle.internal.tasks.CheckManifest$CreationAction$handleProvider$1: loaded 4 times (x 127B)
Class com.android.build.gradle.internal.tasks.DexFileDependenciesTask$CreationAction  : loaded 4 times (x 93B)
Class com.android.build.gradle.tasks.MergeSourceSetFolders$CreationAction             : loaded 4 times (x 91B)
Class com.android.build.gradle.internal.ide.dependencies.LibraryCacheImpl$getAttributeMap$3: loaded 4 times (x 78B)
Class com.android.build.gradle.internal.ide.dependencies.Graph                        : loaded 4 times (x 71B)
Class com.android.build.gradle.tasks.ProcessApplicationManifest$CreationAction$handleProvider$1: loaded 4 times (x 127B)
Class com.sun.xml.bind.v2.runtime.reflect.PrimitiveArrayListerByte                    : loaded 4 times (x 76B)
Class com.sun.xml.bind.v2.runtime.property.SingleReferenceNodeProperty$1              : loaded 4 times (x 85B)
Class com.sun.xml.bind.v2.runtime.unmarshaller.XsiNilLoader                           : loaded 4 times (x 80B)
Class javax.xml.bind.MarshalException                                                 : loaded 4 times (x 85B)
Class com.android.repository.impl.generated.v2.RemotePackage                          : loaded 4 times (x 157B)
Class com.android.repository.api.RepoManager                                          : loaded 4 times (x 91B)
Class javax.xml.bind.annotation.XmlNsForm                                             : loaded 4 times (x 79B)
Class com.android.build.gradle.internal.SdkComponentsBuildService$VersionedSdkLoader$apiVersionsFile$1: loaded 4 times (x 75B)
Class com.android.build.gradle.internal.utils.D8BackportedMethodsGenerator$Parameters_Decorated: loaded 4 times (x 144B)
Class com.android.build.gradle.internal.PropertiesValueSource$Params                  : loaded 4 times (x 70B)
Class com.android.build.api.component.impl.DefaultSourcesProviderImpl$defaultResSources$1: loaded 4 times (x 78B)
Class com.android.build.api.variant.SourceDirectories$Layered                         : loaded 4 times (x 70B)
Class com.android.build.gradle.tasks.ProcessAndroidResources                          : loaded 4 times (x 338B)
Class com.android.build.gradle.internal.TaskManager$createDependencyStreams$1         : loaded 4 times (x 79B)
Class com.android.build.gradle.internal.tasks.BundleReportDependenciesTask$CreationAction: loaded 4 times (x 90B)
Class com.android.build.gradle.internal.tasks.BundleToApkTask$CreationAction          : loaded 4 times (x 90B)
Class com.android.build.gradle.internal.tasks.PerModuleBundleTask$CreationAction      : loaded 4 times (x 90B)
Class com.android.build.gradle.internal.tasks.AppMetadataTask                         : loaded 4 times (x 337B)
Class com.android.build.api.artifact.impl.OperationRequestsImplKt$toCreate$2          : loaded 4 times (x 75B)
Class com.android.build.gradle.internal.scope.InternalArtifactType$BASE_MODULE_METADATA: loaded 4 times (x 74B)
Class com.android.build.gradle.internal.dependency.VariantDependencies$computeArtifactCollection$attributesAction$1$1: loaded 4 times (x 79B)
Class com.android.build.api.component.impl.HostTestImpl                               : loaded 4 times (x 437B)
Class com.android.build.api.variant.impl.SourcesImpl                                  : loaded 4 times (x 120B)
Class com.android.build.api.variant.impl.AndroidResourcesImpl                         : loaded 4 times (x 84B)
Class com.android.build.api.variant.impl.ResourcesPackagingImpl$pickFirsts$1          : loaded 4 times (x 75B)
Class com.android.build.gradle.internal.scope.InternalArtifactType$RUNTIME_APP_CLASSES_JAR: loaded 4 times (x 74B)
Class com.android.build.api.artifact.impl.InternalScopedArtifact$FINAL_TRANSFORMED_CLASSES: loaded 4 times (x 74B)
Class com.android.build.gradle.internal.tasks.DexArchiveBuilderTask$CreationAction$handleProvider$7: loaded 4 times (x 127B)
Class com.android.build.api.variant.impl.SigningConfigImpl$enableV1Signing$1          : loaded 4 times (x 75B)
Class com.android.build.gradle.tasks.PackageAndroidArtifact$Companion                 : loaded 4 times (x 71B)
Class com.android.build.gradle.internal.tasks.MergeArtProfileTask$CreationAction$handleProvider$1: loaded 4 times (x 127B)
Class com.android.build.gradle.internal.tasks.BundleToStandaloneApkTask$CreationAction$handleProvider$1: loaded 4 times (x 127B)
Class com.android.build.api.variant.SourceDirectories$Flat                            : loaded 4 times (x 70B)
Class com.android.tools.build.jetifier.core.PackageMap$Companion                      : loaded 4 times (x 71B)
Class com.android.tools.build.jetifier.core.pom.DependencyVersionsMap$Companion       : loaded 4 times (x 71B)
Class com.android.tools.build.jetifier.processor.transform.proguard.ProGuardClassSpecParser$bodyReplacers$6: loaded 4 times (x 79B)
Class com.android.build.gradle.internal.dependency.ExtractProGuardRulesTransform$Inject_1: loaded 4 times (x 109B)
Class com.android.build.gradle.internal.publishing.VariantPublishingSpecImpl          : loaded 4 times (x 77B)
Class com.android.build.gradle.internal.cxx.logging.ThreadLoggingEnvironment$Companion: loaded 4 times (x 71B)
Class com.android.build.gradle.internal.scope.InternalArtifactType$UNIT_TEST_LINT_MODEL: loaded 4 times (x 74B)
Class com.android.build.api.instrumentation.FramesComputationMode                     : loaded 4 times (x 79B)
Class com.sun.xml.bind.v2.model.impl.RuntimeBuiltinLeafInfoImpl$1                     : loaded 4 times (x 76B)
Class com.android.sdklib.repository.generated.common.v1.ApiDetailsType                : loaded 4 times (x 107B)
Class com.sun.xml.bind.v2.model.impl.ERPropertyInfoImpl                               : loaded 4 times (x 108B)
Class com.android.build.gradle.internal.scope.InternalArtifactType$RUNTIME_LIBRARY_CLASSES_DIR: loaded 4 times (x 74B)
Class com.android.repository.impl.meta.RepoPackageImpl$UsesLicense                    : loaded 4 times (x 73B)
Class com.sun.xml.bind.v2.model.runtime.RuntimeLeafInfo                               : loaded 4 times (x 70B)
Class javax.xml.bind.annotation.XmlElement                                            : loaded 4 times (x 70B)
Class com.android.sdklib.repository.generated.repository.v1.SourceDetailsType         : loaded 4 times (x 114B)
Class javax.xml.bind.annotation.XmlIDREF                                              : loaded 4 times (x 70B)
Class javax.xml.bind.annotation.XmlSchemaTypes                                        : loaded 4 times (x 70B)
Class com.sun.xml.bind.v2.runtime.property.ValueProperty                              : loaded 4 times (x 102B)
Class javax.xml.bind.JAXBElement$GlobalScope                                          : loaded 4 times (x 71B)
Class com.sun.xml.bind.v2.runtime.unmarshaller.ChildLoader                            : loaded 4 times (x 72B)
Class com.android.build.api.variant.DependenciesInfo                                  : loaded 4 times (x 70B)
Class com.android.build.gradle.internal.VariantManager$getFlavorSelection$2           : loaded 4 times (x 79B)
Class com.android.build.api.variant.impl.GlobalVariantBuilderConfigImpl               : loaded 4 times (x 77B)
Class com.android.build.gradle.internal.plugins.DslContainerProvider$lock$6           : loaded 4 times (x 75B)
Class com.android.build.gradle.internal.dsl.CommonExtensionImpl$dataBinding$1         : loaded 4 times (x 75B)
Class com.sun.xml.bind.v2.model.impl.ElementPropertyInfoImpl$1                        : loaded 4 times (x 200B)
Class [Lcom.android.buildanalyzer.common.TaskCategory;                                : loaded 4 times (x 69B)
Class com.android.build.gradle.internal.ide.v2.ModelBuilder$DimensionInformation$Companion: loaded 4 times (x 71B)
Class com.android.repository.impl.generated.generic.v1.GenericDetailsType             : loaded 4 times (x 76B)
Class com.sun.xml.bind.v2.model.impl.ClassInfoImpl$PropertySorter                     : loaded 4 times (x 152B)
Class com.android.sdklib.repository.generated.common.v2.ObjectFactory                 : loaded 4 times (x 75B)
Class com.android.sdklib.repository.generated.addon.v3.ObjectFactory                  : loaded 4 times (x 80B)
Class com.android.build.gradle.internal.SdkFullLoadingStrategy                        : loaded 4 times (x 72B)
Class com.android.build.gradle.internal.dependency.AndroidXDependencySubstitution$replaceOldSupportLibraries$1: loaded 4 times (x 75B)
Class com.android.tools.build.jetifier.processor.transform.Transformer                : loaded 4 times (x 70B)
Class javax.xml.bind.annotation.adapters.XmlJavaTypeAdapter$DEFAULT                   : loaded 4 times (x 71B)
Class com.google.common.collect.AbstractMapBasedMultimap$KeySet                       : loaded 4 times (x 137B)
Class com.sun.xml.bind.v2.model.impl.DummyPropertyInfo                                : loaded 4 times (x 70B)
Class com.android.build.gradle.internal.tasks.PerModuleReportDependenciesTask$CreationAction: loaded 4 times (x 90B)
Class com.android.build.api.artifact.impl.OperationRequestsImplKt$toAppend$1          : loaded 4 times (x 75B)
Class com.android.ide.common.gradle.Version$Companion$ParseState                      : loaded 4 times (x 70B)
Class com.android.build.gradle.internal.res.ParseLibraryResourcesTask$CreateAction    : loaded 4 times (x 90B)
Class com.android.build.gradle.internal.tasks.ApplicationIdWriterTask$CreationAction  : loaded 4 times (x 90B)
Class com.android.build.gradle.internal.tasks.ApkZipPackagingTask$CreationAction      : loaded 4 times (x 90B)
Class com.android.build.gradle.internal.feature.BundleAllClasses$CreationAction       : loaded 4 times (x 90B)
Class com.android.build.gradle.internal.component.AarCreationConfig                   : loaded 4 times (x 70B)
Class com.android.build.gradle.internal.dsl.DensitySplitOptions                       : loaded 4 times (x 100B)
Class com.sun.xml.bind.v2.runtime.property.ArrayElementLeafProperty                   : loaded 4 times (x 105B)
Class com.android.build.gradle.internal.ide.v2.SourceSetContainerImpl$Companion       : loaded 4 times (x 71B)
Class com.sun.xml.bind.v2.model.impl.MapPropertyInfoImpl                              : loaded 4 times (x 119B)
Class com.android.build.gradle.internal.testFixtures.TestFixturesUtil                 : loaded 4 times (x 71B)
Class com.android.build.gradle.internal.ide.v2.ProjectSyncIssuesImpl                  : loaded 4 times (x 75B)
Class com.android.build.gradle.internal.ide.dependencies.StringCache                  : loaded 4 times (x 70B)
Class com.sun.xml.bind.v2.model.impl.RuntimeMapPropertyInfoImpl                       : loaded 4 times (x 137B)
Class com.sun.xml.bind.v2.model.impl.AttributePropertyInfoImpl                        : loaded 4 times (x 124B)
Class com.android.tools.r8.threading.a                                                : loaded 4 times (x 71B)
Class com.android.build.gradle.internal.core.dsl.impl.features.OptimizationDslInfoImpl: loaded 4 times (x 98B)
Class com.android.build.api.component.impl.TestFixturesImpl                           : loaded 4 times (x 364B)
Class com.android.build.api.component.impl.LifecycleTasksImpl                         : loaded 4 times (x 76B)
Class com.android.build.gradle.internal.dependency.VariantDependencies$computeArtifactCollection$1: loaded 4 times (x 78B)
Class com.android.build.gradle.internal.tasks.ModuleMetadataWriterTask                : loaded 4 times (x 342B)
Class com.android.build.api.component.impl.OldVariantApiLegacySupportImpl$manifestPlaceholdersDslInfo$2: loaded 4 times (x 79B)
Class com.android.build.gradle.tasks.MapSourceSetPathsTask                            : loaded 4 times (x 346B)
Class com.android.build.gradle.internal.tasks.DexMergingTask                          : loaded 4 times (x 345B)
Class com.android.build.gradle.internal.tasks.SigningConfigVersionsWriterTask$CreationAction: loaded 4 times (x 90B)
Class com.android.build.gradle.internal.scope.BootClasspathBuilder$CacheKey           : loaded 4 times (x 72B)
Class com.android.build.gradle.internal.tasks.ExtractApksTask$CreationAction$handleProvider$2: loaded 4 times (x 127B)
Class com.android.build.gradle.internal.tasks.ClasspathComparisonTask                 : loaded 4 times (x 336B)
Class com.android.build.gradle.internal.component.TestVariantCreationConfig           : loaded 4 times (x 70B)
Class com.android.build.gradle.internal.plugins.BasePlugin$createAndroidTasks$3       : loaded 4 times (x 79B)
Class com.android.tools.build.jetifier.processor.transform.proguard.ProGuardClassSpecParser: loaded 4 times (x 72B)
Class com.android.build.gradle.internal.dependency.AarTransform$Parameters$Inject_    : loaded 4 times (x 114B)
Class com.android.ide.common.gradle.Version                                           : loaded 4 times (x 75B)
Class com.android.build.gradle.internal.dependency.IdentityTransform                  : loaded 4 times (x 78B)
Class com.android.tools.r8.dex.a                                                      : loaded 4 times (x 72B)
Class com.android.tools.r8.threading.ThreadingModule                                  : loaded 4 times (x 70B)
Class com.android.sdklib.repository.meta.DetailsTypes$SysImgDetailsType               : loaded 4 times (x 70B)
Class com.android.tools.r8.graph.y1                                                   : loaded 4 times (x 175B)
Class com.android.build.gradle.internal.utils.DesugarLibUtils$getD8DesugarMethodFileFromTransform$1: loaded 4 times (x 74B)
Class com.android.build.gradle.internal.scope.InternalArtifactType$RENDERSCRIPT_GENERATED_RES: loaded 4 times (x 74B)
Class com.android.build.api.component.impl.DeviceTestImpl$signingConfig$2             : loaded 4 times (x 79B)
Class com.android.build.gradle.internal.EmulatorComponents                            : loaded 4 times (x 72B)
Class com.sun.xml.bind.v2.runtime.reflect.TransducedAccessor$CompositeContextDependentTransducedAccessorImpl: loaded 4 times (x 79B)
Class javax.xml.bind.annotation.adapters.XmlAdapter                                   : loaded 4 times (x 73B)
Class com.sun.xml.bind.v2.runtime.reflect.Accessor                                    : loaded 4 times (x 85B)
Class com.sun.xml.bind.v2.model.impl.RuntimeAttributePropertyInfoImpl                 : loaded 4 times (x 144B)
Class javax.xml.bind.annotation.XmlType$DEFAULT                                       : loaded 4 times (x 71B)
Class com.sun.xml.bind.api.AccessorException                                          : loaded 4 times (x 82B)
Class com.android.build.gradle.internal.SdkLocation                                   : loaded 4 times (x 72B)
Class com.android.build.gradle.internal.api.UnitTestVariantImpl_Decorated             : loaded 4 times (x 264B)
Class com.android.build.gradle.internal.scope.GradleAwareFilterData                   : loaded 4 times (x 70B)
Class com.android.build.gradle.internal.dependency.AarResourcesCompilerTransform$Parameters_Decorated: loaded 4 times (x 134B)
Class com.android.build.gradle.internal.dependency.AarResourcesCompilerTransform$Parameters: loaded 4 times (x 70B)
Class com.android.tools.build.jetifier.processor.transform.proguard.ProGuardTypesMapper$Companion: loaded 4 times (x 71B)
Class com.android.build.gradle.internal.tasks.featuresplit.FeatureSplitUtils          : loaded 4 times (x 71B)
Class com.android.build.api.artifact.impl.OperationRequestsImplKt$toAppend$2          : loaded 4 times (x 75B)
Class com.android.build.api.artifact.impl.InternalScopedArtifact                      : loaded 4 times (x 74B)
Class com.android.build.gradle.internal.tasks.MergeNativeLibsTask$CreationAction      : loaded 4 times (x 90B)
Class com.android.build.gradle.internal.core.dsl.impl.SigningConfigResolver           : loaded 4 times (x 72B)
Class com.android.build.gradle.internal.component.features.ResValuesCreationConfig    : loaded 4 times (x 70B)
Class com.sun.xml.bind.v2.runtime.RuntimeUtil                                         : loaded 4 times (x 71B)
Class com.sun.xml.bind.v2.model.core.ValuePropertyInfo                                : loaded 4 times (x 70B)
Class com.android.repository.impl.meta.Archive$PatchType                              : loaded 4 times (x 81B)
Class com.sun.xml.bind.v2.runtime.property.SingleMapNodeProperty$2                    : loaded 4 times (x 78B)
Class javax.xml.bind.helpers.AbstractUnmarshallerImpl                                 : loaded 4 times (x 130B)
Class com.android.sdklib.repository.targets.PlatformTarget                            : loaded 4 times (x 129B)
Class com.android.tools.r8.graph.z                                                    : loaded 4 times (x 112B)
Class com.android.build.gradle.internal.attributes.VariantAttr$Companion              : loaded 4 times (x 71B)
Class com.android.build.gradle.internal.variant.VariantPathHelper$Companion           : loaded 4 times (x 71B)
Class com.android.build.api.component.impl.ComponentImpl$androidResourcesCreationConfig$2: loaded 4 times (x 79B)
Class com.android.build.gradle.internal.core.dsl.impl.ApplicationVariantDslInfoImpl$computeVersionNameSuffix$2: loaded 4 times (x 78B)
Class com.android.build.api.component.impl.DeviceTestImpl$instrumentationRunnerArguments$2: loaded 4 times (x 79B)
Class com.android.build.gradle.internal.dependency.ProvidedClasspathSubtractor$getFileCollection$1: loaded 4 times (x 75B)
Class com.android.build.api.variant.impl.JniLibsPackagingImpl$keepDebugSymbols$1      : loaded 4 times (x 75B)
Class com.android.build.api.component.impl.DeviceTestImpl$renderscript$2              : loaded 4 times (x 79B)
Class com.android.tools.r8.shaking.i                                                  : loaded 4 times (x 138B)
Class com.android.tools.r8.position.Position                                          : loaded 4 times (x 70B)
Class com.android.build.gradle.internal.tasks.DexMergingAction                        : loaded 4 times (x 79B)
Class com.android.tools.build.jetifier.processor.transform.pom.PomScanner$Companion   : loaded 4 times (x 71B)
Class com.android.tools.build.jetifier.processor.TransformationResult                 : loaded 4 times (x 72B)
Class com.android.build.gradle.internal.tasks.ApplicationTaskManager$doCreateTasksForVariant$r8DexStartupOptimizationEnabled$1: loaded 4 times (x 74B)
Class com.android.build.gradle.internal.tasks.BundleToApkTask                         : loaded 4 times (x 337B)
Class com.android.build.gradle.internal.tasks.MergeNativeDebugMetadataTask            : loaded 4 times (x 335B)
Class com.android.build.gradle.internal.tasks.ExtractVersionControlInfoTask$CreationAction: loaded 4 times (x 90B)
Class com.android.build.gradle.internal.tasks.CheckJetifierTask$CreationAction        : loaded 4 times (x 90B)
Class com.android.build.gradle.internal.cxx.logging.ThreadLoggingEnvironment          : loaded 4 times (x 82B)
Class com.android.build.gradle.internal.services.VariantServicesImpl$fileTreeFactory$1: loaded 4 times (x 79B)
Class com.android.build.api.artifact.impl.MultipleArtifactContainer                   : loaded 4 times (x 75B)
Class org.objectweb.asm.commons.FieldRemapper                                         : loaded 4 times (x 79B)
Class com.android.build.gradle.internal.tasks.DexArchiveBuilderTask$CreationAction$handleProvider$6: loaded 4 times (x 127B)
Class com.android.tools.build.jetifier.core.pom.PomRewriteRule$Companion              : loaded 4 times (x 71B)
Class com.android.build.gradle.internal.ide.v2.AaptOptionsImpl                        : loaded 4 times (x 75B)
Class com.android.build.gradle.internal.dependency.MockableJarTransform               : loaded 4 times (x 78B)
Class com.android.build.gradle.internal.tasks.factory.BootClasspathConfigImpl$mockableJarArtifact$2$attributes$1: loaded 4 times (x 75B)
Class com.android.build.api.variant.impl.MultiOutputHandlerImplBase                   : loaded 4 times (x 95B)
Class com.android.tools.r8.dex.b                                                      : loaded 4 times (x 70B)
Class com.sun.xml.bind.v2.runtime.property.Utils$1                                    : loaded 4 times (x 77B)
Class com.android.build.gradle.internal.tasks.SdkDependencyDataGeneratorTask$CreationAction$handleProvider$2: loaded 4 times (x 127B)
Class com.android.build.gradle.internal.tasks.BuildAnalyzer                           : loaded 4 times (x 70B)
Class com.sun.xml.bind.v2.runtime.reflect.Lister$1                                    : loaded 4 times (x 76B)
Class com.sun.xml.bind.v2.model.nav.ReflectionNavigator$1                             : loaded 4 times (x 81B)
Class com.sun.xml.bind.v2.util.TypeCast                                               : loaded 4 times (x 71B)
Class com.android.repository.impl.meta.TypeDetails$GenericType                        : loaded 4 times (x 70B)
Class com.android.repository.impl.generated.v1.ArchiveType                            : loaded 4 times (x 96B)
Class com.android.build.gradle.internal.SdkDirectLoadingStrategy$components$2         : loaded 4 times (x 79B)
Class com.android.build.gradle.internal.DependencyConfigurator$Companion              : loaded 4 times (x 71B)
Class com.android.build.gradle.internal.SdkLibDataFactory$Environment$SystemProperty  : loaded 4 times (x 79B)
Class com.android.build.gradle.internal.scope.InternalArtifactType$GLOBAL_SYNTHETICS_FILE_LIB: loaded 4 times (x 74B)
Class com.android.build.api.artifact.SingleArtifact$APK_FROM_BUNDLE                   : loaded 4 times (x 74B)
Class com.android.build.gradle.internal.scope.InternalArtifactType$BINARY_ART_PROFILE : loaded 4 times (x 74B)
Class com.android.build.gradle.internal.tasks.ApplicationTaskManager$createBundleTask$1: loaded 4 times (x 75B)
Class com.android.build.gradle.internal.feature.BundleAllClasses$CreationAction$handleProvider$1: loaded 4 times (x 127B)
Class com.android.build.gradle.internal.res.ParseLibraryResourcesTask$CreateAction$handleProvider$1: loaded 4 times (x 127B)
Class com.android.build.gradle.internal.tasks.ValidateResourcesTask$CreateAction$handleProvider$1: loaded 4 times (x 127B)
Class com.android.build.api.component.impl.features.NativeBuildCreationConfigImpl$externalNativeBuild$2: loaded 4 times (x 79B)
Class [Lcom.android.build.VariantOutput$FilterType;                                   : loaded 4 times (x 69B)
Class com.android.build.api.variant.impl.ApplicationVariantImpl$androidResources$2    : loaded 4 times (x 79B)
Class com.android.build.gradle.internal.utils.DesugarLibUtils$registerDesugarLibConfigExtractorTransformIfAbsent$1: loaded 4 times (x 74B)
Class com.android.build.gradle.internal.dependency.DexingRegistration$ComponentSpecificParameters$Companion: loaded 4 times (x 71B)
Class com.android.build.gradle.internal.core.dsl.impl.features.OptimizationDslInfoImpl$mergeOptions$1: loaded 4 times (x 78B)
Class com.android.tools.build.jetifier.core.utils.LogConsumer                         : loaded 4 times (x 70B)
Class com.android.build.gradle.internal.dependency.DesugarGraph                       : loaded 4 times (x 75B)
Class com.android.tools.build.jetifier.processor.transform.proguard.ProGuardTypesMapper: loaded 4 times (x 72B)
Class com.android.tools.build.jetifier.processor.transform.proguard.ProGuardClassSpecParser$bodyReplacers$5: loaded 4 times (x 79B)
Class com.android.sdklib.repository.generated.addon.v2.package-info                   : loaded 4 times (x 70B)
Class com.android.repository.api.License                                              : loaded 4 times (x 85B)
Class com.sun.xml.bind.v2.model.annotation.LocatableAnnotation                        : loaded 4 times (x 85B)
Class com.sun.xml.bind.v2.runtime.property.AttributeProperty                          : loaded 4 times (x 105B)
Class com.sun.xml.bind.v2.runtime.reflect.NullSafeAccessor                            : loaded 4 times (x 85B)
Class com.sun.xml.bind.v2.runtime.reflect.PrimitiveArrayListerShort                   : loaded 4 times (x 76B)
Class com.sun.xml.bind.v2.model.impl.TypeInfoImpl                                     : loaded 4 times (x 85B)
Class com.sun.xml.bind.v2.runtime.JAXBContextImpl$1                                   : loaded 4 times (x 78B)
Class com.android.build.gradle.internal.ide.v2.VariantImpl$Companion                  : loaded 4 times (x 71B)
Class com.android.sdklib.repository.legacy.remote.internal.DownloadCache$Strategy     : loaded 4 times (x 79B)
Class com.android.build.gradle.internal.dependency.ModelArtifactCompatibilityRule     : loaded 4 times (x 76B)
Class org.objectweb.asm.commons.MethodRemapper                                        : loaded 4 times (x 107B)
Class com.android.build.FilterData                                                    : loaded 4 times (x 70B)
Class com.android.build.gradle.tasks.ExternalNativeBuildTask                          : loaded 4 times (x 335B)
Class com.android.build.gradle.internal.api.AndroidArtifactVariantImpl                : loaded 4 times (x 230B)
Class com.android.build.gradle.internal.dependency.JetifyTransform$Parameters_Decorated: loaded 4 times (x 135B)
Class com.android.tools.build.jetifier.core.pom.DependencyVersionsMap                 : loaded 4 times (x 72B)
Class com.android.build.api.variant.impl.DirectoryEntry                               : loaded 4 times (x 70B)
Class [Lcom.android.build.api.variant.impl.SourceType;                                : loaded 4 times (x 69B)
Class com.android.build.gradle.internal.tasks.FinalizeBundleTask$CreationAction       : loaded 4 times (x 90B)
Class com.android.build.gradle.internal.scope.InternalArtifactType$EXTERNAL_LIBS_DEX_ARCHIVE: loaded 4 times (x 74B)
Class com.android.build.gradle.internal.core.dsl.impl.AndroidTestComponentDslInfoImpl$instrumentedTestDelegate$2: loaded 4 times (x 79B)
Class com.android.build.api.component.impl.DeviceTestImpl$buildConfigFields$2         : loaded 4 times (x 79B)
Class [Lcom.android.build.gradle.internal.dependency.AdditionalArtifactType;          : loaded 4 times (x 69B)
Class com.android.build.gradle.internal.dependency.ProvidedClasspathSubtractor        : loaded 4 times (x 72B)
Class com.android.tools.build.jetifier.processor.archive.Archive                      : loaded 4 times (x 88B)
Class com.android.build.gradle.internal.scope.BuildArtifactType                       : loaded 4 times (x 74B)
Class [Lcom.android.build.gradle.internal.SdkType;                                    : loaded 4 times (x 69B)
Class com.android.build.gradle.internal.ide.v2.SigningConfigImpl                      : loaded 4 times (x 84B)
Class com.android.build.gradle.tasks.PackageApplication$CreationAction                : loaded 4 times (x 92B)
Class [Lcom.android.build.gradle.internal.SdkLocator$SdkLocationSource;               : loaded 4 times (x 69B)
Class com.android.tools.r8.dex.c                                                      : loaded 4 times (x 75B)
Class com.android.build.gradle.internal.scope.InternalArtifactType$BINARY_ART_PROFILE_METADATA: loaded 4 times (x 74B)
Class com.sun.xml.bind.v2.runtime.reflect.DefaultTransducedAccessor                   : loaded 4 times (x 79B)
Class com.sun.xml.bind.v2.runtime.reflect.Lister$2                                    : loaded 4 times (x 77B)
Class javax.xml.bind.annotation.XmlAccessorType                                       : loaded 4 times (x 70B)
Class com.sun.xml.bind.v2.model.annotation.XmlTransientQuick                          : loaded 4 times (x 90B)
Class com.sun.xml.bind.v2.model.nav.ReflectionNavigator$2                             : loaded 4 times (x 81B)
Class com.sun.xml.bind.v2.model.impl.EnumLeafInfoImpl                                 : loaded 4 times (x 128B)
Class javax.xml.bind.ServiceLoaderUtil$ExceptionHandler                               : loaded 4 times (x 72B)
Class com.android.build.gradle.internal.publishing.AppVariantSpecBuilder              : loaded 4 times (x 90B)
Class com.android.build.gradle.internal.dependency.DexingOutputSplitTransform$Parameters_Decorated: loaded 4 times (x 135B)
Class com.android.build.gradle.internal.dependency.DexingOutputSplitTransform$Parameters: loaded 4 times (x 70B)
Class com.android.sdklib.repository.generated.sysimg.v3.ObjectFactory                 : loaded 4 times (x 75B)
Class com.android.build.gradle.internal.tasks.ApplicationTaskManager$createBundleTask$2: loaded 4 times (x 75B)
Class com.android.build.api.artifact.impl.TypedStorageProvider$getArtifact$2$1        : loaded 4 times (x 79B)
Class com.android.build.gradle.tasks.JavaPreCompileTask$CreationAction                : loaded 4 times (x 90B)
Class com.android.build.gradle.internal.publishing.AndroidArtifacts                   : loaded 4 times (x 71B)
Class com.android.build.gradle.internal.dependency.ConstraintHandler$checkConfigurationAlignments$1: loaded 4 times (x 75B)
Class com.android.build.gradle.internal.core.dsl.impl.features.OptimizationDslInfoImpl$mergeOptions$2: loaded 4 times (x 78B)
Class com.android.build.gradle.internal.tasks.ParseIntegrityConfigTask$CreationAction$handleProvider$1: loaded 4 times (x 127B)
Class com.android.build.gradle.internal.tasks.ExtractApksTask$CreationAction$handleProvider$1: loaded 4 times (x 127B)
Class com.android.build.gradle.tasks.ProcessTestManifest$CreationAction               : loaded 4 times (x 90B)
Class com.android.tools.build.jetifier.processor.transform.resource.XmlResourcesTransformer: loaded 4 times (x 77B)
Class com.android.build.gradle.internal.scope.InternalArtifactType$LINT_MODEL         : loaded 4 times (x 74B)
Class com.android.repository.io.FileOpUtils                                           : loaded 4 times (x 71B)
Class [Lcom.android.build.gradle.internal.SdkLocator$PropertyLocation;                : loaded 4 times (x 69B)
Class com.android.build.gradle.internal.PlatformToolsComponents                       : loaded 4 times (x 72B)
Class com.android.sdklib.repository.generated.common.v2.LibraryType                   : loaded 4 times (x 90B)
Class com.android.build.gradle.internal.SupportToolsComponents                        : loaded 4 times (x 72B)
Class com.sun.xml.bind.v2.model.core.EnumLeafInfo                                     : loaded 4 times (x 70B)
Class com.android.repository.impl.generated.v1.RepositoryType                         : loaded 4 times (x 86B)
Class javax.xml.bind.annotation.XmlList                                               : loaded 4 times (x 70B)
Class com.sun.xml.bind.v2.runtime.property.SingleMapNodeProperty$1                    : loaded 4 times (x 78B)
Class com.android.repository.impl.generated.v2.LicenseType                            : loaded 4 times (x 87B)
Class com.android.build.gradle.internal.TaskManager$AbstractPreBuildCreationAction    : loaded 4 times (x 91B)
Class com.sun.xml.bind.v2.model.runtime.RuntimeElement                                : loaded 4 times (x 70B)
Class javax.xml.bind.annotation.XmlElementRefs                                        : loaded 4 times (x 70B)
Class com.android.sdklib.repository.generated.repository.v1.PlatformDetailsType       : loaded 4 times (x 120B)
Class com.android.build.gradle.tasks.JavaCompileOptionsForRoom                        : loaded 4 times (x 75B)
Class com.android.tools.r8.profile.art.ArtProfileBuilder                              : loaded 4 times (x 70B)
Class com.android.build.gradle.internal.ide.dependencies.ArtifactUtils                : loaded 4 times (x 71B)
Class org.objectweb.asm.commons.Remapper                                              : loaded 4 times (x 89B)
Class com.sun.xml.bind.v2.model.impl.RuntimeModelBuilder$IDTransducerImpl             : loaded 4 times (x 88B)
Class com.android.build.gradle.internal.TaskManager$createCompileAnchorTask$1         : loaded 4 times (x 74B)
Class com.sun.xml.bind.v2.runtime.reflect.ListIterator                                : loaded 4 times (x 70B)
Class com.android.build.gradle.internal.tasks.DexArchiveBuilderTask$CreationAction    : loaded 4 times (x 93B)
Class com.android.build.gradle.internal.ide.v2.BasicAndroidProjectImpl                : loaded 4 times (x 84B)
Class com.sun.xml.bind.v2.runtime.unmarshaller.Patcher                                : loaded 4 times (x 70B)
Class com.sun.xml.bind.v2.model.nav.ReflectionNavigator$3                             : loaded 4 times (x 77B)
Class com.sun.xml.bind.v2.model.annotation.XmlValueQuick                              : loaded 4 times (x 90B)
Class com.sun.istack.Pool                                                             : loaded 4 times (x 70B)
Class com.android.repository.impl.generated.v2.ArchivesType                           : loaded 4 times (x 75B)
Class com.android.build.gradle.internal.FileExistsValueSource$Params                  : loaded 4 times (x 70B)
Class com.android.repository.Revision$PreviewComparison                               : loaded 4 times (x 79B)
Class com.android.build.gradle.internal.ide.FilterDataImpl                            : loaded 4 times (x 80B)
Class com.android.build.gradle.internal.dependency.AarToClassTransform$Companion      : loaded 4 times (x 71B)
Class com.android.tools.build.jetifier.core.type.JavaType                             : loaded 4 times (x 72B)
Class com.android.build.gradle.internal.scope.InternalArtifactType$ANALYZE_DEPENDENCIES_REPORT: loaded 4 times (x 74B)
Class com.android.build.gradle.internal.ide.v2.ProjectInfoImpl$toKeyComponent$$inlined$sortedBy$1: loaded 4 times (x 89B)
Class com.android.build.gradle.internal.tasks.ExtractVersionControlInfoTask$CreationAction$handleProvider$1: loaded 4 times (x 127B)
Class com.android.build.gradle.internal.tasks.PackageBundleTask$CreationAction$handleProvider$1: loaded 4 times (x 127B)
Class com.android.build.gradle.internal.tasks.DexFileDependenciesTask$CreationAction$handleProvider$1: loaded 4 times (x 127B)
Class com.android.build.gradle.internal.scope.InternalArtifactType$SYMBOL_LIST_WITH_PACKAGE_NAME: loaded 4 times (x 74B)
Class com.android.build.gradle.internal.scope.InternalArtifactType$MERGED_MANIFESTS   : loaded 4 times (x 74B)
Class com.android.build.gradle.internal.ide.v2.LibraryInfoImpl$Companion              : loaded 4 times (x 71B)
Class com.android.build.gradle.internal.core.dsl.impl.features.AndroidResourcesDslInfoImpl: loaded 4 times (x 81B)
Class com.android.build.api.component.impl.DeviceTestImpl$dexing$2                    : loaded 4 times (x 79B)
Class com.android.build.api.dsl.PostProcessing                                        : loaded 4 times (x 70B)
Class com.android.build.gradle.internal.tasks.DexArchiveBuilderTask$CreationAction$handleProvider$5: loaded 4 times (x 78B)
Class com.android.build.gradle.internal.scope.InternalArtifactType$NATIVE_DEBUG_METADATA: loaded 4 times (x 74B)
Class com.android.build.gradle.internal.tasks.InstallVariantTask$CreationAction       : loaded 4 times (x 91B)
Class com.android.build.gradle.internal.tasks.UninstallTask$CreationAction            : loaded 4 times (x 91B)
Class com.android.build.gradle.internal.tasks.SdkDependencyDataGeneratorTask$CreationAction$handleProvider$1: loaded 4 times (x 127B)
Class com.android.tools.build.jetifier.processor.transform.proguard.ProGuardClassSpecParser$bodyReplacers$4: loaded 4 times (x 79B)
Class com.android.build.gradle.internal.dependency.CollectResourceSymbolsTransform    : loaded 4 times (x 78B)
Class com.android.ide.common.caching.CreatingCache$ValueState                         : loaded 4 times (x 72B)
Class com.android.build.gradle.internal.ide.v2.ViewBindingOptionsImpl                 : loaded 4 times (x 74B)
Class com.android.build.gradle.internal.dependency.RecalculateStackFramesTransform$Companion: loaded 4 times (x 71B)
Class com.android.build.gradle.internal.utils.D8BackportedMethodsGenerator$Inject_1   : loaded 4 times (x 109B)
Class com.android.build.gradle.internal.publishing.VariantSpecBuilderImpl             : loaded 4 times (x 90B)
Class com.android.build.gradle.internal.ide.dependencies.GraphEdgeCacheImpl$getEdge$1$1: loaded 4 times (x 79B)
Class com.android.build.gradle.internal.SdkLocator$SdkLocationSource$LOCAL_SDK_DIR    : loaded 4 times (x 80B)
Class com.android.sdklib.repository.generated.common.v2.package-info                  : loaded 4 times (x 70B)
Class com.android.repository.impl.generated.v2.ChannelType                            : loaded 4 times (x 83B)
Class com.android.build.api.artifact.impl.ArtifactTransformationRequestImpl           : loaded 4 times (x 76B)
Class com.android.build.api.artifact.Artifact$Multiple                                : loaded 4 times (x 74B)
Class com.android.build.gradle.internal.ide.dependencies.LibraryCacheImpl$getLibrary$1$1: loaded 4 times (x 79B)
Class com.android.build.gradle.internal.ide.dependencies.LibraryServiceImpl           : loaded 4 times (x 76B)
Class com.android.build.api.artifact.Artifact$Appendable                              : loaded 4 times (x 70B)
Class com.android.ide.common.gradle.Version$Companion$ParseState$EMPTY                : loaded 4 times (x 74B)
Class com.android.build.gradle.internal.core.dsl.impl.VariantDslInfoImpl$namespace$1  : loaded 4 times (x 75B)
Class com.android.build.api.variant.impl.ApplicationAndroidResourcesBuilderImpl       : loaded 4 times (x 75B)
Class com.android.build.gradle.internal.ide.dependencies.LibraryService               : loaded 4 times (x 70B)
Class com.android.build.gradle.options.ProjectOptionService$Params$Inject_            : loaded 4 times (x 106B)
Class com.android.build.gradle.internal.cxx.configure.NativeModelBuilderOutcome$Builder: loaded 4 times (x 322B)
Class com.android.build.gradle.internal.cxx.configure.NativeModelBuilderOutcome$1     : loaded 4 times (x 151B)
Class com.android.tools.r8.androidapi.f$a                                             : loaded 4 times (x 97B)
Class com.sun.xml.bind.v2.runtime.reflect.PrimitiveArrayListerBoolean                 : loaded 4 times (x 76B)
Class com.android.build.gradle.internal.res.LinkApplicationAndroidResourcesTask$CreationAction$handleProvider$2: loaded 4 times (x 127B)
Class com.android.build.api.variant.impl.ResourcesPackagingImpl$excludes$1            : loaded 4 times (x 75B)
Class com.android.build.gradle.internal.ide.v2.LibraryInfoImpl                        : loaded 4 times (x 84B)
Class com.android.repository.impl.generated.generic.v1.package-info                   : loaded 4 times (x 70B)
Class com.google.wireless.android.sdk.stats.GradleBuildProfileSpan$Builder            : loaded 4 times (x 316B)
Class com.sun.xml.bind.v2.model.core.ArrayInfo                                        : loaded 4 times (x 70B)
Class com.android.build.gradle.internal.tasks.CheckDuplicateClassesTask$CreationAction$handleProvider$1: loaded 4 times (x 127B)
Class com.android.tools.r8.ResourceShrinkerConfiguration                              : loaded 4 times (x 75B)
Class com.android.build.gradle.internal.EmulatorComponents$Companion                  : loaded 4 times (x 71B)
Class com.sun.xml.bind.v2.runtime.property.UnmarshallerChain                          : loaded 4 times (x 72B)
Class com.sun.istack.SAXException2                                                    : loaded 4 times (x 83B)
Class com.sun.xml.bind.v2.runtime.unmarshaller.TextLoader                             : loaded 4 times (x 78B)
Class com.sun.xml.bind.v2.TODO                                                        : loaded 4 times (x 71B)
Class com.sun.xml.bind.v2.model.runtime.RuntimeElementPropertyInfo                    : loaded 4 times (x 70B)
Class com.sun.xml.bind.v2.model.nav.ReflectionNavigator$4                             : loaded 4 times (x 77B)
Class com.sun.xml.bind.v2.model.impl.RuntimeBuiltinLeafInfoImpl$20                    : loaded 4 times (x 136B)
Class com.android.sdklib.repository.generated.sysimg.v2.ObjectFactory                 : loaded 4 times (x 75B)
Class com.android.build.gradle.internal.SdkComponentsBuildService$VersionedSdkLoader$additionalLibrariesProvider$1: loaded 4 times (x 75B)
Class com.android.build.gradle.internal.GradleLocalPropertiesFactory                  : loaded 4 times (x 71B)
Class com.android.build.gradle.internal.tasks.factory.BootClasspathConfigImpl$bootClasspath$2$1: loaded 4 times (x 127B)
Class com.android.tools.build.jetifier.processor.transform.TransformationContext      : loaded 4 times (x 72B)
Class com.android.build.gradle.internal.tasks.ValidateSigningTask$CreationAction      : loaded 4 times (x 90B)
Class com.android.build.api.component.impl.DefaultSourcesProviderImpl$defaultJavaSources$1: loaded 4 times (x 78B)
Class com.android.build.gradle.internal.tasks.DexFileDependenciesTask$CreationAction$handleProvider$2: loaded 4 times (x 127B)
Class com.android.build.gradle.internal.scope.InternalArtifactType$PROJECT_DEX_ARCHIVE: loaded 4 times (x 74B)
Class com.android.build.gradle.tasks.ManifestProcessorTask                            : loaded 4 times (x 339B)
Class com.android.build.api.variant.impl.SourceDirectoriesImpl                        : loaded 4 times (x 86B)
Class com.android.build.api.variant.impl.MetadataRecord                               : loaded 4 times (x 72B)
Class com.android.build.gradle.internal.component.features.AndroidResourcesCreationConfig: loaded 4 times (x 70B)
Class com.sun.xml.bind.v2.runtime.unmarshaller.ProxyLoader                            : loaded 4 times (x 78B)
Class com.android.build.gradle.internal.scope.BootClasspathBuilder$computeClasspath$1$1: loaded 4 times (x 79B)
Class com.android.buildanalyzer.common.TaskCategory                                   : loaded 4 times (x 80B)
Class com.sun.xml.bind.v2.runtime.property.Property                                   : loaded 4 times (x 70B)
Class com.android.build.gradle.internal.publishing.PublishingSpecs$VariantSpecBuilder : loaded 4 times (x 70B)
Class com.android.repository.impl.downloader.LocalFileAwareDownloader                 : loaded 4 times (x 84B)
Class com.android.sdklib.repository.generated.sysimg.v3.SysImgDetailsType             : loaded 4 times (x 138B)
Class com.android.build.gradle.internal.SdkComponentsBuildService$VersionedSdkLoader$emulatorDirectoryProvider$1: loaded 4 times (x 75B)
Class com.android.repository.impl.generated.v2.ChannelRefType                         : loaded 4 times (x 77B)
Class com.sun.xml.bind.v2.model.annotation.XmlElementDeclQuick                        : loaded 4 times (x 96B)
Class com.android.repository.api.RepositorySource                                     : loaded 4 times (x 70B)
Class com.sun.xml.bind.v2.model.impl.ClassInfoImpl$1                                  : loaded 4 times (x 71B)
Class [Lcom.sun.xml.bind.v2.model.impl.PropertyInfoImpl;                              : loaded 4 times (x 69B)
Class com.android.sdklib.repository.generated.repository.v2.PlatformDetailsType       : loaded 4 times (x 120B)
Class com.sun.xml.bind.v2.runtime.ElementBeanInfoImpl$IntercepterLoader               : loaded 4 times (x 81B)
Class javax.xml.bind.ValidationEventLocator                                           : loaded 4 times (x 70B)
Class com.sun.xml.bind.v2.runtime.reflect.Accessor$GetterOnlyReflection               : loaded 4 times (x 85B)
Class com.android.tools.r8.BackportedMethodList                                       : loaded 4 times (x 71B)
Class javax.xml.bind.annotation.XmlMixed                                              : loaded 4 times (x 70B)
Class com.android.build.gradle.internal.ide.dependencies.AdditionalArtifacts          : loaded 4 times (x 72B)
Class com.sun.xml.bind.v2.model.nav.ReflectionNavigator                               : loaded 4 times (x 123B)
Class com.sun.xml.bind.v2.model.annotation.AnnotationReader                           : loaded 4 times (x 70B)
Class com.android.build.gradle.internal.ide.dependencies.LocalJarCache                : loaded 4 times (x 70B)
Class com.android.build.api.variant.impl.ApplicationMultiOutputHandler                : loaded 4 times (x 95B)
Class com.android.build.gradle.internal.ide.dependencies.LocalJarCacheImpl$cache$1$jarFiles$1: loaded 4 times (x 74B)
Class com.android.tools.r8.synthesis.n                                                : loaded 4 times (x 81B)
Class com.android.tools.r8.graph.i2                                                   : loaded 4 times (x 181B)
Class com.android.build.gradle.internal.ide.dependencies.ArtifactUtils$resolveArtifacts$lintJars$1: loaded 4 times (x 78B)
Class com.android.build.gradle.internal.ide.v2.AndroidLibraryDataImpl$Companion       : loaded 4 times (x 71B)
Class com.android.build.gradle.internal.ide.dependencies.GraphEdgeCacheImpl           : loaded 4 times (x 75B)
Class com.android.build.gradle.internal.ide.v2.AndroidDslImpl$Companion               : loaded 4 times (x 71B)
Class com.android.repository.impl.generated.v1.LicenseType                            : loaded 4 times (x 87B)
Class com.android.build.gradle.internal.component.features.DexingCreationConfig       : loaded 4 times (x 70B)
Class com.android.sdklib.repository.generated.common.v1.LibraryType                   : loaded 4 times (x 90B)
Class com.android.build.gradle.internal.ide.v2.SourceSetContainerImpl                 : loaded 4 times (x 80B)
Class [Lcom.sun.xml.bind.v2.model.core.PropertyInfo;                                  : loaded 4 times (x 69B)
Class com.sun.xml.bind.v2.model.nav.ReflectionNavigator$5                             : loaded 4 times (x 77B)
Class com.sun.xml.bind.v2.model.impl.RuntimeBuiltinLeafInfoImpl$21                    : loaded 4 times (x 136B)
Class com.sun.xml.bind.v2.model.runtime.RuntimeTypeInfo                               : loaded 4 times (x 70B)
Class com.android.sdklib.repository.IdDisplay                                         : loaded 4 times (x 80B)
Class com.android.build.gradle.internal.scope.InternalArtifactType$SOURCE_JAR         : loaded 4 times (x 74B)
Class com.android.tools.build.jetifier.processor.transform.proguard.ProGuardClassFilterParser: loaded 4 times (x 72B)
Class com.android.tools.build.jetifier.core.config.Config                             : loaded 4 times (x 72B)
Class com.android.build.api.variant.impl.FlatSourceDirectoriesImpl                    : loaded 4 times (x 93B)
Class com.android.build.gradle.internal.scope.InternalArtifactType$COMPILE_SYMBOL_LIST: loaded 4 times (x 74B)
Class com.android.build.api.artifact.impl.InAndOutDirectoryOperationRequestImpl$Companion$initializeInput$1: loaded 4 times (x 75B)
Class com.android.build.gradle.internal.core.dsl.HostTestComponentDslInfo             : loaded 4 times (x 70B)
Class [Lcom.android.build.api.variant.VariantOutputConfiguration$OutputType;          : loaded 4 times (x 69B)
Class com.android.build.api.component.impl.AnnotationProcessorImpl                    : loaded 4 times (x 77B)
Class com.android.build.api.variant.impl.PackagingImpl                                : loaded 4 times (x 80B)
Class [Lcom.android.build.gradle.internal.profile.ProfilingMode;                      : loaded 4 times (x 69B)
Class com.android.build.api.variant.SigningConfig                                     : loaded 4 times (x 70B)
Class com.android.build.api.variant.Renderscript                                      : loaded 4 times (x 70B)
Class com.android.build.gradle.internal.dsl.LanguageSplitOptions_Decorated            : loaded 4 times (x 124B)
Class com.android.tools.r8.d                                                          : loaded 4 times (x 81B)
Class com.android.build.gradle.internal.manifest.ManifestDataProvider                 : loaded 4 times (x 70B)
Class com.sun.xml.bind.v2.runtime.property.SingleMapNodeProperty                      : loaded 4 times (x 102B)
Class com.android.build.gradle.internal.core.dsl.impl.TestedVariantDslInfoImpl        : loaded 4 times (x 151B)
Class com.android.build.gradle.internal.variant.VariantPathHelper$dirName$2           : loaded 4 times (x 79B)
Class com.android.build.api.variant.impl.DependenciesInfoBuilderImpl                  : loaded 4 times (x 90B)
Class com.android.builder.model.SyncIssue                                             : loaded 4 times (x 70B)
Class com.android.build.gradle.internal.core.dsl.impl.AndroidTestComponentDslInfoImpl$signingConfigResolver$2: loaded 4 times (x 79B)
Class com.android.build.api.component.impl.MutableMapBackedUpWithMapProperty          : loaded 4 times (x 124B)
Class com.android.build.api.artifact.impl.TaskBasedOperationImpl                      : loaded 4 times (x 84B)
Class com.android.build.gradle.internal.tasks.factory.TaskFactoryUtils$dependsOn$7    : loaded 4 times (x 75B)
Class com.android.build.gradle.internal.tasks.DexArchiveBuilderTask$CreationAction$handleProvider$4: loaded 4 times (x 78B)
Class com.android.build.gradle.internal.TaskManager$createPackagingTask$configureResourcesAndAssetsDependencies$1: loaded 4 times (x 75B)
Class com.android.build.gradle.internal.tasks.BundleIdeModelProducerTask$CreationAction: loaded 4 times (x 90B)
Class com.android.build.gradle.internal.tasks.GlobalSyntheticsMergeTask$CreationAction: loaded 4 times (x 90B)
Class com.android.build.gradle.internal.tasks.BundleReportDependenciesTask$CreationAction$handleProvider$1: loaded 4 times (x 127B)
Class com.sun.xml.bind.v2.model.runtime.RuntimeTypeRef                                : loaded 4 times (x 70B)
Class com.sun.xml.bind.v2.runtime.JAXBContextImpl$6                                   : loaded 4 times (x 91B)
Class com.android.build.gradle.internal.tasks.ValidateResourcesTask                   : loaded 4 times (x 335B)
Class com.android.build.gradle.internal.TaskManager$MergeType$PACKAGE                 : loaded 4 times (x 80B)
Class com.android.build.gradle.internal.res.LinkApplicationAndroidResourcesTask$CreationAction$handleProvider$1: loaded 4 times (x 127B)
Class com.android.build.gradle.internal.res.ParseLibraryResourcesTask                 : loaded 4 times (x 343B)
Class com.android.build.gradle.internal.tasks.ApplicationTaskManager$createDynamicBundleTask$2: loaded 4 times (x 75B)
Class com.android.build.gradle.internal.scope.InternalArtifactType$DEVICE_PROVIDER_CODE_COVERAGE: loaded 4 times (x 74B)
Class com.android.build.gradle.internal.dependency.RecalculateStackFramesTransform$Parameters_Decorated: loaded 4 times (x 138B)
Class com.android.build.gradle.internal.GradleLocalPropertiesFactory$get$propertiesContent$1: loaded 4 times (x 75B)
Class [Lcom.android.sdklib.repository.legacy.remote.internal.DownloadCache$Strategy;  : loaded 4 times (x 69B)
Class com.android.sdklib.repository.AndroidSdkHandler                                 : loaded 4 times (x 72B)
Class com.android.sdklib.repository.generated.repository.v2.LayoutlibType             : loaded 4 times (x 74B)
Class com.android.sdklib.repository.generated.addon.v1.LibrariesType                  : loaded 4 times (x 75B)
Class com.sun.xml.bind.v2.model.impl.LeafInfoImpl                                     : loaded 4 times (x 102B)
Class com.android.repository.api.ConsoleProgressIndicator                             : loaded 4 times (x 108B)
Class com.sun.xml.bind.v2.runtime.reflect.AdaptedAccessor                             : loaded 4 times (x 85B)
Class com.sun.xml.bind.v2.runtime.unmarshaller.XsiTypeLoader                          : loaded 4 times (x 78B)
Class com.sun.xml.bind.v2.runtime.unmarshaller.WildcardLoader                         : loaded 4 times (x 79B)
Class com.sun.xml.bind.v2.runtime.reflect.TransducedAccessor$IDREFTransducedAccessorImpl: loaded 4 times (x 80B)
Class com.android.builder.model.v2.ide.GraphItem                                      : loaded 4 times (x 70B)
Class com.android.tools.build.jetifier.processor.FileMapping                          : loaded 4 times (x 72B)
Class com.android.build.gradle.internal.SupportToolsComponents$Companion$build$fileExists$1: loaded 4 times (x 75B)
Class javax.xml.bind.annotation.W3CDomHandler                                         : loaded 4 times (x 85B)
Class com.android.build.gradle.internal.SdkComponentsBuildService$VersionedSdkLoader$targetAndroidVersionProvider$1: loaded 4 times (x 75B)
Class com.android.tools.r8.kotlin.c                                                   : loaded 4 times (x 72B)
Class com.android.build.gradle.internal.scope.InternalArtifactType$DATA_BINDING_BASE_CLASS_SOURCE_OUT: loaded 4 times (x 74B)
Class com.android.sdklib.repository.generated.addon.v3.ExtraDetailsType               : loaded 4 times (x 85B)
Class com.sun.xml.bind.v2.model.impl.RuntimeBuiltinLeafInfoImpl$22                    : loaded 4 times (x 136B)
Class com.sun.xml.bind.v2.model.nav.ReflectionNavigator$6                             : loaded 4 times (x 81B)
Class com.android.sdklib.BuildToolInfo$PathId                                         : loaded 4 times (x 79B)
Class com.android.build.gradle.internal.dependency.BaseDexingTransform$Parameters     : loaded 4 times (x 70B)
Class com.android.build.gradle.internal.dependency.AarToClassTransform$Inject_1       : loaded 4 times (x 109B)
Class com.android.tools.build.jetifier.core.rule.RewriteRulesMap$Companion            : loaded 4 times (x 71B)
Class com.android.build.gradle.internal.tasks.CheckJetifierTask                       : loaded 4 times (x 331B)
Class com.android.build.api.variant.ManifestFiles                                     : loaded 4 times (x 70B)
Class com.android.build.gradle.internal.tasks.GlobalSyntheticsMergeTask$CreationAction$handleProvider$1: loaded 4 times (x 127B)
Class com.android.build.gradle.internal.scope.InternalArtifactType$INTERMEDIARY_BUNDLE: loaded 4 times (x 74B)
Class com.android.build.api.variant.ResourcesPackaging                                : loaded 4 times (x 70B)
Class com.android.build.gradle.internal.tasks.SdkDependencyDataGeneratorTask          : loaded 4 times (x 336B)
Class com.android.tools.build.jetifier.processor.Processor                            : loaded 4 times (x 76B)
Class com.android.tools.build.jetifier.processor.transform.proguard.ProGuardClassSpecParser$bodyReplacers$3: loaded 4 times (x 79B)
Class com.android.build.gradle.internal.SdkLocator$SdkLocationSource$INJECTED_SDK_HOME: loaded 4 times (x 80B)
Class javax.xml.bind.annotation.XmlNs                                                 : loaded 4 times (x 70B)
Class com.sun.xml.bind.v2.model.annotation.RuntimeAnnotationReader                    : loaded 4 times (x 70B)
Class com.android.ide.common.process.ProcessException                                 : loaded 4 times (x 82B)
Class com.sun.xml.bind.v2.runtime.IllegalAnnotationsException$Builder                 : loaded 4 times (x 77B)
Class com.android.sdklib.repository.generated.repository.v2.SourceDetailsType         : loaded 4 times (x 114B)
Class com.android.build.gradle.internal.tasks.ProcessJavaResTask_Decorated            : loaded 4 times (x 637B)
Class com.sun.xml.bind.v2.runtime.reflect.PrimitiveArrayListerInteger                 : loaded 4 times (x 76B)
Class com.android.build.gradle.internal.scope.InternalArtifactType$AAR_METADATA       : loaded 4 times (x 74B)
Class com.android.tools.r8.Resource                                                   : loaded 4 times (x 70B)
Class javax.xml.bind.DatatypeConverterInterface                                       : loaded 4 times (x 70B)
Class [Lcom.android.build.gradle.internal.cxx.configure.NativeModelBuilderOutcome$Outcome;: loaded 4 times (x 69B)
Class com.android.sdklib.repository.meta.DetailsTypes$AddonDetailsType                : loaded 4 times (x 70B)
Class com.android.build.gradle.internal.dependency.RecalculateStackFramesTransform$Companion$registerRecalculateStackFramesTransform$1: loaded 4 times (x 75B)
Class com.android.build.gradle.internal.tasks.MergeJavaResourceTask$Companion         : loaded 4 times (x 71B)
Class com.android.build.gradle.internal.tasks.factory.BootClasspathConfigImpl$fullBootClasspathProvider$2$5: loaded 4 times (x 127B)
Class com.android.build.api.variant.GeneratesAar                                      : loaded 4 times (x 70B)
Class [Lcom.sun.xml.bind.v2.runtime.property.Property;                                : loaded 4 times (x 69B)
Class com.sun.xml.bind.v2.runtime.reflect.Utils                                       : loaded 4 times (x 71B)
Class com.android.build.api.variant.impl.ApplicationVariantImpl$targetSdk$2           : loaded 4 times (x 79B)
Class com.android.build.gradle.internal.variant.VariantComponentInfo                  : loaded 4 times (x 72B)
Class com.android.build.gradle.internal.core.dsl.impl.SigningConfigResolver$Companion : loaded 4 times (x 71B)
Class com.android.build.gradle.tasks.MergeResources$CreationAction                    : loaded 4 times (x 94B)
Class com.android.build.api.dsl.DependencyVariantSelection                            : loaded 4 times (x 70B)
Class com.android.build.gradle.tasks.MergeResources$CreationAction$handleProvider$1   : loaded 4 times (x 78B)
Class javax.xml.bind.annotation.XmlEnum                                               : loaded 4 times (x 70B)
Class com.sun.xml.bind.v2.runtime.JAXBContextImpl$2                                   : loaded 4 times (x 78B)
Class com.android.repository.impl.meta.RemotePackageImpl$ChannelRef                   : loaded 4 times (x 73B)
Class com.android.sdklib.repository.meta.DetailsTypes$ApiDetailsType                  : loaded 4 times (x 70B)
Class com.android.build.gradle.internal.api.ApplicationVariantImpl                    : loaded 4 times (x 262B)
Class com.android.build.gradle.internal.tasks.factory.BootClasspathConfigImpl$fullBootClasspathProvider$2$1: loaded 4 times (x 127B)
Class com.android.build.gradle.internal.dependency.DexingOutputSplitTransform         : loaded 4 times (x 78B)
Class com.android.build.gradle.internal.DependencyConfigurator$configureGeneralTransforms$4: loaded 4 times (x 75B)
Class com.android.build.gradle.internal.BuildFeaturesUtils                            : loaded 4 times (x 71B)
Class com.android.build.gradle.internal.tasks.CheckAarMetadataTask$CreationAction     : loaded 4 times (x 90B)
Class com.android.build.gradle.internal.ide.v2.BuildTypeImpl                          : loaded 4 times (x 102B)
Class com.android.build.gradle.internal.cxx.configure.ExperimentalPropertyExtensionsKt: loaded 4 times (x 71B)
Class com.android.build.gradle.internal.scope.InternalArtifactType$LOCAL_ONLY_SYMBOL_LIST: loaded 4 times (x 74B)
Class com.android.build.gradle.internal.SdkComponentsBuildService$VersionedSdkLoader  : loaded 4 times (x 72B)
Class com.android.tools.r8.kotlin.d                                                   : loaded 4 times (x 72B)
Class com.android.build.gradle.internal.SdkComponentsBuildService$Parameters$Inject_  : loaded 4 times (x 120B)
Class com.sun.xml.bind.v2.model.nav.ParameterizedTypeImpl                             : loaded 4 times (x 85B)
Class com.sun.xml.bind.v2.runtime.reflect.Accessor$GetterSetterReflection             : loaded 4 times (x 85B)
Class com.sun.xml.bind.v2.model.impl.RuntimeBuiltinLeafInfoImpl$23                    : loaded 4 times (x 136B)
Class javax.activation.DataHandler                                                    : loaded 4 times (x 92B)
Class com.sun.xml.bind.v2.model.runtime.RuntimeTypeInfoSet                            : loaded 4 times (x 70B)
Class com.sun.xml.bind.v2.model.impl.TypeInfoSetImpl                                  : loaded 4 times (x 111B)
Class javax.xml.bind.JAXBException                                                    : loaded 4 times (x 85B)
Class com.android.repository.api.RepoPackage                                          : loaded 4 times (x 70B)
Class com.android.build.gradle.internal.ide.v2.VersionImpl                            : loaded 4 times (x 77B)
Class com.android.build.gradle.internal.dependency.CollectClassesTransform$Inject_1   : loaded 4 times (x 109B)
Class com.android.build.gradle.internal.dependency.PlatformAttrTransform$Inject_1     : loaded 4 times (x 109B)
Class com.android.tools.build.jetifier.core.pom.PomRewriteRule$JsonData               : loaded 4 times (x 72B)
Class [Lcom.android.build.gradle.internal.SdkLibDataFactory$Environment$SystemProperty;: loaded 4 times (x 69B)
Class com.android.build.gradle.tasks.AnalyzeDependenciesTask$CreationAction$handleProvider$1: loaded 4 times (x 127B)
Class com.android.build.gradle.internal.test.TestDataImpl$libraryType$1               : loaded 4 times (x 79B)
Class com.android.build.api.variant.impl.ManifestFilesImpl$addSource$1                : loaded 4 times (x 75B)
Class com.android.build.gradle.internal.HostTestTaskManager                           : loaded 4 times (x 82B)
Class com.android.build.api.variant.impl.AndroidResourcesImplKt                       : loaded 4 times (x 71B)
Class com.android.build.gradle.internal.core.dsl.impl.InstrumentedTestDslInfoImpl$functionalTest$2: loaded 4 times (x 74B)
Class com.android.build.VariantOutput$FilterType                                      : loaded 4 times (x 79B)
Class com.android.build.gradle.internal.variant.VariantPathHelper$apkLocation$2       : loaded 4 times (x 79B)
Class com.android.build.api.attributes.BuildTypeAttr$ImplFactory                      : loaded 4 times (x 75B)
Class com.android.build.api.variant.AndroidResourcesBuilder                           : loaded 4 times (x 70B)
Class com.android.build.gradle.tasks.AnalyzeDependenciesTask                          : loaded 4 times (x 342B)
Class com.android.build.gradle.internal.core.dsl.impl.ConsumableComponentDslInfoImpl$renderscriptDslInfo$2: loaded 4 times (x 79B)
Class com.android.build.api.variant.TestFixtures                                      : loaded 4 times (x 70B)
Class com.android.build.api.variant.DeviceTest                                        : loaded 4 times (x 70B)
Class com.android.build.gradle.internal.core.dsl.impl.HostTestComponentDslInfoImpl$namespace$2: loaded 4 times (x 79B)
Class com.android.build.gradle.internal.utils.DesugarLibConfigExtractor               : loaded 4 times (x 78B)
Class com.android.build.gradle.internal.AndroidTestTaskManager                        : loaded 4 times (x 82B)
Class com.android.build.gradle.internal.scope.InternalArtifactType$MERGED_RES_BLAME_FOLDER: loaded 4 times (x 74B)
Class com.android.builder.errors.IssueReporter$Type                                   : loaded 4 times (x 79B)
Class com.android.build.gradle.internal.tasks.ApplicationTaskManager$createDynamicBundleTask$1: loaded 4 times (x 75B)
Class com.android.build.gradle.internal.SdkComponentsBuildService$VersionedNdkHandler : loaded 4 times (x 72B)
Class com.android.build.gradle.internal.dependency.ExtractProGuardRulesTransform$Companion: loaded 4 times (x 71B)
Class com.android.build.gradle.internal.dsl.DensitySplitOptions$AgpDecorated_Decorated: loaded 4 times (x 153B)
Class com.android.tools.build.jetifier.core.proguard.ProGuardTypesMap$expandedRules$2 : loaded 4 times (x 79B)
Class com.android.build.gradle.internal.dependency.DexingRegistration                 : loaded 4 times (x 71B)
Class com.android.build.gradle.internal.dependency.RecalculateStackFramesTransform$Companion$registerRecalculateStackFramesTransform$1$2: loaded 4 times (x 77B)
Class com.android.build.gradle.internal.publishing.LibraryVariantSpecBuilder          : loaded 4 times (x 90B)
Class com.android.build.gradle.internal.publishing.PublishingSpecs$Companion$5        : loaded 4 times (x 78B)
Class com.android.build.gradle.internal.EnvironmentVariablesPropertiesFactory         : loaded 4 times (x 71B)
Class com.android.sdklib.BuildToolInfo                                                : loaded 4 times (x 76B)
Class com.android.tools.build.jetifier.processor.transform.proguard.ProGuardClassSpecParser$replacer$4: loaded 4 times (x 79B)
Class com.android.repository.impl.generated.v1.ArchivesType                           : loaded 4 times (x 75B)
Class javax.xml.bind.annotation.XmlElementRef                                         : loaded 4 times (x 70B)
Class com.sun.xml.bind.v2.model.annotation.XmlElementRefsQuick                        : loaded 4 times (x 91B)
Class com.sun.xml.bind.v2.model.runtime.RuntimePropertyInfo                           : loaded 4 times (x 70B)
Class com.sun.xml.bind.v2.model.impl.RuntimeElementInfoImpl$RuntimePropertyImpl       : loaded 4 times (x 160B)
Class com.sun.xml.bind.v2.util.FlattenIterator                                        : loaded 4 times (x 79B)
Class com.sun.xml.bind.v2.runtime.reflect.PrimitiveArrayListerFloat                   : loaded 4 times (x 76B)
Class com.sun.xml.bind.v2.runtime.Utils$1                                             : loaded 4 times (x 77B)
Class com.android.tools.r8.DiagnosticsLevel                                           : loaded 4 times (x 79B)
Class com.android.build.gradle.internal.ide.dependencies.FullDependencyGraphBuilder$handleDependency$variantDependencies$2: loaded 4 times (x 79B)
Class com.android.repository.api.ProgressIndicatorAdapter                             : loaded 4 times (x 107B)
Class com.android.build.gradle.internal.cxx.logging.LoggingEnvironmentKt              : loaded 4 times (x 71B)
Class com.android.build.gradle.internal.ide.v2.ProductFlavorImpl                      : loaded 4 times (x 111B)
Class com.android.tools.r8.ir.desugar.desugaredlibrary.lint.DesugaredMethodsList      : loaded 4 times (x 75B)
Class com.android.tools.r8.kotlin.e                                                   : loaded 4 times (x 72B)
Class com.android.build.gradle.tasks.factory.AndroidUnitTest$CreationAction           : loaded 4 times (x 91B)
Class com.sun.xml.bind.v2.runtime.reflect.Lister                                      : loaded 4 times (x 76B)
Class com.sun.xml.bind.v2.model.core.NonElementRef                                    : loaded 4 times (x 70B)
Class com.sun.xml.bind.v2.model.impl.RegistryInfoImpl                                 : loaded 4 times (x 80B)
Class com.sun.xml.bind.v2.model.annotation.XmlAttributeQuick                          : loaded 4 times (x 93B)
Class com.sun.xml.bind.v2.model.impl.RuntimeBuiltinLeafInfoImpl$24                    : loaded 4 times (x 137B)
Class com.sun.xml.bind.Util                                                           : loaded 4 times (x 71B)
Class com.android.sdklib.repository.generated.common.v3.ObjectFactory                 : loaded 4 times (x 75B)
Class com.android.repository.api.SchemaModule                                         : loaded 4 times (x 76B)
Class [Lcom.android.sdklib.BuildToolInfo$PathId;                                      : loaded 4 times (x 69B)
Class com.android.build.gradle.internal.api.TestVariantImpl_Decorated                 : loaded 4 times (x 307B)
Class com.android.build.gradle.internal.dependency.EnumerateClassesTransform          : loaded 4 times (x 78B)
Class com.android.tools.build.jetifier.core.config.ConfigParser                       : loaded 4 times (x 71B)
Class com.android.build.api.component.impl.DefaultSourcesProviderImpl$getJniLibs$1    : loaded 4 times (x 127B)
Class com.android.build.gradle.internal.scope.InternalArtifactType$GLOBAL_SYNTHETICS_DEX: loaded 4 times (x 74B)
Class com.android.build.gradle.internal.tasks.TestPreBuildTask$CreationAction         : loaded 4 times (x 91B)
Class com.android.build.gradle.internal.publishing.ArtifactCategory                   : loaded 4 times (x 79B)
Class com.android.build.gradle.internal.core.dsl.impl.AndroidTestComponentDslInfoImpl$dexingDslInfo$2: loaded 4 times (x 79B)
Class com.android.build.api.variant.ApplicationAndroidResources                       : loaded 4 times (x 70B)
Class com.android.repository.impl.generated.v2.LicenseRefType                         : loaded 4 times (x 77B)
Class com.android.build.gradle.internal.ide.dependencies.ResolvedArtifact             : loaded 4 times (x 72B)
Class com.android.sdklib.repository.generated.addon.v2.MavenType                      : loaded 4 times (x 80B)
Class com.sun.xml.bind.v2.ClassFactory                                                : loaded 4 times (x 71B)
Class com.sun.xml.bind.DatatypeConverterImpl                                          : loaded 4 times (x 111B)
Class com.android.build.gradle.internal.component.features.ManifestPlaceholdersCreationConfig: loaded 4 times (x 70B)
Class com.android.build.api.variant.impl.VariantImpl$minSdk$2                         : loaded 4 times (x 79B)
Class com.android.sdklib.repository.legacy.remote.internal.DownloadCache              : loaded 4 times (x 77B)
Class com.android.build.gradle.internal.dependency.VariantDependencies$Companion$getComponentFilter$4: loaded 4 times (x 74B)
Class com.android.build.gradle.tasks.ProcessManifestForBundleTask$CreationAction$handleProvider$1: loaded 4 times (x 127B)
Class com.android.build.gradle.internal.tasks.MergeJavaResourceTask$CreationAction    : loaded 4 times (x 90B)
Class com.android.tools.r8.ir.desugar.desugaredlibrary.lint.DesugaredMethodsListCommand$Builder: loaded 4 times (x 83B)
Class com.android.build.gradle.internal.dsl.PrivacySandboxKeepRulesImpl               : loaded 4 times (x 88B)
Class com.android.build.gradle.internal.tasks.factory.BootClasspathConfigImpl$filteredBootClasspath$2$2: loaded 4 times (x 127B)
Class com.android.build.gradle.internal.tasks.OptimizeResourcesTask$CreateAction      : loaded 4 times (x 93B)
Class com.android.build.gradle.internal.scope.InternalArtifactType$DEX_NUMBER_OF_BUCKETS_FILE: loaded 4 times (x 74B)
Class com.android.build.gradle.internal.tasks.MergeFileTask                           : loaded 4 times (x 335B)
Class com.android.build.api.component.impl.OldVariantApiLegacySupportImpl$outputs$2   : loaded 4 times (x 79B)
Class com.android.build.gradle.internal.instrumentation.AsmClassVisitorsFactoryRegistry: loaded 4 times (x 72B)
Class com.android.build.gradle.internal.core.dsl.features.NativeBuildDslInfo          : loaded 4 times (x 70B)
Class com.android.build.api.variant.UnitTest                                          : loaded 4 times (x 70B)
Class com.android.build.gradle.internal.variant.VariantPathHelper$deploymentApkLocation$2: loaded 4 times (x 79B)
Class com.android.build.gradle.internal.DependencyConfigurator$configureGeneralTransforms$8: loaded 4 times (x 75B)
Class com.google.gson.internal.LinkedTreeMap$Node                                     : loaded 4 times (x 79B)
Class com.android.build.gradle.internal.core.dsl.impl.DslInfoBuilder$Companion        : loaded 4 times (x 71B)
Class com.android.build.api.component.impl.ComponentImpl$oldVariantApiLegacySupport$2 : loaded 4 times (x 79B)
Class com.android.build.gradle.internal.ide.v2.AaptOptionsImpl$Companion              : loaded 4 times (x 71B)
Class com.android.build.gradle.internal.tasks.DexArchiveBuilderTask$CreationAction$handleProvider$3: loaded 4 times (x 78B)
Class com.android.build.gradle.internal.ide.v2.AndroidProjectImpl$Companion           : loaded 4 times (x 71B)
Class com.android.build.gradle.internal.tasks.AppMetadataTask$CreationAction          : loaded 4 times (x 90B)
Class com.android.build.gradle.internal.dependency.SubtractingArtifactCollection$SubtractingArtifactResult: loaded 4 times (x 72B)
Class com.android.build.gradle.internal.dependency.MockableJarTransform$Parameters$Inject_: loaded 4 times (x 110B)
Class com.android.tools.r8.kotlin.f                                                   : loaded 4 times (x 72B)
Class com.android.build.api.variant.impl.VariantImpl$pseudoLocalesEnabled$2           : loaded 4 times (x 79B)
Class com.android.build.gradle.internal.core.dsl.InstrumentedTestComponentDslInfo     : loaded 4 times (x 70B)
Class com.android.build.gradle.internal.ide.v2.ApiVersionImpl$Companion               : loaded 4 times (x 71B)
Class com.android.build.api.variant.impl.LayeredSourceDirectoriesImpl$static$1        : loaded 4 times (x 74B)
Class com.android.sdklib.repository.targets.OptionalLibraryImpl                       : loaded 4 times (x 84B)
Class com.sun.xml.bind.v2.runtime.unmarshaller.DefaultIDResolver$1                    : loaded 4 times (x 76B)
Class com.sun.xml.bind.v2.runtime.reflect.Accessor$FieldReflection                    : loaded 4 times (x 85B)
Class com.sun.xml.bind.v2.model.runtime.RuntimeNonElementRef                          : loaded 4 times (x 70B)
Class com.sun.xml.bind.v2.runtime.unmarshaller.Base64Data                             : loaded 4 times (x 89B)
Class com.android.build.gradle.internal.scope.InternalArtifactType$COMPILED_LOCAL_RESOURCES: loaded 4 times (x 74B)
Class com.android.tools.build.jetifier.processor.TimestampsPolicy$Companion           : loaded 4 times (x 71B)
Class com.android.tools.build.jetifier.processor.transform.proguard.ProGuardClassSpecParser$bodyReplacers$2: loaded 4 times (x 79B)
Class com.android.build.gradle.internal.SdkLibDataFactory$Environment                 : loaded 4 times (x 72B)
Class com.android.build.gradle.internal.test.TestDataImpl                             : loaded 4 times (x 109B)
Class com.android.build.gradle.internal.tasks.BundleIdeModelProducerTask              : loaded 4 times (x 336B)
Class com.android.build.gradle.internal.dependency.AarToClassTransform$Params_Decorated: loaded 4 times (x 133B)
Class com.android.build.api.variant.ApplicationAndroidResourcesBuilder                : loaded 4 times (x 70B)
Class com.android.build.gradle.internal.core.dsl.impl.DslInfoBuilder$computeNames$1   : loaded 4 times (x 79B)
Class com.android.build.gradle.internal.tasks.factory.BootClasspathConfigImpl$filteredBootClasspath$2$5: loaded 4 times (x 127B)
Class com.android.build.gradle.internal.SdkComponentsBuildService$VersionedSdkLoader$coreLambdaStubsProvider$1: loaded 4 times (x 75B)
Class com.android.sdklib.repository.meta.DetailsTypes$AddonDetailsType$Libraries      : loaded 4 times (x 72B)
Class com.android.repository.impl.generated.v2.ObjectFactory                          : loaded 4 times (x 108B)
Class com.android.repository.impl.generated.v2.RevisionType                           : loaded 4 times (x 82B)
Class javax.xml.bind.annotation.XmlAnyElement                                         : loaded 4 times (x 70B)
Class com.android.build.gradle.internal.scope.InternalArtifactType$PUBLIC_RES         : loaded 4 times (x 74B)
Class com.android.build.gradle.internal.dependency.AndroidXDependencySubstitution$replaceOldSupportLibraries$1$1$1: loaded 4 times (x 75B)
Class com.android.build.gradle.internal.tasks.ExtractNativeDebugMetadataTask$CreationAction: loaded 4 times (x 91B)
Class com.android.build.gradle.tasks.GenerateManifestJarTask$CreationAction           : loaded 4 times (x 90B)
Class com.android.build.gradle.internal.scope.InternalArtifactType$ANNOTATION_PROCESSOR_LIST: loaded 4 times (x 74B)
Class com.android.build.gradle.internal.publishing.PublishingSpecs$Companion$1        : loaded 4 times (x 78B)
Class com.android.build.gradle.internal.dependency.GenericTransformParameters$Inject_ : loaded 4 times (x 106B)
Class [Lcom.android.ide.common.caching.CreatingCache$State;                           : loaded 4 times (x 69B)
Class com.android.build.gradle.internal.scope.InternalArtifactType$DEX_METADATA_DIRECTORY: loaded 4 times (x 74B)
Class com.android.build.gradle.internal.tasks.ApplicationTaskManager$doCreateTasksForVariant$d8DexStartupOptimizationEnabled$1: loaded 4 times (x 74B)
Class com.android.build.api.artifact.SingleArtifact$BUNDLE                            : loaded 4 times (x 74B)
Class com.android.build.api.dsl.PrivacySandboxKeepRules                               : loaded 4 times (x 70B)
Class com.android.build.api.variant.impl.JniLibsTestedApkPackagingImpl$testOnly$1     : loaded 4 times (x 75B)
Class com.android.tools.build.jetifier.processor.archive.ArchiveItemVisitor           : loaded 4 times (x 70B)
Class com.android.build.gradle.internal.dependency.RecalculateStackFramesTransform    : loaded 4 times (x 79B)
Class com.android.build.gradle.internal.dependency.RecalculateStackFramesTransform$Companion$registerRecalculateStackFramesTransform$1$1: loaded 4 times (x 75B)
Class com.android.build.gradle.internal.publishing.PublishingSpecs$Companion$4        : loaded 4 times (x 78B)
Class com.sun.xml.bind.v2.model.annotation.RuntimeInlineAnnotationReader              : loaded 4 times (x 106B)
Class com.sun.xml.bind.v2.model.annotation.XmlEnumQuick                               : loaded 4 times (x 91B)
Class javax.xml.bind.annotation.XmlType                                               : loaded 4 times (x 70B)
Class javax.xml.bind.annotation.XmlAccessType                                         : loaded 4 times (x 79B)
Class com.sun.xml.bind.v2.runtime.reflect.Utils$1                                     : loaded 4 times (x 77B)
Class [Ljavax.xml.bind.annotation.XmlElement;                                         : loaded 4 times (x 69B)
Class com.sun.xml.bind.v2.runtime.property.ArrayERProperty$ReceiverImpl               : loaded 4 times (x 75B)
Class com.android.build.gradle.internal.ide.v2.TestInfoImpl$Companion                 : loaded 4 times (x 71B)
Class com.google.common.base.VerifyException                                          : loaded 4 times (x 82B)
Class com.android.tools.r8.BackportedMethodListCommand                                : loaded 4 times (x 78B)
Class com.android.build.gradle.internal.tasks.CompressAssetsTask$CreationAction$handleProvider$1: loaded 4 times (x 127B)
Class com.android.build.api.dsl.TestExtension                                         : loaded 4 times (x 70B)
Class com.android.build.gradle.internal.dependency.AarExtractor                       : loaded 4 times (x 72B)
Class com.android.build.gradle.internal.profile.TaskProfilingRecord                   : loaded 4 times (x 75B)
Class com.android.build.gradle.internal.ide.v2.DependenciesInfoImpl                   : loaded 4 times (x 75B)
Class com.android.build.gradle.internal.ide.v2.AndroidGradlePluginProjectFlagsImpl$Companion: loaded 4 times (x 71B)
Class com.android.build.gradle.internal.tasks.factory.BootClasspathConfigImpl$mockableJarArtifact$2$1: loaded 4 times (x 75B)
Class com.android.ide.common.caching.CreatingCache$State                              : loaded 4 times (x 79B)
Class com.android.build.api.component.impl.features.AndroidResourcesCreationConfigImpl$pseudoLocalesEnabled$2: loaded 4 times (x 79B)
Class com.android.build.gradle.internal.ide.v2.BasicVariantImpl                       : loaded 4 times (x 84B)
Class [Lcom.sun.xml.bind.v2.runtime.property.StructureLoaderBuilder;                  : loaded 4 times (x 69B)
Class com.sun.xml.bind.v2.model.impl.RuntimeBuiltinLeafInfoImpl$26                    : loaded 4 times (x 136B)
Class com.sun.xml.bind.v2.model.impl.RuntimeBuiltinLeafInfoImpl$10$1                  : loaded 4 times (x 356B)
Class com.sun.xml.bind.v2.runtime.BinderImpl                                          : loaded 4 times (x 86B)
Class com.sun.xml.bind.v2.model.core.TypeInfo                                         : loaded 4 times (x 70B)
Class com.android.sdklib.repository.generated.common.v3.LibraryType                   : loaded 4 times (x 90B)
Class com.android.build.gradle.internal.PlatformComponents                            : loaded 4 times (x 72B)
Class com.android.build.gradle.internal.scope.InternalArtifactType$TEST_FIXTURES_LINT_PARTIAL_RESULTS: loaded 4 times (x 74B)
Class com.android.build.gradle.internal.utils.D8BackportedMethodsGenerator            : loaded 4 times (x 78B)
Class com.android.tools.build.jetifier.processor.transform.proguard.ProGuardClassSpecParser$bodyReplacers$10: loaded 4 times (x 79B)
Class com.android.build.gradle.internal.cxx.logging.IssueReporterLoggingEnvironmentKt : loaded 4 times (x 71B)
Class com.android.build.gradle.internal.AndroidTestTaskManager$createVariantPreBuildTask$1: loaded 4 times (x 74B)
Class com.android.build.gradle.tasks.ProcessMultiApkApplicationManifest$CreationAction: loaded 4 times (x 90B)
Class com.android.build.gradle.internal.tasks.OptimizeResourcesTask                   : loaded 4 times (x 340B)
Class com.android.build.gradle.internal.tasks.BundleToApkTask$CreationAction$handleProvider$1: loaded 4 times (x 127B)
Class com.android.build.gradle.internal.tasks.FinalizeBundleTask                      : loaded 4 times (x 336B)
Class com.android.build.gradle.tasks.ProcessApplicationManifest$CreationAction$handleProvider$2: loaded 4 times (x 127B)
Class com.android.build.gradle.internal.scope.InternalArtifactType$STABLE_RESOURCE_IDS_FILE: loaded 4 times (x 74B)
Class com.android.build.api.component.impl.features.AndroidResourcesCreationConfigImpl: loaded 4 times (x 90B)
Class com.android.build.api.variant.impl.ApplicationVariantImpl$packaging$2           : loaded 4 times (x 79B)
Class com.android.build.api.variant.impl.VariantImpl$buildConfigFields$2              : loaded 4 times (x 79B)
Class com.android.builder.model.CodeShrinker                                          : loaded 4 times (x 79B)
Class com.android.build.gradle.internal.core.dsl.features.OptimizationDslInfo         : loaded 4 times (x 70B)
Class com.android.build.gradle.internal.dsl.PostProcessingBlock_Decorated             : loaded 4 times (x 169B)
Class com.android.build.gradle.internal.cxx.configure.GradleLocalPropertiesKt         : loaded 4 times (x 71B)
Class com.android.build.gradle.internal.core.dsl.impl.ApplicationVariantDslInfoImpl$versionName$2: loaded 4 times (x 79B)
Class com.android.build.gradle.internal.core.dsl.impl.ComponentDslInfoImpl$1          : loaded 4 times (x 78B)
Class com.android.build.gradle.internal.dependency.JetifyTransform$Parameters$Inject_ : loaded 4 times (x 110B)
Class com.android.tools.r8.a                                                          : loaded 4 times (x 71B)
Class [Lcom.android.ide.common.gradle.Separator;                                      : loaded 4 times (x 69B)
Class com.android.build.gradle.tasks.MergeSourceSetFolders$MergeJniLibFoldersCreationAction: loaded 4 times (x 91B)
Class com.android.build.gradle.tasks.ProcessManifestForMetadataFeatureTask$CreationAction: loaded 4 times (x 90B)
Class com.android.build.gradle.internal.utils.DesugarConfigJson                       : loaded 4 times (x 78B)
Class com.sun.xml.bind.v2.runtime.unmarshaller.TagName                                : loaded 4 times (x 75B)
Class javax.xml.bind.PropertyException                                                : loaded 4 times (x 85B)
Class com.sun.xml.bind.v2.runtime.reflect.ListTransducedAccessorImpl                  : loaded 4 times (x 80B)
Class com.sun.xml.bind.v2.model.impl.RuntimeBuiltinLeafInfoImpl$StringImplImpl        : loaded 4 times (x 136B)
Class com.android.build.api.variant.impl.VariantOutputList$Companion                  : loaded 4 times (x 71B)
Class com.android.build.gradle.internal.scope.AndroidTestBuildFeatureValuesImpl       : loaded 4 times (x 100B)
Class com.android.build.gradle.internal.core.dsl.features.DexingDslInfo               : loaded 4 times (x 70B)
Class com.android.build.gradle.internal.component.features.ShadersCreationConfig      : loaded 4 times (x 70B)
Class com.android.build.gradle.tasks.ExtractDeepLinksTask$CreationAction              : loaded 4 times (x 93B)
Class com.android.build.gradle.tasks.ProcessApplicationManifest                       : loaded 4 times (x 363B)
Class com.android.build.gradle.internal.dependency.VariantDependencies$Companion$getComponentFilter$3: loaded 4 times (x 74B)
Class com.android.build.gradle.internal.tasks.DexArchiveBuilderTask$CreationAction$handleProvider$2: loaded 4 times (x 78B)
Class com.android.build.api.variant.impl.SigningConfigImpl$enableV2Signing$1          : loaded 4 times (x 75B)
Class com.android.build.gradle.tasks.PackageApplication$Companion                     : loaded 4 times (x 71B)
Class com.android.build.api.variant.impl.VariantBuilderImpl                           : loaded 4 times (x 134B)
Class com.android.build.api.dsl.PrivacySandboxSdkOptimization                         : loaded 4 times (x 70B)
Class com.android.build.gradle.internal.tasks.PrepareLintJarForPublish                : loaded 4 times (x 329B)
Class com.android.build.gradle.internal.VariantTaskManager$Companion                  : loaded 4 times (x 71B)
Class com.android.build.gradle.internal.component.KmpComponentCreationConfig          : loaded 4 times (x 70B)
Class com.android.build.gradle.internal.tasks.MergeGeneratedProguardFilesCreationAction$Companion: loaded 4 times (x 71B)
Class [Lcom.android.build.gradle.internal.scope.Java8LangSupport;                     : loaded 4 times (x 69B)
Class com.android.build.gradle.internal.scope.InternalArtifactType$NATIVE_SYMBOL_TABLES: loaded 4 times (x 74B)
Class com.android.build.api.variant.impl.FileBasedDirectoryEntryImpl                  : loaded 4 times (x 85B)
Class com.android.build.gradle.internal.scope.InternalArtifactType$CODE_COVERAGE      : loaded 4 times (x 74B)
Class com.android.build.gradle.internal.NdkHandlerInput                               : loaded 4 times (x 73B)
Class com.android.build.gradle.internal.dependency.LibrarySymbolTableTransform$Inject_1: loaded 4 times (x 109B)
Class com.android.build.api.variant.VariantOutputConfiguration                        : loaded 4 times (x 70B)
Class com.android.build.gradle.internal.dependency.DexingOutputSplitTransform$DexOutput: loaded 4 times (x 79B)
Class com.android.build.api.artifact.SingleArtifact$OBFUSCATION_MAPPING_FILE          : loaded 4 times (x 74B)
Class com.android.build.gradle.internal.tasks.MergeArtProfileTask                     : loaded 4 times (x 339B)
Class com.android.build.gradle.internal.ide.v2.BuildTypeImpl$Companion                : loaded 4 times (x 71B)
Class com.android.tools.r8.CompilationFailedException                                 : loaded 4 times (x 83B)
Class com.sun.xml.bind.v2.runtime.unmarshaller.SAXConnector                           : loaded 4 times (x 101B)
Class com.android.sdklib.repository.generated.common.v3.ApiDetailsType                : loaded 4 times (x 107B)
Class [Lcom.sun.xml.bind.v2.model.annotation.Locatable;                               : loaded 4 times (x 69B)
Class com.sun.xml.bind.v2.model.impl.RuntimeBuiltinLeafInfoImpl$27                    : loaded 4 times (x 136B)
Class com.android.build.gradle.internal.core.dsl.impl.ApplicationVariantDslInfoImpl$versionCode$2: loaded 4 times (x 79B)
Class com.android.repository.impl.generated.generic.v1.ObjectFactory                  : loaded 4 times (x 75B)
Class com.android.repository.impl.generated.v1.ChannelRefType                         : loaded 4 times (x 77B)
Class com.android.build.gradle.internal.SdkComponentsBuildService$VersionedSdkLoader$adbExecutableProvider$1: loaded 4 times (x 75B)
Class com.android.tools.build.jetifier.processor.transform.proguard.ProGuardClassSpecParser$bodyReplacers$11: loaded 4 times (x 79B)
Class com.android.ide.common.workers.ExecutorServiceAdapter                           : loaded 4 times (x 87B)
Class com.android.build.gradle.internal.tasks.TestPreBuildTask                        : loaded 4 times (x 336B)
Class com.android.build.gradle.internal.tasks.DexArchiveBuilderTask$CreationAction$handleProvider$10: loaded 4 times (x 78B)
Class com.android.build.gradle.internal.tasks.MergeStartupProfileTask$CreationAction$handleProvider$1: loaded 4 times (x 127B)
Class com.android.build.gradle.internal.tasks.featuresplit.FeatureSetMetadataWriterTask$CreationAction$handleProvider$1: loaded 4 times (x 127B)
Class com.android.build.gradle.tasks.PackageApplication$CreationAction$handleProvider$operationRequest$1: loaded 4 times (x 127B)
Class com.android.build.api.variant.impl.SigningConfigImpl$storeFile$1                : loaded 4 times (x 75B)
Class com.android.build.gradle.internal.tasks.factory.features.DexingTaskCreationAction: loaded 4 times (x 70B)
Class com.android.build.gradle.internal.scope.InternalArtifactType$AAPT_PROGUARD_FILE : loaded 4 times (x 74B)
Class com.android.build.gradle.internal.scope.InternalArtifactType$FEATURE_NAME       : loaded 4 times (x 74B)
Class com.android.build.gradle.internal.VariantTaskManager$createTasks$1              : loaded 4 times (x 75B)
Class com.android.build.gradle.internal.tasks.ModuleMetadataWriterTask$CreationAction : loaded 4 times (x 90B)
Class com.android.build.gradle.internal.core.dsl.impl.DslInfoCommonKt$getTestComponentNamespace$2$1: loaded 4 times (x 75B)
Class com.android.build.api.variant.impl.ApplicationVariantImpl$addVariantOutput$1    : loaded 4 times (x 75B)
Class com.android.build.api.variant.impl.VariantImpl$resValues$2                      : loaded 4 times (x 79B)
Class com.android.build.gradle.internal.component.legacy.OldVariantApiLegacySupport   : loaded 4 times (x 70B)
Class com.android.build.gradle.internal.core.dsl.impl.ComponentDslInfoImpl$2          : loaded 4 times (x 78B)
Class com.android.build.gradle.internal.attribution.CheckJetifierBuildService$RegistrationAction: loaded 4 times (x 74B)
Class com.android.tools.build.jetifier.core.proguard.ProGuardTypesMap$JsonData        : loaded 4 times (x 72B)
Class com.android.tools.build.jetifier.core.proguard.ProGuardTypesMap$Companion       : loaded 4 times (x 71B)
Class com.android.tools.build.jetifier.processor.transform.proguard.ProGuardClassSpecParser$bodyReplacers$1: loaded 4 times (x 79B)
Class com.android.build.gradle.internal.dependency.IdentityTransform$Parameters       : loaded 4 times (x 70B)
Class com.android.build.gradle.internal.publishing.PublishingSpecs$Companion$3        : loaded 4 times (x 78B)
Class com.android.build.gradle.internal.tasks.factory.BootClasspathConfigImpl$filteredBootClasspath$2$4: loaded 4 times (x 127B)
Class com.android.build.gradle.api.ApkVariantOutput                                   : loaded 4 times (x 70B)
Class com.android.sdklib.repository.generated.common.v1.IdDisplayType                 : loaded 4 times (x 83B)
Class com.sun.xml.bind.v2.model.impl.RuntimeArrayInfoImpl                             : loaded 4 times (x 107B)
Class com.android.repository.impl.meta.TypeDetails                                    : loaded 4 times (x 75B)
Class javax.xml.bind.annotation.XmlID                                                 : loaded 4 times (x 70B)
Class com.android.repository.impl.generated.v2.PatchType                              : loaded 4 times (x 88B)
Class com.sun.xml.bind.v2.runtime.unmarshaller.DefaultIDResolver                      : loaded 4 times (x 76B)
Class com.android.build.gradle.internal.scope.InternalArtifactType$GENERATED_RES      : loaded 4 times (x 74B)
Class com.android.build.gradle.internal.core.dsl.impl.ApplicationVariantDslInfoImpl$dexingDslInfo$2: loaded 4 times (x 79B)
Class com.android.build.gradle.internal.SdkComponentsBuildService$VersionedSdkLoader$coreForSystemModulesProvider$1: loaded 4 times (x 75B)
Class com.android.build.gradle.internal.PlatformToolsComponents$Companion$build$fileExists$1: loaded 4 times (x 75B)
Class com.android.build.api.variant.impl.ApkPackagingImpl                             : loaded 4 times (x 89B)
Class com.android.build.api.dsl.PrivacySandboxSdkBundle                               : loaded 4 times (x 70B)
Class com.google.wireless.android.sdk.stats.GradleBuildVariant                        : loaded 4 times (x 282B)
Class com.android.sdklib.repository.meta.Library                                      : loaded 4 times (x 89B)
Class com.android.repository.api.Channel                                              : loaded 4 times (x 81B)
Class com.sun.xml.bind.v2.model.impl.Utils                                            : loaded 4 times (x 71B)
Class javax.xml.bind.ValidationEvent                                                  : loaded 4 times (x 70B)
Class com.android.tools.r8.dex.m                                                      : loaded 4 times (x 72B)
Class com.sun.xml.bind.v2.runtime.JaxBeanInfo$1                                       : loaded 4 times (x 77B)
Class com.android.build.gradle.internal.ide.v2.BundleInfoImpl                         : loaded 4 times (x 78B)
Class com.android.build.api.variant.impl.FlatSourceDirectoriesImpl$getAsFileTreesForOldVariantAPI$1: loaded 4 times (x 75B)
Class com.android.build.gradle.internal.ide.Utils                                     : loaded 4 times (x 71B)
Class com.android.build.gradle.internal.ide.v2.GraphItemImpl                          : loaded 4 times (x 77B)
Class [Lcom.android.tools.r8.androidapi.f;                                            : loaded 4 times (x 69B)
Class com.google.wireless.android.sdk.stats.AndroidStudioEventOrBuilder               : loaded 4 times (x 70B)
Class com.android.build.api.variant.impl.VariantImpl$optimizationCreationConfig$2     : loaded 4 times (x 79B)
Class com.google.wireless.android.sdk.stats.GradleTransformExecution                  : loaded 4 times (x 201B)
Class com.android.build.gradle.internal.ide.v2.JavaCompileOptionsImpl$Companion       : loaded 4 times (x 71B)
Class com.android.build.gradle.internal.ide.v2.LintOptionsImpl                        : loaded 4 times (x 107B)
Class com.android.tools.r8.graph.f2                                                   : loaded 4 times (x 151B)
Class com.android.builder.dexing.D8DesugaredMethodsGenerator                          : loaded 4 times (x 71B)
Class com.android.tools.build.jetifier.processor.transform.pom.PomScanner             : loaded 4 times (x 72B)
Class com.sun.xml.bind.v2.runtime.unmarshaller.UnmarshallerImpl                       : loaded 4 times (x 139B)
Class com.sun.xml.bind.v2.runtime.property.StructureLoaderBuilder                     : loaded 4 times (x 70B)
Class com.android.sdklib.repository.generated.addon.v1.ExtraDetailsType               : loaded 4 times (x 85B)
Class com.sun.xml.bind.v2.model.impl.RuntimeElementPropertyInfoImpl                   : loaded 4 times (x 139B)
Class com.sun.xml.bind.v2.model.impl.RuntimeBuiltinLeafInfoImpl$28                    : loaded 4 times (x 76B)
Class [Lcom.sun.xml.bind.v2.util.QNameMap$Entry;                                      : loaded 4 times (x 69B)
Class com.sun.xml.bind.unmarshaller.InfosetScanner                                    : loaded 4 times (x 70B)
Class [Lcom.android.build.gradle.internal.scope.InternalArtifactType;                 : loaded 4 times (x 69B)
Class com.android.build.gradle.internal.scope.InternalArtifactType$PREFAB_PACKAGE_CONFIGURATION: loaded 4 times (x 74B)
Class com.android.build.gradle.internal.api.TestVariantImpl                           : loaded 4 times (x 262B)
Class com.android.tools.build.jetifier.processor.transform.proguard.ProGuardClassSpecParser$bodyReplacers$12: loaded 4 times (x 79B)
Class com.android.build.gradle.internal.SdkComponentsBuildService$sdkHandlerDelegate$1: loaded 4 times (x 79B)
Class com.android.build.gradle.internal.tasks.DexArchiveBuilderTask$CreationAction$handleProvider$11: loaded 4 times (x 78B)
Class com.android.build.gradle.tasks.PackageApplication$CreationAction$handleProvider$operationRequest$2: loaded 4 times (x 127B)
Class com.android.build.api.variant.impl.JniLibsApkPackagingImpl                      : loaded 4 times (x 86B)
Class com.android.build.api.variant.DexPackagingOptions                               : loaded 4 times (x 70B)
Class com.android.build.gradle.internal.tasks.CheckAarMetadataTask$CreationAction$handleProvider$1: loaded 4 times (x 127B)
Class com.android.build.api.artifact.SingleArtifact$ASSETS                            : loaded 4 times (x 74B)
Class com.android.build.gradle.internal.dependency.AndroidAttributes                  : loaded 4 times (x 72B)
Class com.android.build.gradle.internal.AndroidTestTaskManager$createTopLevelTasks$1  : loaded 4 times (x 74B)
Class com.android.build.gradle.internal.ide.v2.LintOptionsImpl$Companion              : loaded 4 times (x 71B)
Class com.android.build.gradle.internal.tasks.CompressAssetsTask$CreationAction       : loaded 4 times (x 90B)
Class com.android.build.api.component.impl.DeviceTestImpl$manifestPlaceholdersCreationConfig$2: loaded 4 times (x 79B)
Class com.android.build.gradle.internal.publishing.AndroidArtifacts$ArtifactType      : loaded 4 times (x 79B)
Class com.android.build.api.variant.impl.HasTestFixtures                              : loaded 4 times (x 70B)
Class com.android.build.gradle.internal.core.dsl.impl.ApplicationVariantDslInfoImpl$signingConfigResolver$2: loaded 4 times (x 79B)
Class com.android.build.gradle.internal.core.dsl.impl.DslInfoUtilsKt$computeMergedOptions$1: loaded 4 times (x 79B)
Class com.android.build.gradle.internal.ide.v2.ArtifactDependenciesAdjacencyListImpl  : loaded 4 times (x 77B)
Class com.android.build.gradle.internal.component.TestFixturesCreationConfig          : loaded 4 times (x 70B)
Class com.android.build.api.variant.impl.VariantImpl$renderscriptCreationConfig$2     : loaded 4 times (x 79B)
Class com.android.build.gradle.internal.ide.v2.ProjectInfoImpl                        : loaded 4 times (x 83B)
Class com.google.common.base.Splitter$1$1                                             : loaded 4 times (x 86B)
Class com.android.build.gradle.internal.AndroidTestTaskManager$createTopLevelTasks$4  : loaded 4 times (x 75B)
Class com.android.build.api.component.impl.features.OptimizationCreationConfigImpl$consumerProguardFilePaths$2: loaded 4 times (x 79B)
Class com.sun.xml.bind.v2.model.impl.RuntimeClassInfoImpl                             : loaded 4 times (x 162B)
Class com.android.build.gradle.internal.scope.InternalArtifactType$MANIFEST_METADATA  : loaded 4 times (x 74B)
Class com.android.build.gradle.internal.TaskManager$MergeType$MERGE                   : loaded 4 times (x 80B)
Class com.sun.xml.bind.v2.runtime.Transducer                                          : loaded 4 times (x 70B)
Class com.android.build.gradle.internal.scope.InternalArtifactType$GLOBAL_SYNTHETICS_MIXED_SCOPE: loaded 4 times (x 74B)
Class com.android.build.gradle.internal.cxx.logging.LoggingEnvironment                : loaded 4 times (x 70B)
Class com.android.tools.build.jetifier.core.proguard.ProGuardType                     : loaded 4 times (x 72B)
Class com.sun.istack.Pool$Impl                                                        : loaded 4 times (x 77B)
Class com.sun.xml.bind.v2.runtime.JAXBContextImpl$3                                   : loaded 4 times (x 74B)
Class com.android.repository.impl.generated.v2.LocalPackage                           : loaded 4 times (x 140B)
Class com.android.repository.impl.meta.PackageDisplayNameQualifier                    : loaded 4 times (x 70B)
Class com.android.build.gradle.internal.scope.ArtifactPublishingUtil$publishArtifactToConfiguration$1: loaded 4 times (x 75B)
Class com.android.build.gradle.internal.tasks.factory.BootClasspathConfigImpl$fullBootClasspathProvider$2$2: loaded 4 times (x 127B)
Class com.android.build.gradle.internal.DependencyConfigurator$configureGeneralTransforms$5: loaded 4 times (x 75B)
Class com.android.tools.build.jetifier.core.PackageMap$PackageRule                    : loaded 4 times (x 72B)
Class com.android.tools.build.jetifier.core.rule.RewriteRule$JsonData                 : loaded 4 times (x 72B)
Class com.android.build.gradle.internal.SdkComponentsBuildService$sdkDirectoryProvider$1: loaded 4 times (x 75B)
Class com.android.build.gradle.internal.tasks.FinalizeBundleTask$CreationAction$handleProvider$bundleNameProvider$1: loaded 4 times (x 75B)
Class com.android.build.gradle.internal.scope.InternalArtifactType$APP_METADATA       : loaded 4 times (x 74B)
Class com.android.build.api.variant.impl.SigningConfigImpl$enableV3Signing$1          : loaded 4 times (x 75B)
Class com.android.tools.build.jetifier.processor.transform.proguard.patterns.PatternHelper: loaded 4 times (x 71B)
Class com.android.build.gradle.internal.tasks.CheckManifest$CreationAction            : loaded 4 times (x 90B)
Class com.android.tools.build.jetifier.processor.transform.proguard.ProGuardClassSpecParser$replacer$3: loaded 4 times (x 79B)
Class com.android.build.gradle.internal.ide.v2.ProjectSyncIssuesImpl$Companion        : loaded 4 times (x 71B)
Class com.android.build.gradle.internal.ide.v2.LibraryInfoImpl$toKeyComponent$$inlined$sortedBy$1: loaded 4 times (x 89B)
Class com.android.build.gradle.internal.dependency.MockableJarTransform$Parameters    : loaded 4 times (x 70B)
Class com.android.build.gradle.internal.cxx.configure.NativeModelBuilderOutcome$Outcome: loaded 4 times (x 87B)
Class com.android.build.gradle.internal.lint.CustomLintCheckUtils                     : loaded 4 times (x 71B)
Class com.android.build.gradle.internal.utils.DesugarLibConfigExtractor$Inject_1      : loaded 4 times (x 109B)
Class org.objectweb.asm.tree.MethodNode$1                                             : loaded 4 times (x 209B)
Class com.android.tools.r8.graph.g                                                    : loaded 4 times (x 138B)
Class com.android.build.gradle.internal.scope.UnitTestBuildFeatureValuesImpl          : loaded 4 times (x 87B)
Class com.android.tools.r8.origin.PathOrigin                                          : loaded 4 times (x 82B)
Class com.android.build.gradle.internal.dependency.DexingOutputSplitTransformKt$registerTransformWithOutputType$1$1: loaded 4 times (x 75B)
Class com.sun.xml.bind.api.impl.NameConverter                                         : loaded 4 times (x 70B)
Class com.sun.xml.bind.v2.model.core.NonElement                                       : loaded 4 times (x 70B)
Class com.sun.xml.bind.v2.ContextFactory                                              : loaded 4 times (x 71B)
Class com.android.repository.impl.meta.SchemaModuleUtil                               : loaded 4 times (x 71B)
Class com.android.build.gradle.internal.errors.SyncIssueReporterImpl$GlobalSyncIssueService$Inject_: loaded 4 times (x 102B)
Class com.android.build.gradle.internal.scope.BuildArtifactType$JAVA_COMPILE_CLASSPATH: loaded 4 times (x 74B)
Class com.android.tools.build.jetifier.processor.transform.proguard.ProGuardClassSpecParser$replacer$1: loaded 4 times (x 79B)
Class com.android.build.gradle.tasks.factory.AndroidUnitTest                          : loaded 4 times (x 577B)
Class [Lcom.android.build.gradle.internal.tasks.DeviceProviderInstrumentTestTask$CreationAction$Type;: loaded 4 times (x 69B)
Class com.android.build.gradle.internal.tasks.DexArchiveBuilderTask$CreationAction$handleProvider$12: loaded 4 times (x 78B)
Class com.android.build.gradle.internal.scope.InternalArtifactType$JAVAC              : loaded 4 times (x 74B)
Class com.android.build.api.artifact.impl.OperationRequestsImplKt                     : loaded 4 times (x 71B)
Class com.android.build.gradle.internal.AndroidTestTaskManager$createTopLevelTasks$2  : loaded 4 times (x 75B)
Class com.android.build.gradle.internal.core.dsl.impl.ApplicationVariantDslInfoImpl$versionCode$2$versionCodeFromFlavors$1: loaded 4 times (x 78B)
Class com.android.build.api.component.impl.ComponentIdentityImpl                      : loaded 4 times (x 78B)
Class com.android.build.gradle.internal.core.dsl.impl.HostTestComponentDslInfoImpl    : loaded 4 times (x 128B)
Class android.databinding.tool.writer.JavaFileWriter                                  : loaded 4 times (x 74B)
Class com.android.build.gradle.tasks.ProcessMultiApkApplicationManifest               : loaded 4 times (x 345B)
Class com.android.build.gradle.internal.tasks.DexArchiveBuilderTask$CreationAction$handleProvider$1: loaded 4 times (x 78B)
Class com.android.build.gradle.internal.tasks.MergeArtProfileTask$CreationAction      : loaded 4 times (x 90B)
Class com.android.build.gradle.internal.manifest.ManifestValueSource$Params           : loaded 4 times (x 70B)
Class com.android.build.gradle.internal.AndroidTestTaskManager$createTasks$1          : loaded 4 times (x 75B)
Class com.android.build.gradle.internal.scope.InternalArtifactType$DEVICE_PROVIDER_ANDROID_TEST_ADDITIONAL_OUTPUT: loaded 4 times (x 74B)
Class com.android.tools.build.jetifier.processor.transform.resource.XmlResourcesTransformer$Companion: loaded 4 times (x 71B)
Class com.android.build.gradle.internal.services.VersionedSdkLoaderService$sam$java_util_concurrent_Callable$0: loaded 4 times (x 75B)
Class com.android.sdklib.repository.meta.SysImgFactory                                : loaded 4 times (x 72B)
Class com.android.build.gradle.internal.dsl.CommonExtensionImpl$lintOptions$2         : loaded 4 times (x 79B)
Class com.android.build.gradle.internal.dsl.PrivacySandboxSdkBundleImpl               : loaded 4 times (x 92B)
Class com.android.build.gradle.internal.core.dsl.impl.ComponentDslInfoImpl            : loaded 4 times (x 120B)
Class com.android.build.gradle.internal.core.MergedOptimization                       : loaded 4 times (x 76B)
Class com.android.repository.impl.meta.RepoPackageImpl$Archives                       : loaded 4 times (x 72B)
Class com.android.build.api.attributes.AgpVersionAttr$Companion                       : loaded 4 times (x 71B)
Class com.android.build.gradle.internal.scope.MutableTaskContainer                    : loaded 4 times (x 96B)
Class com.android.build.gradle.internal.variant.TestVariantData                       : loaded 4 times (x 72B)
Class javax.xml.bind.ModuleUtil                                                       : loaded 4 times (x 71B)
Class com.sun.xml.bind.v2.model.core.MapPropertyInfo                                  : loaded 4 times (x 70B)
Class com.android.build.gradle.internal.scope.InternalArtifactType$APK_IDE_MODEL      : loaded 4 times (x 74B)
Class com.android.build.gradle.tasks.ProcessApplicationManifest$CreationAction$handleProvider$3: loaded 4 times (x 127B)
Class com.android.build.api.variant.impl.SigningConfigImpl$storeType$1                : loaded 4 times (x 75B)
Class com.android.build.gradle.internal.SdkLocationSourceSet                          : loaded 4 times (x 72B)
Class com.google.gson.internal.LinkedTreeMap$EntrySet$1                               : loaded 4 times (x 81B)
Class com.android.build.gradle.internal.services.Aapt2Input                           : loaded 4 times (x 70B)
Class com.android.build.gradle.internal.dependency.ClassesDirToClassesTransform$Inject_1: loaded 4 times (x 109B)
Class com.android.build.gradle.internal.publishing.PublishingSpecs$Companion$2        : loaded 4 times (x 78B)
Class com.sun.xml.bind.AccessorFactoryImpl                                            : loaded 4 times (x 81B)
Class com.android.build.gradle.internal.scope.InternalArtifactType$ANDROID_TEST_LINT_PARTIAL_RESULTS: loaded 4 times (x 74B)
Class com.android.build.gradle.internal.scope.InternalArtifactType$DATA_BINDING_ARTIFACT: loaded 4 times (x 74B)
Class com.android.build.gradle.internal.DependencyConfigurator$configureGeneralTransforms$9: loaded 4 times (x 79B)
Class com.android.tools.build.jetifier.processor.archive.ArchiveFile                  : loaded 4 times (x 88B)
Class com.android.build.api.dsl.FailureRetention                                      : loaded 4 times (x 70B)
Class com.android.tools.r8.graph.h                                                    : loaded 4 times (x 109B)
Class com.android.build.gradle.internal.SystemPropertiesFactory                       : loaded 4 times (x 71B)
Class javax.xml.bind.JAXBContextFactory                                               : loaded 4 times (x 70B)
Class com.android.build.gradle.tasks.JavaCompileKt                                    : loaded 4 times (x 71B)
Class com.sun.xml.bind.v2.runtime.unmarshaller.UnmarshallingContext$DefaultRootLoader : loaded 4 times (x 80B)
Class com.sun.xml.bind.v2.runtime.reflect.PrimitiveArrayListerLong                    : loaded 4 times (x 76B)
Class com.sun.xml.bind.v2.model.core.ClassInfo                                        : loaded 4 times (x 70B)
Class com.android.repository.impl.generated.v1.package-info                           : loaded 4 times (x 70B)
Class com.android.build.gradle.internal.tasks.UnsafeOutputsTask                       : loaded 4 times (x 333B)
Class com.android.build.gradle.internal.dependency.RecalculateStackFramesTransform$Inject_1: loaded 4 times (x 110B)
Class com.android.tools.build.jetifier.processor.transform.proguard.ProGuardClassSpecParser$replacer$2: loaded 4 times (x 79B)
Class com.android.tools.build.jetifier.processor.Processor$Companion                  : loaded 4 times (x 71B)
Class com.android.build.gradle.internal.tasks.DexArchiveBuilderTask$CreationAction$handleProvider$13: loaded 4 times (x 78B)
Class com.android.build.gradle.internal.tasks.PerModuleBundleTask$CreationAction$handleProvider$1: loaded 4 times (x 127B)
Class com.android.build.gradle.tasks.JavaCompileCreationAction                        : loaded 4 times (x 90B)
Class com.android.build.gradle.internal.AndroidTestTaskManager$createTopLevelTasks$3  : loaded 4 times (x 74B)
Class com.android.build.api.component.impl.DeviceTestImpl$androidResourcesCreationConfig$2: loaded 4 times (x 79B)
Class com.android.build.api.variant.impl.VariantImpl$buildConfigCreationConfig$2      : loaded 4 times (x 79B)
Class com.sun.xml.bind.v2.runtime.Location                                            : loaded 4 times (x 70B)
Class com.android.build.gradle.internal.tasks.factory.BootClasspathConfigImpl$filteredBootClasspath$2$3: loaded 4 times (x 127B)
Class com.android.build.gradle.internal.api.ApkVariantOutputImpl_Decorated            : loaded 4 times (x 177B)
Class com.android.build.api.variant.impl.ArtifactMetadataProcessor                    : loaded 4 times (x 71B)
Class javax.xml.bind.annotation.XmlInlineBinaryData                                   : loaded 4 times (x 70B)
Class com.android.build.gradle.internal.FileExistsValueSource$Params_Decorated        : loaded 4 times (x 130B)
Class com.android.sdklib.repository.generated.repository.v1.ObjectFactory             : loaded 4 times (x 79B)
Class com.android.repository.impl.meta.RevisionType                                   : loaded 4 times (x 80B)
Class com.sun.xml.bind.v2.runtime.JAXBContextImpl$JAXBContextBuilder                  : loaded 4 times (x 86B)
Class com.sun.xml.bind.v2.model.annotation.XmlSchemaQuick                             : loaded 4 times (x 95B)
Class com.sun.xml.bind.annotation.XmlLocation                                         : loaded 4 times (x 70B)
Class com.android.sdklib.repository.generated.addon.v2.ExtraDetailsType               : loaded 4 times (x 85B)
Class [Lcom.google.gson.Strictness;                                                   : loaded 4 times (x 69B)
Class com.sun.xml.bind.v2.runtime.FilterTransducer                                    : loaded 4 times (x 88B)
Class com.android.build.gradle.internal.ide.v2.ConvertersKt                           : loaded 4 times (x 71B)
Class com.android.build.gradle.internal.ide.v2.SourceProviderImpl$Companion           : loaded 4 times (x 71B)
Class com.sun.xml.bind.v2.model.impl.PropertyInfoImpl$1                               : loaded 4 times (x 71B)
Class com.android.build.gradle.internal.AndroidJarInput_Decorated                     : loaded 4 times (x 128B)
Class com.android.build.gradle.internal.tasks.PrepareLintJarForPublishKt$getPublishedCustomLintChecks$1: loaded 4 times (x 75B)
Class com.android.build.gradle.internal.profile.AnalyticsService$Params$Inject_       : loaded 4 times (x 120B)
Class com.android.build.gradle.internal.ide.dependencies.BuildIdentifierMethods       : loaded 4 times (x 71B)
Class org.objectweb.asm.commons.ClassRemapper                                         : loaded 4 times (x 94B)
Class com.android.build.gradle.internal.ide.v2.BundleInfoImpl$Companion               : loaded 4 times (x 71B)
Class com.android.build.gradle.internal.lint.CustomLintCheckUtils$getLocalCustomLintChecks$1$1: loaded 4 times (x 74B)
Class com.android.build.gradle.internal.dependency.VariantDependencies$WhenMappings   : loaded 4 times (x 71B)
Class com.android.tools.r8.graph.n1                                                   : loaded 3 times (x 70B)
Class com.android.build.gradle.internal.scope.HostTestBuildFeaturesValuesImpl         : loaded 3 times (x 100B)
Class com.google.common.base.CharMatcher$JavaLowerCase                                : loaded 3 times (x 111B)
Class com.android.build.gradle.internal.res.Aapt2FromMaven$Companion$Aapt2Version$BUILD_NUMBER$2: loaded 3 times (x 78B)
Class com.android.build.gradle.tasks.ExtractDeepLinksTask$BaseCreationAction$configure$1$2: loaded 3 times (x 74B)
Class com.android.tools.r8.graph.s1                                                   : loaded 3 times (x 123B)
Class com.android.build.gradle.internal.ScreenshotTestTaskManager                     : loaded 3 times (x 82B)
Class com.android.build.api.component.impl.HostTestImpl$androidResourcesCreationConfig$2: loaded 3 times (x 79B)
Class com.android.build.api.variant.impl.DeviceTestBuilderImpl$Companion              : loaded 3 times (x 71B)
Class com.android.build.gradle.internal.core.dsl.features.UnitTestOptionsDslInfo      : loaded 3 times (x 70B)
Class com.android.build.gradle.internal.core.dsl.impl.InstrumentedTestDslInfoImpl$getInstrumentationRunner$1: loaded 3 times (x 75B)
Class com.android.build.gradle.internal.tasks.VariantTask                             : loaded 3 times (x 70B)
Class build_7l3a902f5hhlbxem1fuj2dj05$_run_closure1$_closure4                         : loaded 3 times (x 139B)
Class com.android.build.gradle.tasks.ExtractDeepLinksTask$BaseCreationAction$configure$1$1: loaded 3 times (x 74B)
Class com.android.tools.r8.shaking.l                                                  : loaded 3 times (x 72B)
Class com.google.common.reflect.Types$ClassOwnership                                  : loaded 3 times (x 80B)
Class com.android.build.gradle.internal.tasks.AppPreBuildTask$EmptyCreationAction     : loaded 3 times (x 91B)
Class com.android.build.gradle.internal.dependency.ModelArtifactCompatibilityRule$Companion$setUp$1: loaded 3 times (x 74B)
Class com.android.builder.model.level2.DependencyGraphs                               : loaded 3 times (x 70B)
Class com.google.common.reflect.Types$NativeTypeVariableEquals                        : loaded 3 times (x 71B)
Class com.google.common.reflect.TypeParameter                                         : loaded 3 times (x 72B)
Class com.android.ide.common.gradle.DEV                                               : loaded 3 times (x 77B)
Class com.google.common.reflect.Types$ClassOwnership$3                                : loaded 3 times (x 71B)
Class com.android.build.gradle.internal.dsl.BundleOptionsAiModelVersion$AgpDecorated_Decorated: loaded 3 times (x 130B)
Class com.android.tools.r8.internal.ol                                                : loaded 3 times (x 129B)
Class com.android.tools.r8.synthesis.o                                                : loaded 3 times (x 75B)
Class com.android.tools.r8.synthesis.p                                                : loaded 3 times (x 74B)
Class com.android.tools.r8.internal.v9                                                : loaded 3 times (x 74B)
Class com.android.tools.r8.internal.y2                                                : loaded 3 times (x 134B)
Class com.android.sdklib.repository.generated.sysimg.v4.ObjectFactory                 : loaded 3 times (x 75B)
Class com.android.build.api.variant.impl.BuiltArtifactsImpl                           : loaded 3 times (x 86B)
Class com.android.build.gradle.internal.core.dsl.impl.features.UnitTestOptionsDslInfoImpl: loaded 3 times (x 80B)
Class com.android.tools.r8.graph.n2                                                   : loaded 3 times (x 127B)
Class com.google.common.reflect.TypeResolver                                          : loaded 3 times (x 72B)
Class com.google.common.reflect.Types$ClassOwnership$2                                : loaded 3 times (x 80B)
Class org.gradle.accessors.dm.LibrariesForLibs                                        : loaded 3 times (x 82B)
Class com.android.build.gradle.internal.dsl.decorator.SupportedPropertyType$Var$Enum  : loaded 3 times (x 74B)
Class com.android.tools.r8.internal.xt0                                               : loaded 3 times (x 70B)
Class com.android.build.gradle.tasks.ProcessApplicationManifest$CreationAction$handleProvider$4: loaded 3 times (x 74B)
Class com.google.common.base.CharMatcher$Invisible                                    : loaded 3 times (x 112B)
Class com.android.tools.r8.shaking.k                                                  : loaded 3 times (x 72B)
Class build_7l3a902f5hhlbxem1fuj2dj05$_run_closure1$_closure3                         : loaded 3 times (x 139B)
Class com.android.build.gradle.tasks.MergeSourceSetFolders$MergeShaderSourceFoldersCreationAction: loaded 3 times (x 91B)
Class com.android.build.gradle.internal.TaskManager$Companion$createTasksBeforeEvaluate$9: loaded 3 times (x 74B)
Class com.android.tools.r8.graph.q4                                                   : loaded 3 times (x 72B)
Class com.android.tools.r8.graph.a0                                                   : loaded 3 times (x 74B)
Class com.android.build.gradle.internal.dependency.KotlinPlatformCompatibilityRule    : loaded 3 times (x 76B)
Class com.android.build.gradle.internal.dependency.ShrinkerVersion$Companion$R8$2     : loaded 3 times (x 78B)
Class org.gradle.accessors.dm.LibrariesForLibs$VersionAccessors                       : loaded 3 times (x 77B)
Class org.gradle.internal.IoActions                                                   : loaded 3 times (x 71B)
Class com.android.tools.r8.graph.f0                                                   : loaded 3 times (x 76B)
Class com.android.tools.r8.utils.b                                                    : loaded 3 times (x 87B)
Class com.google.common.primitives.Ints$IntConverter                                  : loaded 3 times (x 90B)
Class com.android.build.gradle.internal.tasks.BundleToApkTask_Decorated               : loaded 3 times (x 386B)
Class com.android.build.gradle.internal.ide.v2.ConvertersKt$variantSourcesForList$1$1 : loaded 3 times (x 78B)
Class com.android.build.gradle.internal.res.Aapt2FromMaven$Companion$Aapt2Version     : loaded 3 times (x 71B)
Class [Lcom.android.ide.common.repository.AgpVersion$PreviewKind;                     : loaded 3 times (x 69B)
Class com.android.build.gradle.internal.testing.utp.UtpDependency$1                   : loaded 3 times (x 127B)
Class com.android.tools.r8.synthesis.l                                                : loaded 3 times (x 75B)
Class com.google.common.base.CharMatcher$SingleWidth                                  : loaded 3 times (x 112B)
Class com.android.tools.r8.graph.s3                                                   : loaded 3 times (x 73B)
Class com.android.tools.r8.internal.ep0                                               : loaded 3 times (x 171B)
Class com.android.build.gradle.tasks.GenerateResValues_Decorated                      : loaded 3 times (x 383B)
Class com.android.build.gradle.tasks.ShaderCompile$CreationAction                     : loaded 3 times (x 91B)
Class com.android.build.api.component.impl.ComponentImpl$privacySandboxCreationConfig$2: loaded 3 times (x 79B)
Class com.android.build.api.variant.impl.ApplicationVariantBuilderImpl$deviceTests$1  : loaded 3 times (x 79B)
Class com.android.build.gradle.internal.ide.v2.ProjectGraphImpl                       : loaded 3 times (x 76B)
Class com.google.common.reflect.Invokable$MethodInvokable                             : loaded 3 times (x 107B)
Class com.android.build.gradle.internal.DependencyResolutionChecks                    : loaded 3 times (x 71B)
Class com.android.build.gradle.internal.dsl.BundleOptionsAiModelVersion               : loaded 3 times (x 81B)
Class com.android.tools.r8.graph.v1                                                   : loaded 3 times (x 105B)
Class com.android.build.gradle.internal.dependency.ShrinkerVersion                    : loaded 3 times (x 75B)
Class com.android.build.gradle.internal.dependency.SourceSetManager$createConfigurationsForSourceSet$createKaptConfiguration$1: loaded 3 times (x 79B)
Class com.android.build.gradle.internal.scope.ArtifactTypeUtil$getDirectories$1       : loaded 3 times (x 75B)
Class com.android.build.gradle.internal.plugins.AndroidPluginBaseServices$basePluginApply$4: loaded 3 times (x 75B)
Class com.android.build.gradle.tasks.GenerateResValues$CreationAction$handleProvider$1: loaded 3 times (x 127B)
Class com.android.build.gradle.tasks.MergeSourceSetFolders$MergeShaderSourceFoldersCreationAction$handleProvider$1: loaded 3 times (x 127B)
Class com.android.build.api.variant.impl.FlatSourceDirectoriesImpl$addSource$1        : loaded 3 times (x 75B)
Class com.google.common.reflect.Invokable                                             : loaded 3 times (x 103B)
Class com.android.tools.r8.internal.ru                                                : loaded 3 times (x 87B)
Class com.android.build.gradle.internal.testing.utp.UtpDependency$2                   : loaded 3 times (x 127B)
Class com.android.tools.r8.graph.m2                                                   : loaded 3 times (x 127B)
Class com.android.tools.r8.internal.ak0                                               : loaded 3 times (x 163B)
Class com.android.build.api.variant.impl.VariantApiExtensionsKt                       : loaded 3 times (x 71B)
Class com.android.tools.r8.utils.d                                                    : loaded 3 times (x 88B)
Class com.android.build.gradle.internal.signing.SigningConfigDataProvider$Companion   : loaded 3 times (x 71B)
Class com.android.tools.r8.graph.v0                                                   : loaded 3 times (x 72B)
Class com.google.common.reflect.Types$JavaVersion                                     : loaded 3 times (x 83B)
Class com.google.common.base.CharMatcher$JavaUpperCase                                : loaded 3 times (x 111B)
Class com.android.build.gradle.internal.plugins.AndroidPluginBaseServices$basePluginApply$3: loaded 3 times (x 75B)
Class com.google.common.util.concurrent.LazyLogger                                    : loaded 3 times (x 72B)
Class com.android.build.gradle.internal.testing.utp.UtpDependencyUtilsKt              : loaded 3 times (x 71B)
Class com.android.tools.r8.kotlin.b                                                   : loaded 3 times (x 72B)
Class com.android.tools.r8.graph.q3                                                   : loaded 3 times (x 73B)
Class com.android.tools.r8.internal.o5                                                : loaded 3 times (x 301B)
Class com.android.tools.r8.synthesis.j                                                : loaded 3 times (x 71B)
Class com.android.build.gradle.internal.testing.utp.UtpDependency$3                   : loaded 3 times (x 127B)
Class com.android.build.gradle.tasks.PackageAndroidArtifactKt$getPageSize$2           : loaded 3 times (x 74B)
Class com.android.build.api.variant.impl.SingleOutputHandler$singleOutputFileName$1   : loaded 3 times (x 75B)
Class com.android.build.gradle.internal.tasks.AsarsToCompatSplitsTask                 : loaded 3 times (x 343B)
Class com.android.build.gradle.internal.variant.BaseVariantData$DiscoverableFilterType$DENSITY: loaded 3 times (x 80B)
Class com.android.sdklib.AndroidVersion$AndroidVersionException                       : loaded 3 times (x 82B)
Class com.android.build.gradle.internal.plugins.AndroidPluginBaseServices$basePluginApply$2: loaded 3 times (x 75B)
Class com.android.build.gradle.internal.DependencyConfigurator$configureGeneralTransforms$9$1: loaded 3 times (x 74B)
Class com.google.common.reflect.Types$ParameterizedTypeImpl                           : loaded 3 times (x 81B)
Class com.android.tools.r8.internal.ko0                                               : loaded 3 times (x 161B)
Class com.android.tools.r8.synthesis.s                                                : loaded 3 times (x 70B)
Class com.android.tools.r8.utils.i$a                                                  : loaded 3 times (x 93B)
Class com.android.tools.r8.graph.i1                                                   : loaded 3 times (x 118B)
Class com.android.tools.r8.graph.p4                                                   : loaded 3 times (x 72B)
Class com.android.tools.r8.graph.y5                                                   : loaded 3 times (x 79B)
Class com.android.build.api.component.impl.HostTestImpl_Decorated                     : loaded 3 times (x 483B)
Class com.android.build.gradle.internal.tasks.DependencyReportTask                    : loaded 3 times (x 323B)
Class com.android.ide.common.repository.GradleVersion                                 : loaded 3 times (x 93B)
Class com.google.common.collect.ImmutableBiMapFauxverideShim                          : loaded 3 times (x 120B)
Class com.android.build.gradle.internal.testing.utp.UtpDependency$4                   : loaded 3 times (x 127B)
Class com.google.common.reflect.Types$JavaVersion$1                                   : loaded 3 times (x 83B)
Class com.android.tools.r8.internal.p                                                 : loaded 3 times (x 71B)
Class com.google.common.base.CharMatcher$JavaIsoControl                               : loaded 3 times (x 112B)
Class com.android.build.gradle.internal.core.dsl.ComponentDslInfo$DslDefinedDeviceTest: loaded 3 times (x 72B)
Class com.android.tools.r8.graph.c0                                                   : loaded 3 times (x 74B)
Class com.android.build.gradle.internal.VariantManager$createVariantsFromCombination$variantExtensionConfig$1: loaded 3 times (x 78B)
Class com.android.tools.r8.graph.s4                                                   : loaded 3 times (x 72B)
Class com.android.tools.r8.internal.b6                                                : loaded 3 times (x 80B)
Class com.google.common.reflect.Types$ClassOwnership$1LocalClass                      : loaded 3 times (x 71B)
Class com.android.ide.common.repository.AgpVersion$Companion$WhenMappings             : loaded 3 times (x 71B)
Class com.android.build.gradle.internal.utils.KgpUtils$syncAgpAndKgpSources$kotlinSourceSets$2: loaded 3 times (x 79B)
Class com.android.build.gradle.internal.core.dsl.impl.features.PrivacySandboxDslInfoImpl: loaded 3 times (x 75B)
Class com.android.build.gradle.internal.component.DeviceTestCreationConfig            : loaded 3 times (x 70B)
Class com.android.build.gradle.internal.tasks.UsesAnalytics                           : loaded 3 times (x 70B)
Class com.android.build.api.variant.impl.SingleOutputHandler                          : loaded 3 times (x 95B)
Class com.android.build.api.variant.impl.ManifestFilesImpl$allStatic$1                : loaded 3 times (x 74B)
Class com.google.common.reflect.TypeResolver$TypeVariableKey                          : loaded 3 times (x 72B)
Class com.android.build.gradle.internal.tasks.featuresplit.PackagedDependenciesWriterTask$CreationAction$configure$3: loaded 3 times (x 74B)
Class com.android.build.api.artifact.impl.InAndOutDirectoryOperationRequestImpl$Companion$initializeInput$1$1: loaded 3 times (x 75B)
Class com.android.build.gradle.internal.variant.BaseVariantData$DiscoverableFilterType$LANGUAGE: loaded 3 times (x 80B)
Class com.android.build.gradle.internal.feature.BundleAllClasses_Decorated            : loaded 3 times (x 385B)
Class com.android.build.gradle.internal.core.dsl.impl.features.DeviceTestOptionsDslInfoImpl: loaded 3 times (x 84B)
Class com.android.build.gradle.internal.core.dsl.ComponentDslInfo$DslDefinedHostTest  : loaded 3 times (x 72B)
Class com.android.sdklib.repository.generated.sysimg.v4.SysImgDetailsType             : loaded 3 times (x 138B)
Class com.android.build.gradle.internal.tasks.BaseTask$CreationAction                 : loaded 3 times (x 90B)
Class com.android.build.gradle.internal.tasks.featuresplit.PackagedDependenciesWriterTask$CreationAction$configure$2: loaded 3 times (x 74B)
Class com.android.tools.r8.graph.z1                                                   : loaded 3 times (x 72B)
Class com.android.build.gradle.internal.testing.utp.UtpDependency$5                   : loaded 3 times (x 127B)
Class com.android.build.gradle.internal.core.dsl.impl.InstrumentedTestDslInfoImpl$getInstrumentationRunner$fromFlavor$1: loaded 3 times (x 78B)
Class com.android.build.gradle.internal.res.LinkApplicationAndroidResourcesTask$CreationAction$handleProvider$3: loaded 3 times (x 127B)
Class com.google.common.reflect.Types$JavaVersion$2                                   : loaded 3 times (x 83B)
Class com.google.common.reflect.Types                                                 : loaded 3 times (x 71B)
Class com.android.build.gradle.internal.core.dsl.features.ManifestPlaceholdersDslInfo : loaded 3 times (x 70B)
Class com.google.common.base.CharMatcher$JavaDigit                                    : loaded 3 times (x 111B)
Class com.google.common.collect.Iterators$10                                          : loaded 3 times (x 81B)
Class com.android.build.gradle.internal.scope.InternalArtifactType$BUILT_IN_KAPT_GENERATED_KOTLIN_SOURCES: loaded 3 times (x 74B)
Class com.android.build.gradle.internal.ide.v2.ProjectGraphImpl$Companion             : loaded 3 times (x 71B)
Class com.android.tools.r8.graph.q2                                                   : loaded 3 times (x 127B)
Class com.google.common.reflect.Types$TypeVariableInvocationHandler                   : loaded 3 times (x 75B)
Class com.google.common.reflect.Types$ClassOwnership$1                                : loaded 3 times (x 80B)
Class com.android.build.gradle.internal.scope.InternalArtifactType$SOURCE_SET_PATH_MAP: loaded 3 times (x 74B)
Class com.android.build.api.variant.HasHostTests                                      : loaded 3 times (x 70B)
Class com.android.tools.r8.internal.d6                                                : loaded 3 times (x 84B)
Class com.android.build.gradle.internal.testing.utp.UtpDependency$6                   : loaded 3 times (x 127B)
Class com.android.build.gradle.internal.testing.utp.UtpDependencies                   : loaded 3 times (x 83B)
Class com.google.common.reflect.Types$JavaVersion$3                                   : loaded 3 times (x 83B)
Class com.android.build.gradle.internal.scope.InternalArtifactType$VERSION_CONTROL_INFO_FILE: loaded 3 times (x 74B)
Class com.android.tools.r8.graph.y0                                                   : loaded 3 times (x 79B)
Class [Lcom.android.build.gradle.internal.testing.utp.UtpDependency;                  : loaded 3 times (x 69B)
Class com.android.build.api.variant.HasHostTestsBuilder                               : loaded 3 times (x 70B)
Class com.android.build.gradle.internal.plugins.AppPlugin$2                           : loaded 3 times (x 86B)
Class com.android.build.gradle.internal.HostTestTaskManager$createTopLevelTasksCore$2 : loaded 3 times (x 75B)
Class com.android.build.gradle.internal.tasks.factory.AndroidVariantTaskCreationAction: loaded 3 times (x 92B)
Class com.android.build.gradle.internal.dependency.VariantDependencies$computeArtifactCollection$2: loaded 3 times (x 75B)
Class com.google.gson.internal.bind.JsonAdapterAnnotationTypeAdapterFactory$DummyTypeAdapterFactory: loaded 3 times (x 75B)
Class com.android.build.gradle.internal.plugins.BasePlugin$createAndroidJdkImageConfiguration$1: loaded 3 times (x 74B)
Class com.android.build.gradle.internal.dependency.ShrinkerVersion$Companion          : loaded 3 times (x 71B)
Class com.intellij.gradle.toolingExtension.util.GradleVersionUtil                     : loaded 3 times (x 71B)
Class com.android.tools.r8.graph.d4                                                   : loaded 3 times (x 74B)
Class com.android.build.gradle.internal.DependencyConfigurator$configureVariantTransforms$3$2$1: loaded 3 times (x 75B)
Class com.android.tools.r8.graph.q1                                                   : loaded 3 times (x 127B)
Class com.android.tools.r8.internal.i4                                                : loaded 3 times (x 176B)
Class com.android.tools.r8.graph.z3                                                   : loaded 3 times (x 72B)
Class com.android.build.gradle.internal.testing.utp.UtpDependency$7                   : loaded 3 times (x 127B)
Class com.google.common.reflect.Types$JavaVersion$4                                   : loaded 3 times (x 83B)
Class com.android.tools.r8.graph.z4                                                   : loaded 3 times (x 73B)
Class com.android.tools.r8.utils.i                                                    : loaded 3 times (x 87B)
Class com.android.build.gradle.internal.signing.SigningConfigDataProvider             : loaded 3 times (x 72B)
Class com.android.build.gradle.internal.tasks.ProcessJavaResTaskKt$getProjectJavaRes$1: loaded 3 times (x 75B)
Class com.android.build.gradle.tasks.GenerateResValues$CreationAction$deprecatedGeneratedResOutputDir$2: loaded 3 times (x 79B)
Class com.android.build.gradle.internal.ide.v2.ModelBuilder$buildProjectGraphModel$1$1$1: loaded 3 times (x 75B)
Class com.android.build.gradle.internal.tasks.R8VersionCheckKt                        : loaded 3 times (x 71B)
Class com.android.build.gradle.internal.lint.VariantWithTests                         : loaded 3 times (x 72B)
Class com.google.common.reflect.TypeResolver$TypeTable$1                              : loaded 3 times (x 73B)
Class com.android.build.gradle.internal.variant.BuildAuthorSpecifiedDefaultBuildTypeComparator: loaded 3 times (x 90B)
Class com.android.build.gradle.internal.ide.v2.NativeModelBuilder$ops$1               : loaded 3 times (x 76B)
Class com.android.build.api.variant.impl.LayeredSourceDirectoriesImpl$addAll$1        : loaded 3 times (x 75B)
Class [Lcom.android.build.gradle.internal.core.dsl.ComponentDslInfo$DslDefinedHostTest;: loaded 3 times (x 69B)
Class com.android.build.gradle.internal.variant.BuildAuthorSpecifiedDefaultsFlavorComparator: loaded 3 times (x 90B)
Class com.android.build.gradle.internal.tasks.AsarsToCompatSplitsTask$CreationAction  : loaded 3 times (x 90B)
Class com.android.build.gradle.internal.core.dsl.features.DeviceTestOptionsDslInfo    : loaded 3 times (x 70B)
Class com.android.build.api.variant.HostTestBuilder                                   : loaded 3 times (x 70B)
Class com.google.common.reflect.TypeResolver$TypeTable                                : loaded 3 times (x 73B)
Class com.android.ide.common.repository.AgpVersion$PreviewKind                        : loaded 3 times (x 79B)
Class com.android.build.gradle.internal.utils.GradlePluginUtils$enforceMinimumVersionsOfPlugins$1: loaded 3 times (x 75B)
Class com.android.build.gradle.internal.dsl.BaseAppModuleExtensionInternal            : loaded 3 times (x 459B)
Class com.android.build.gradle.tasks.ShaderCompile                                    : loaded 3 times (x 345B)
Class com.android.build.gradle.internal.testing.utp.UtpDependency$8                   : loaded 3 times (x 127B)
Class com.google.common.reflect.Types$JavaVersion$5                                   : loaded 3 times (x 71B)
Class [Lcom.google.common.reflect.Types$ClassOwnership;                               : loaded 3 times (x 69B)
Class com.android.build.gradle.internal.tasks.featuresplit.PackagedDependenciesWriterTaskKt: loaded 3 times (x 71B)
Class com.android.build.gradle.internal.variant.DefaultBuildTypeComparator            : loaded 3 times (x 90B)
Class com.android.tools.r8.graph.p3                                                   : loaded 3 times (x 73B)
Class com.google.common.reflect.TypeToken$SimpleTypeToken                             : loaded 3 times (x 73B)
Class org.gradle.accessors.dm.LibrariesForLibs$BundleAccessors                        : loaded 3 times (x 73B)
Class org.gradle.api.GradleException                                                  : loaded 3 times (x 82B)
Class com.google.common.base.CharMatcher$Digit                                        : loaded 3 times (x 112B)
Class com.google.common.base.AbstractIterator$1                                       : loaded 3 times (x 71B)
Class com.google.common.base.CharMatcher$Any                                          : loaded 3 times (x 112B)
Class com.android.build.api.variant.impl.ApplicationVariantBuilderImpl$androidTest$2  : loaded 3 times (x 79B)
Class com.android.build.gradle.internal.dependency.VariantDependencies$Companion$computeLocalFileDependencies$2: loaded 3 times (x 75B)
Class com.android.ide.common.repository.AgpVersion$Companion                          : loaded 3 times (x 71B)
Class com.android.tools.r8.graph.o4                                                   : loaded 3 times (x 73B)
Class com.android.build.gradle.internal.signing.SigningConfigDataProvider$Companion$create$1: loaded 3 times (x 79B)
Class com.android.tools.r8.internal.g                                                 : loaded 3 times (x 82B)
Class com.google.gson.internal.bind.DateTypeAdapter$1                                 : loaded 3 times (x 75B)
Class com.android.build.gradle.internal.testing.utp.UtpDependency$9                   : loaded 3 times (x 127B)
Class com.android.ide.common.build.CommonBuiltArtifacts                               : loaded 3 times (x 70B)
Class com.android.build.gradle.internal.scope.InternalArtifactType$USES_SDK_LIBRARY_SPLIT_FOR_LOCAL_DEPLOYMENT: loaded 3 times (x 74B)
Class com.android.build.gradle.internal.scope.ArtifactTypeUtil$getRegularFiles$1      : loaded 3 times (x 75B)
Class com.android.tools.r8.internal.fw                                                : loaded 3 times (x 75B)
Class com.android.build.gradle.internal.DependencyConfigurator$configureVariantTransforms$3$1$1: loaded 3 times (x 75B)
Class com.google.common.cache.CacheBuilder$3                                          : loaded 3 times (x 72B)
Class com.android.build.gradle.internal.testing.utp.UtpDependency$10                  : loaded 3 times (x 127B)
Class org.gradle.internal.Cast                                                        : loaded 3 times (x 71B)
Class org.gradle.api.Action                                                           : loaded 3 times (x 70B)
Class com.android.tools.r8.graph.d3                                                   : loaded 3 times (x 124B)
Class com.google.common.reflect.TypeCapture                                           : loaded 3 times (x 71B)
Class com.android.tools.r8.graph.c2                                                   : loaded 3 times (x 129B)
Class com.android.build.api.variant.impl.TaskProviderBasedDirectoryEntryImpl          : loaded 3 times (x 83B)
Class com.android.build.gradle.internal.tasks.factory.features.ResValuesTaskCreationActionImpl: loaded 3 times (x 75B)
Class com.android.build.gradle.internal.dependency.VariantDependencies$getArtifactCollectionForToolingModel$1: loaded 3 times (x 78B)
Class com.android.build.api.variant.impl.HostTestBuilderImpl                          : loaded 3 times (x 89B)
Class com.android.build.gradle.internal.ide.v2.ModelBuilder$BaseSourceSetContainerBuilder: loaded 3 times (x 83B)
Class com.android.build.gradle.internal.scope.InternalArtifactType$BUILT_IN_KOTLINC   : loaded 3 times (x 74B)
Class com.android.build.gradle.internal.tasks.featuresplit.PackagedDependenciesWriterTask$CreationAction$configure$1$1$1$1: loaded 3 times (x 78B)
Class com.android.build.gradle.internal.lint.AndroidLintTextOutputTask$SingleVariantCreationAction: loaded 3 times (x 92B)
Class com.android.build.gradle.internal.testing.utp.UtpDependency                     : loaded 3 times (x 79B)
Class com.android.tools.r8.graph.o1                                                   : loaded 3 times (x 70B)
Class com.android.builder.model.v2.ide.PrivacySandboxSdkInfo                          : loaded 3 times (x 70B)
Class com.android.build.gradle.internal.dependency.KotlinPlatformDisambiguationRule   : loaded 3 times (x 76B)
Class com.android.ide.common.repository.AgpVersion$PreviewKind$Companion              : loaded 3 times (x 71B)
Class com.android.build.gradle.internal.tasks.AppPreBuildTask$Companion               : loaded 3 times (x 71B)
Class com.android.tools.r8.internal.j5                                                : loaded 3 times (x 80B)
Class com.android.build.gradle.internal.ide.v2.ModelBuilder$buildProjectGraphModel$1  : loaded 3 times (x 79B)
Class com.android.build.gradle.internal.scope.InternalArtifactType$BUILT_IN_KAPT_CLASSES_DIR: loaded 3 times (x 74B)
Class com.android.build.gradle.internal.HostTestTaskManager$createRunHostTestTask$1   : loaded 3 times (x 75B)
Class com.android.tools.r8.graph.b4                                                   : loaded 3 times (x 72B)
Class com.android.build.gradle.internal.scope.InternalArtifactType$EXTRACTED_SDK_APKS : loaded 3 times (x 74B)
Class com.android.build.gradle.tasks.PackageAndroidArtifactKt                         : loaded 3 times (x 71B)
Class com.android.build.gradle.internal.dependency.VariantDependencies$computeLocalFileDependencies$1: loaded 3 times (x 80B)
Class com.android.build.gradle.internal.dsl.BundleOptionsAiModelVersion$AgpDecorated  : loaded 3 times (x 85B)
Class com.android.build.gradle.internal.variant.BaseVariantFactory$Companion          : loaded 3 times (x 71B)
Class com.android.build.gradle.internal.testing.utp.UtpDependency$11                  : loaded 3 times (x 127B)
Class com.android.build.api.variant.impl.FileBasedDirectoryEntryImpl$asFiles$1        : loaded 3 times (x 75B)
Class com.android.ide.common.repository.GradleVersion$VersionQualifiers               : loaded 3 times (x 72B)
Class com.android.build.gradle.internal.tasks.factory.features.ResValuesTaskCreationAction: loaded 3 times (x 70B)
Class com.android.build.gradle.internal.ExtraModelInfo                                : loaded 3 times (x 82B)
Class com.android.build.api.variant.impl.HasDeviceTestsCreationConfig                 : loaded 3 times (x 70B)
Class com.android.build.gradle.tasks.PackageAndroidArtifact$CreationAction$configure$1: loaded 3 times (x 75B)
Class com.android.tools.r8.graph.d2                                                   : loaded 3 times (x 240B)
Class com.android.tools.r8.graph.b2                                                   : loaded 3 times (x 72B)
Class com.google.common.reflect.TypeToken$2                                           : loaded 3 times (x 110B)
Class com.android.build.gradle.tasks.GenerateResValues$CreationAction                 : loaded 3 times (x 93B)
Class com.android.ide.common.repository.GradleVersion$VersionSegment                  : loaded 3 times (x 75B)
Class com.android.tools.r8.graph.j5                                                   : loaded 3 times (x 72B)
Class com.android.build.gradle.internal.tasks.UsesAnalytics$ConfigureAction           : loaded 3 times (x 71B)
Class com.android.build.gradle.internal.tasks.BaseTask$ConfigureAction                : loaded 3 times (x 71B)
Class com.android.build.gradle.internal.ide.v2.ModelBuilder$inspectManifestForInstantTag$1: loaded 3 times (x 74B)
Class com.android.build.gradle.internal.ide.v2.ModelBuilder$DefaultSourceSetContainerBuilder: loaded 3 times (x 83B)
Class com.android.build.gradle.internal.scope.InternalArtifactType$LINKED_RESOURCES_BINARY_FORMAT: loaded 3 times (x 74B)
Class com.android.build.gradle.internal.scope.InternalArtifactType$LINKED_RESOURCES_FOR_BUNDLE_PROTO_FORMAT: loaded 3 times (x 74B)
Class com.android.tools.r8.graph.b1                                                   : loaded 3 times (x 70B)
Class com.google.gson.internal.bind.ReflectiveTypeAdapterFactory$FieldsData           : loaded 3 times (x 72B)
Class com.android.builder.model.v2.ide.SyncIssue                                      : loaded 3 times (x 70B)
Class com.google.common.reflect.TypeToken$1                                           : loaded 3 times (x 110B)
Class com.android.build.api.component.impl.features.ResValuesCreationConfigImpl       : loaded 3 times (x 75B)
Class [Lcom.android.build.gradle.internal.utils.DependencyInfo;                       : loaded 3 times (x 69B)
Class com.android.build.gradle.internal.SdkComponentsBuildService$VersionedSdkLoader$adbHelper$1: loaded 3 times (x 75B)
Class com.android.ide.common.caching.CreatingCache$1                                  : loaded 3 times (x 71B)
Class com.android.build.gradle.internal.scope.InternalArtifactType$BUILT_IN_KAPT_GENERATED_JAVA_SOURCES: loaded 3 times (x 74B)
Class com.android.tools.r8.internal.az                                                : loaded 3 times (x 72B)
Class com.android.build.gradle.internal.tasks.AsarsToCompatSplitsTask$CreationAction$handleProvider$1: loaded 3 times (x 127B)
Class com.android.build.gradle.internal.testing.utp.UtpDependency$12                  : loaded 3 times (x 127B)
Class com.android.build.gradle.internal.HostTestTaskManager$createTopLevelTasksCore$1 : loaded 3 times (x 75B)
Class com.android.build.gradle.tasks.GenerateResValues                                : loaded 3 times (x 335B)
Class com.android.tools.r8.graph.w3                                                   : loaded 3 times (x 73B)
Class com.google.common.base.CharMatcher$RangesMatcher                                : loaded 3 times (x 112B)
Class com.android.build.gradle.internal.DependencyConfigurator$configureVariantTransforms$3$2: loaded 3 times (x 75B)
Class com.android.build.api.variant.impl.HasHostTestsCreationConfig                   : loaded 3 times (x 70B)
Class com.android.build.api.variant.impl.FlatSourceDirectoriesImpl$addStaticSource$1  : loaded 3 times (x 75B)
Class com.android.tools.r8.graph.x2                                                   : loaded 3 times (x 139B)
Class com.android.tools.r8.graph.c3                                                   : loaded 3 times (x 70B)
Class com.android.tools.r8.synthesis.z                                                : loaded 3 times (x 72B)
Class com.android.build.gradle.internal.core.dsl.features.PrivacySandboxDslInfo       : loaded 3 times (x 70B)
Class com.android.build.gradle.internal.UsesSdkComponentsBuildService                 : loaded 3 times (x 70B)
Class com.android.build.gradle.internal.core.dsl.impl.features.ManifestPlaceholdersDslInfoImpl: loaded 3 times (x 75B)
Class [Lcom.google.common.reflect.Types$JavaVersion;                                  : loaded 3 times (x 69B)
Class com.android.tools.r8.graph.r2                                                   : loaded 3 times (x 128B)
Class com.android.build.gradle.internal.ide.v2.ConvertersKt$convertResValues$1        : loaded 3 times (x 78B)
Class com.android.tools.r8.graph.k5                                                   : loaded 3 times (x 72B)
Class com.android.build.gradle.internal.api.DefaultAndroidSourceDirectorySet$directories$1: loaded 3 times (x 143B)
Class com.android.build.gradle.internal.tasks.GlobalTask                              : loaded 3 times (x 70B)
Class com.android.tools.r8.internal.sk                                                : loaded 3 times (x 124B)
Class com.android.tools.r8.internal.ed                                                : loaded 3 times (x 74B)
Class com.android.tools.r8.graph.g1                                                   : loaded 3 times (x 70B)
Class com.android.tools.r8.graph.r1                                                   : loaded 3 times (x 75B)
Class com.android.build.gradle.internal.tasks.R8VersionCheckException                 : loaded 3 times (x 82B)
Class com.android.build.gradle.internal.tasks.AppPreBuildTask                         : loaded 3 times (x 336B)
Class com.android.build.api.variant.HostTest                                          : loaded 3 times (x 70B)
Class com.android.build.api.variant.impl.TaskProviderBasedDirectoryEntryImpl$asFiles$1: loaded 3 times (x 74B)
Class build_7l3a902f5hhlbxem1fuj2dj05$_run_closure2                                   : loaded 3 times (x 139B)
Class build_7l3a902f5hhlbxem1fuj2dj05$_run_closure1$_closure4$_closure5               : loaded 3 times (x 139B)
Class com.android.build.gradle.internal.core.dsl.impl.features.ManifestPlaceholdersDslInfoImpl$placeholders$2: loaded 3 times (x 79B)
Class com.android.build.gradle.internal.DependencyConfigurator$configureGeneralTransforms$13: loaded 3 times (x 75B)
Class com.google.common.reflect.TypeToken                                             : loaded 3 times (x 73B)
Class com.android.build.gradle.internal.scope.InternalArtifactType$COMPILE_AND_RUNTIME_NOT_NAMESPACED_R_CLASS_JAR: loaded 3 times (x 74B)
Class com.android.tools.r8.dex.t0                                                     : loaded 3 times (x 77B)
Class com.android.build.gradle.internal.tasks.VariantTask$ConfigureAction             : loaded 3 times (x 71B)
Class com.android.build.gradle.internal.dependency.SourceSetManager$createConfigurationsForSourceSet$2: loaded 3 times (x 75B)
Class com.android.build.gradle.internal.lint.AndroidLintTextOutputTask$VariantCreationAction: loaded 3 times (x 92B)
Class com.android.tools.r8.internal.x2                                                : loaded 3 times (x 195B)
Class com.google.common.reflect.Invokable$ConstructorInvokable                        : loaded 3 times (x 107B)
Class com.android.build.gradle.internal.VariantTaskManager$createReportTasks$2        : loaded 3 times (x 75B)
Class com.android.build.gradle.internal.services.UsesAapt2ThreadPoolBuildService      : loaded 3 times (x 70B)
Class com.android.build.api.variant.impl.HostTestBuilderImpl$Companion                : loaded 3 times (x 71B)
Class com.android.build.gradle.internal.tasks.featuresplit.PackagedDependenciesWriterTaskKt$aarOrJarType$1: loaded 3 times (x 74B)
Class com.android.build.gradle.tasks.PackageApplication_Decorated                     : loaded 3 times (x 463B)
Class com.android.tools.r8.synthesis.d                                                : loaded 3 times (x 72B)
Class com.android.build.gradle.internal.utils.ResolutionResultUtils                   : loaded 3 times (x 71B)
Class com.android.repository.Revision$1                                               : loaded 3 times (x 71B)
Class com.android.build.gradle.internal.DependencyConfigurator$configureGeneralTransforms$14: loaded 3 times (x 78B)
Class com.google.common.reflect.Types$TypeVariableImpl                                : loaded 3 times (x 72B)
Class com.google.common.base.CharMatcher$JavaLetterOrDigit                            : loaded 3 times (x 111B)
Class org.gradle.accessors.dm.LibrariesForLibs_Decorated                              : loaded 3 times (x 126B)
Class com.android.build.gradle.internal.ide.dependencies.ArtifactUtils$getArtifactsForModelBuilder$1: loaded 3 times (x 78B)
Class com.android.build.gradle.internal.tasks.ProcessJavaResTaskKt                    : loaded 3 times (x 71B)
Class com.android.build.gradle.internal.lint.AndroidLintTextOutputTask                : loaded 3 times (x 341B)
Class com.android.tools.r8.graph.u4                                                   : loaded 3 times (x 73B)
Class com.android.build.gradle.internal.tasks.featuresplit.PackagedDependenciesWriterTask_Decorated: loaded 3 times (x 383B)
Class com.android.sdklib.repository.generated.sysimg.v4.package-info                  : loaded 3 times (x 70B)
Class build_7l3a902f5hhlbxem1fuj2dj05                                                 : loaded 3 times (x 172B)
Class com.android.tools.r8.internal.a6                                                : loaded 3 times (x 71B)
Class com.android.build.gradle.internal.services.UsesAapt2DaemonBuildService          : loaded 3 times (x 70B)
Class com.android.tools.r8.graph.p2                                                   : loaded 3 times (x 127B)
Class com.android.build.gradle.internal.tasks.featuresplit.PackagedDependenciesWriterTask$CreationAction$configure$1$1$1: loaded 3 times (x 79B)
Class com.android.build.gradle.internal.tasks.AndroidGlobalTask                       : loaded 3 times (x 326B)
Class com.android.build.api.component.impl.DefaultSourcesProviderImpl$getShaders$1    : loaded 3 times (x 78B)
Class com.android.build.gradle.tasks.JavaCompileKt$computeJavaSourceWithoutDependencies$1$1: loaded 3 times (x 79B)
Class build_7l3a902f5hhlbxem1fuj2dj05$_run_closure1                                   : loaded 3 times (x 139B)
Class com.android.tools.r8.internal.nd                                                : loaded 3 times (x 82B)
Class com.android.tools.r8.synthesis.a                                                : loaded 3 times (x 106B)
Class com.android.tools.r8.internal.rd                                                : loaded 3 times (x 90B)
Class com.android.tools.r8.graph.t1                                                   : loaded 3 times (x 128B)
Class com.android.build.gradle.internal.dependency.VariantDependencies$Companion$computeLocalFileDependencies$dependencies$1: loaded 3 times (x 75B)
Class com.android.builder.dexing.R8Version                                            : loaded 3 times (x 71B)
Class com.android.build.gradle.internal.ide.v2.ModelBuilder$BuildTypeSourceSetBuilder : loaded 3 times (x 83B)
Class com.android.tools.r8.graph.h5                                                   : loaded 3 times (x 72B)
Class com.google.gson.FormattingStyle                                                 : loaded 3 times (x 78B)
Class com.android.build.api.component.impl.features.ManifestPlaceholdersCreationConfigImpl$placeholders$2: loaded 3 times (x 79B)
Class com.android.build.gradle.tasks.ExtractDeepLinksTask$BaseCreationAction$configure$2: loaded 3 times (x 78B)
Class org.gradle.accessors.dm.LibrariesForLibs$PluginAccessors                        : loaded 3 times (x 73B)
Class com.android.build.gradle.internal.scope.InternalArtifactType$SDK_SPLITS_APKS    : loaded 3 times (x 74B)
Class com.google.gson.internal.bind.ReflectiveTypeAdapterFactory$2                    : loaded 3 times (x 79B)
Class com.android.builder.model.Dependencies                                          : loaded 3 times (x 70B)
Class com.android.build.gradle.tasks.ExtractDeepLinksTask$BaseCreationAction$configure$1: loaded 3 times (x 79B)
Class com.android.build.api.dsl.BundleAiModelVersion                                  : loaded 3 times (x 70B)
Class com.google.gson.internal.bind.DefaultDateTypeAdapter$1                          : loaded 3 times (x 75B)
Class com.android.build.gradle.internal.utils.DependencyInfo                          : loaded 3 times (x 72B)
Class com.google.gson.internal.bind.DateTypeAdapter                                   : loaded 3 times (x 74B)
Class com.android.tools.r8.graph.g5                                                   : loaded 3 times (x 72B)
Class com.android.tools.r8.graph.h1                                                   : loaded 3 times (x 107B)
Class com.android.tools.r8.graph.u0                                                   : loaded 3 times (x 72B)
Class com.android.build.api.variant.BuiltArtifacts                                    : loaded 3 times (x 70B)
Class com.android.tools.r8.graph.h3                                                   : loaded 3 times (x 71B)
Class com.android.build.gradle.internal.variant.DefaultFlavorComparator               : loaded 3 times (x 89B)
Class com.android.ide.common.repository.AgpVersion                                    : loaded 3 times (x 75B)
Class com.android.tools.r8.graph.t3                                                   : loaded 3 times (x 91B)
Class com.google.common.reflect.Reflection                                            : loaded 3 times (x 71B)
Class com.android.build.api.component.impl.features.ManifestPlaceholdersCreationConfigImpl: loaded 3 times (x 75B)
Class com.android.tools.r8.synthesis.c                                                : loaded 3 times (x 72B)
Class com.android.tools.r8.internal.zn0                                               : loaded 3 times (x 164B)
Class com.android.build.gradle.internal.component.features.PrivacySandboxCreationConfig: loaded 3 times (x 70B)
Class com.android.build.api.component.impl.features.ResValuesCreationConfigImpl$resValues$2: loaded 3 times (x 79B)
Class com.android.build.gradle.tasks.ExtractDeepLinksTask_Decorated                   : loaded 3 times (x 391B)
Class com.amazon.ion.impl._Private_IonContainer                                       : loaded 2 times (x 70B)
Class com.android.tools.r8.graph.c4                                                   : loaded 2 times (x 74B)
Class com.android.tools.r8.graph.ha                                                   : loaded 2 times (x 70B)
Class com.android.build.api.dsl.CompileSdkReleaseSpec                                 : loaded 2 times (x 70B)
Class com.amazon.ion.impl._Private_RecyclingQueue$ElementFactory                      : loaded 2 times (x 70B)
Class com.android.build.gradle.internal.utils.GradlePluginUtils$enforceMinimumVersionsOfPlugins$1$2: loaded 2 times (x 75B)
Class com.android.build.gradle.internal.plugins.BasePlugin$Companion$createAndroidJdkImageConfiguration$1: loaded 2 times (x 74B)
Class com.android.tools.r8.internal.mB                                                : loaded 2 times (x 146B)
Class com.android.tools.r8.synthesis.q0                                               : loaded 2 times (x 72B)
Class com.android.tools.r8.internal.ef3                                               : loaded 2 times (x 72B)
Class com.android.build.api.variant.LintLifecycleExtension                            : loaded 2 times (x 70B)
Class com.google.common.collect.MapMakerInternalMap$WeakValueReference                : loaded 2 times (x 70B)
Class com.android.utils.concurrency.ReadWriteProcessLock$1                            : loaded 2 times (x 73B)
Class org.gradle.internal.classpath.DefaultClassPath$ImmutableUniqueList$Builder      : loaded 2 times (x 75B)
Class kotlin.jvm.functions.Function2                                                  : loaded 2 times (x 70B)
Class kotlin.KotlinNothingValueException                                              : loaded 2 times (x 82B)
Class org.jetbrains.plugins.gradle.model.GradleSourceSetModel                         : loaded 2 times (x 70B)
Class com.android.tools.r8.graph.p1                                                   : loaded 2 times (x 73B)
Class com.android.ide.gradle.model.dependencies.Coordinates                           : loaded 2 times (x 70B)
Class com.amazon.ion.impl.lite.IonSequenceLite                                        : loaded 2 times (x 432B)
Class com.amazon.ion.impl._Private_Utils$1                                            : loaded 2 times (x 89B)
Class com.amazon.ion.impl.SymbolTableAsStruct                                         : loaded 2 times (x 70B)
Class com.google.common.collect.AbstractRangeSet                                      : loaded 2 times (x 114B)
Class kotlin.collections.MapsKt___MapsJvmKt                                           : loaded 2 times (x 71B)
Class org.gradle.tooling.internal.adapter.WeakIdentityHashMap$AbsentValueProvider     : loaded 2 times (x 70B)
Class com.android.utils.concurrency.ReadWriteProcessLock$2                            : loaded 2 times (x 73B)
Class com.android.tools.r8.internal.an0                                               : loaded 2 times (x 161B)
Class com.intellij.gradle.toolingExtension.impl.model.sourceSetDependencyModel.GradleSourceSetDependencySerialisationService: loaded 2 times (x 77B)
Class com.android.tools.r8.internal.qr0                                               : loaded 2 times (x 72B)
Class com.android.tools.r8.internal.c00                                               : loaded 2 times (x 73B)
Class com.android.build.gradle.internal.lint.AndroidLintAnalysisTask$PerComponentCreationAction: loaded 2 times (x 90B)
Class com.android.buildanalyzer.common.AndroidGradlePluginAttributionData$JavaInfo    : loaded 2 times (x 72B)
Class org.jetbrains.plugins.gradle.tooling.serialization.internal.IdeaProjectSerializationService$WriteContext: loaded 2 times (x 72B)
Class com.amazon.ion.impl.bin.BlockAllocatorProvider                                  : loaded 2 times (x 72B)
Class com.intellij.gradle.toolingExtension.impl.model.buildScriptClasspathModel.GradleBuildScriptClasspathSerializationService$ReadContext: loaded 2 times (x 72B)
Class kotlin.jvm.internal.ArrayIteratorKt                                             : loaded 2 times (x 71B)
Class com.google.common.collect.Iterators$PeekingImpl                                 : loaded 2 times (x 89B)
Class com.google.common.collect.ComparatorOrdering                                    : loaded 2 times (x 115B)
Class com.android.tools.r8.internal.v5                                                : loaded 2 times (x 72B)
Class com.android.build.gradle.internal.services.R8D8ThreadPoolBuildService$Companion : loaded 2 times (x 71B)
Class com.android.tools.r8.graph.c5                                                   : loaded 2 times (x 72B)
Class org.gradle.api.internal.DefaultClassPathProvider                                : loaded 2 times (x 76B)
Class com.android.tools.r8.internal.ym2                                               : loaded 2 times (x 82B)
Class com.android.tools.r8.internal.ra1                                               : loaded 2 times (x 226B)
Class com.android.tools.r8.internal.rp                                                : loaded 2 times (x 79B)
Class com.google.common.collect.MapMakerInternalMap$Strength$1                        : loaded 2 times (x 80B)
Class com.google.common.collect.Maps$ViewCachingAbstractMap                           : loaded 2 times (x 125B)
Class com.google.common.io.CharSource$ConcatenatedCharSource                          : loaded 2 times (x 86B)
Class com.android.build.gradle.internal.errors.SyncIssueReporterImpl$WhenMappings     : loaded 2 times (x 71B)
Class com.android.build.gradle.internal.dependency.AarTransform$Companion             : loaded 2 times (x 71B)
Class com.android.build.gradle.internal.manifest.LazyManifestParser$issueReporter$1   : loaded 2 times (x 74B)
Class com.android.build.api.dsl.MaxSdkVersion                                         : loaded 2 times (x 70B)
Class com.android.build.api.dsl.AgpTestSuite                                          : loaded 2 times (x 70B)
Class com.android.build.gradle.internal.dsl.decorator.annotation.RuntimeGuardedExperimentalApi: loaded 2 times (x 70B)
Class com.android.tools.r8.internal.g5                                                : loaded 2 times (x 78B)
Class com.android.tools.r8.internal.sn0                                               : loaded 2 times (x 161B)
Class com.android.tools.r8.internal.y51                                               : loaded 2 times (x 70B)
Class com.android.build.gradle.internal.tasks.ProcessNavigationXmlTask                : loaded 2 times (x 339B)
Class kotlin.jvm.functions.Function1                                                  : loaded 2 times (x 70B)
Class kotlin.collections.AbstractMutableList                                          : loaded 2 times (x 206B)
Class com.android.build.gradle.internal.tasks.VariantAwareTask                        : loaded 2 times (x 70B)
Class com.amazon.ion.impl.bin.AbstractIonWriter$WriteValueOptimization                : loaded 2 times (x 79B)
Class com.android.tools.r8.graph.F1                                                   : loaded 2 times (x 74B)
Class com.android.build.gradle.internal.tasks.ProcessJavaResTaskKt$getProjectJavaRes$2: loaded 2 times (x 75B)
Class com.android.tools.r8.graph.d9                                                   : loaded 2 times (x 70B)
Class com.android.tools.r8.internal.v2                                                : loaded 2 times (x 128B)
Class com.android.tools.r8.graph.f9                                                   : loaded 2 times (x 72B)
Class com.android.tools.r8.internal.vh2                                               : loaded 2 times (x 70B)
Class com.google.common.collect.MapMakerInternalMap                                   : loaded 2 times (x 161B)
Class [Lcom.android.tools.r8.graph.n1;                                                : loaded 2 times (x 69B)
Class com.android.tools.r8.internal.dl                                                : loaded 2 times (x 131B)
Class com.android.tools.r8.internal.go0                                               : loaded 2 times (x 161B)
Class org.gradle.tooling.model.idea.IdeaDependency                                    : loaded 2 times (x 70B)
Class com.android.build.gradle.internal.plugins.BasePlugin$Companion$createAndroidJdkImageConfiguration$2: loaded 2 times (x 74B)
Class kotlin.collections.ArraysUtilJVM                                                : loaded 2 times (x 71B)
Class kotlin.jvm.functions.Function0                                                  : loaded 2 times (x 70B)
Class kotlin.sequences.FlatteningSequence$iterator$1                                  : loaded 2 times (x 79B)
Class org.jetbrains.plugins.gradle.tooling.serialization.ExternalTestsSerializationService$ReadContext: loaded 2 times (x 72B)
Class com.amazon.ion.impl.BlockedBuffer$BufferedOutputStream                          : loaded 2 times (x 90B)
Class com.amazon.ion.impl.bin.IonBinaryWriterAdapter$Factory                          : loaded 2 times (x 70B)
Class [Lcom.amazon.ion.SymbolTable;                                                   : loaded 2 times (x 69B)
Class com.amazon.ion.impl.bin.IonRawBinaryWriter$1                                    : loaded 2 times (x 77B)
Class com.android.tools.r8.graph.F0                                                   : loaded 2 times (x 141B)
Class build_4gyj21wmglftprw2wx12dy9gf$_run_closure1$_closure3                         : loaded 2 times (x 139B)
Class com.android.tools.r8.internal.PB                                                : loaded 2 times (x 213B)
Class com.android.build.gradle.internal.AndroidTestTaskManager$createMockableJarTask$1$1: loaded 2 times (x 74B)
Class com.android.tools.r8.graph.S1                                                   : loaded 2 times (x 72B)
Class com.android.tools.r8.graph.a2                                                   : loaded 2 times (x 73B)
Class com.android.tools.r8.graph.D1                                                   : loaded 2 times (x 73B)
Class com.amazon.ion.impl.bin.AbstractIonWriter                                       : loaded 2 times (x 161B)
Class gnu.trove.TObjectHash                                                           : loaded 2 times (x 94B)
Class org.jetbrains.plugins.gradle.tooling.util.ObjectCollector$Processor             : loaded 2 times (x 70B)
Class kotlin.jvm.functions.Function4                                                  : loaded 2 times (x 70B)
Class kotlin.collections.EmptySet                                                     : loaded 2 times (x 122B)
Class kotlin.annotation.Target                                                        : loaded 2 times (x 70B)
Class kotlin.collections.CollectionsKt___CollectionsKt                                : loaded 2 times (x 71B)
Class com.android.build.gradle.internal.utils.GradlePluginUtils$enforceMinimumVersionsOfPlugins$1$3: loaded 2 times (x 75B)
Class org.gradle.internal.exceptions.NonGradleCauseExceptionsHolder                   : loaded 2 times (x 70B)
Class org.gradle.tooling.model.idea.IdeaModuleDependency                              : loaded 2 times (x 70B)
Class org.gradle.tooling.internal.adapter.ViewBuilder                                 : loaded 2 times (x 70B)
Class com.android.tools.r8.internal.f71                                               : loaded 2 times (x 81B)
Class com.android.tools.r8.internal.wc0                                               : loaded 2 times (x 70B)
Class org.apache.commons.io.StandardLineSeparator                                     : loaded 2 times (x 79B)
Class com.android.utils.concurrency.ReadWriteProcessLock$3                            : loaded 2 times (x 73B)
Class com.android.tools.r8.internal.zj0                                               : loaded 2 times (x 163B)
Class com.android.tools.r8.internal.qm                                                : loaded 2 times (x 126B)
Class com.google.common.base.Suppliers$MemoizingSupplier                              : loaded 2 times (x 79B)
Class com.google.common.io.CharSource$EmptyCharSource                                 : loaded 2 times (x 86B)
Class com.amazon.ion.impl._Private_RecyclingStack$$Iterator                           : loaded 2 times (x 99B)
Class com.android.tools.r8.graph.hc                                                   : loaded 2 times (x 70B)
Class com.amazon.ion.impl.SharedSymbolTable                                           : loaded 2 times (x 93B)
Class com.android.tools.r8.internal.xa1                                               : loaded 2 times (x 73B)
Class com.android.tools.r8.graph.s5                                                   : loaded 2 times (x 160B)
Class com.android.tools.r8.synthesis.d0                                               : loaded 2 times (x 77B)
Class com.android.tools.r8.internal.ad                                                : loaded 2 times (x 71B)
Class com.amazon.ion.impl.bin.IonRawBinaryWriter                                      : loaded 2 times (x 169B)
Class com.android.build.gradle.internal.attribution.BuildAnalyzerConfiguratorService$Inject_: loaded 2 times (x 96B)
Class com.google.common.io.CharSource$AsByteSource                                    : loaded 2 times (x 85B)
Class com.android.tools.r8.internal.zm2                                               : loaded 2 times (x 72B)
Class com.android.tools.r8.internal.z30                                               : loaded 2 times (x 73B)
Class org.gradle.internal.classloader.VisitableURLClassLoader                         : loaded 2 times (x 117B)
Class org.gradle.tooling.internal.adapter.ProtocolToModelAdapter$ViewGraphDetails$1   : loaded 2 times (x 77B)
Class kotlin.ranges.RangesKt                                                          : loaded 2 times (x 71B)
Class com.android.build.gradle.internal.scope.InternalArtifactType$LIBRARY_ASSETS     : loaded 2 times (x 74B)
Class com.android.tools.r8.internal.HJ                                                : loaded 2 times (x 76B)
Class com.android.tools.r8.internal.wu                                                : loaded 2 times (x 71B)
Class com.amazon.ion.SymbolToken                                                      : loaded 2 times (x 70B)
Class kotlin.sequences.SequencesKt__SequencesKt$sequenceOf$$inlined$Sequence$1        : loaded 2 times (x 75B)
Class kotlin.text.StringsKt__StringNumberConversionsJVMKt                             : loaded 2 times (x 71B)
Class com.google.common.collect.NaturalOrdering                                       : loaded 2 times (x 115B)
Class kotlin.text.MatchResult                                                         : loaded 2 times (x 70B)
Class kotlin.sequences.SequenceScope                                                  : loaded 2 times (x 73B)
Class com.android.build.gradle.internal.dsl.TargetSdkSpecImpl$AgpDecorated_Decorated  : loaded 2 times (x 129B)
Class kotlin.sequences.Sequence                                                       : loaded 2 times (x 70B)
Class org.gradle.tooling.ToolingModelContract                                         : loaded 2 times (x 70B)
Class [Lorg.gradle.api.internal.ClassPathProvider;                                    : loaded 2 times (x 69B)
Class org.gradle.api.internal.ClassPathProvider                                       : loaded 2 times (x 70B)
Class [Lcom.android.tools.r8.internal.ho;                                             : loaded 2 times (x 69B)
Class com.android.build.api.variant.GeneratesTestApkBuilder                           : loaded 2 times (x 70B)
Class com.android.tools.r8.graph.q5                                                   : loaded 2 times (x 74B)
Class com.android.tools.r8.graph.a1                                                   : loaded 2 times (x 70B)
Class com.android.build.api.component.impl.HostTestImpl$buildConfigCreationConfig$2   : loaded 2 times (x 79B)
Class com.android.tools.r8.internal.g4                                                : loaded 2 times (x 72B)
Class com.android.tools.r8.graph.k                                                    : loaded 2 times (x 134B)
Class [Lcom.android.buildanalyzer.common.TaskCategoryIssue;                           : loaded 2 times (x 69B)
Class com.android.build.gradle.internal.lint.LintModelWriterTask                      : loaded 2 times (x 337B)
Class com.google.common.collect.Iterators$EmptyModifiableIterator                     : loaded 2 times (x 86B)
Class com.android.tools.r8.internal.bk                                                : loaded 2 times (x 74B)
Class com.android.tools.r8.internal.vf1                                               : loaded 2 times (x 71B)
Class com.android.tools.r8.graph.f7                                                   : loaded 2 times (x 72B)
Class com.android.tools.r8.internal.EI                                                : loaded 2 times (x 74B)
Class com.android.tools.r8.synthesis.K                                                : loaded 2 times (x 72B)
Class com.android.tools.r8.internal.Ws                                                : loaded 2 times (x 95B)
Class com.android.build.api.variant.impl.SourcesImpl$artProfile$1                     : loaded 2 times (x 75B)
Class com.android.tools.r8.internal.oy0                                               : loaded 2 times (x 72B)
Class com.amazon.ion.system.IonReaderBuilder                                          : loaded 2 times (x 95B)
Class org.jetbrains.plugins.gradle.model.AnnotationProcessingConfig                   : loaded 2 times (x 70B)
Class com.amazon.ion.IonReader                                                        : loaded 2 times (x 70B)
Class gnu.trove.Equality                                                              : loaded 2 times (x 70B)
Class kotlin.text.StringsKt___StringsJvmKt                                            : loaded 2 times (x 71B)
Class kotlin.reflect.KDeclarationContainer                                            : loaded 2 times (x 70B)
Class kotlin.annotation.Retention                                                     : loaded 2 times (x 70B)
Class [Lcom.google.common.collect.MapMakerInternalMap$Strength;                       : loaded 2 times (x 69B)
Class com.google.common.collect.MapMakerInternalMap$Strength$2                        : loaded 2 times (x 80B)
Class com.android.build.gradle.internal.lint.AndroidLintAnalysisTask                  : loaded 2 times (x 350B)
Class com.android.tools.r8.internal.hk0                                               : loaded 2 times (x 170B)
Class com.android.tools.r8.internal.tn                                                : loaded 2 times (x 129B)
Class com.android.tools.r8.internal.dx2                                               : loaded 2 times (x 81B)
Class org.gradle.api.internal.classpath.Module$ModuleAlias                            : loaded 2 times (x 70B)
Class com.android.tools.r8.references.MethodReference                                 : loaded 2 times (x 72B)
Class org.gradle.tooling.internal.adapter.ProtocolToModelAdapter$DefaultViewBuilder   : loaded 2 times (x 80B)
Class kotlin.sequences.SequencesKt___SequencesJvmKt                                   : loaded 2 times (x 71B)
Class com.android.tools.r8.internal.gx                                                : loaded 2 times (x 71B)
Class kotlin.Unit                                                                     : loaded 2 times (x 71B)
Class kotlin.jvm.internal.markers.KMutableIterable                                    : loaded 2 times (x 70B)
Class kotlin.TuplesKt                                                                 : loaded 2 times (x 71B)
Class com.android.build.gradle.internal.core.dsl.impl.features.AndroidTestOptionsDslInfoImpl: loaded 2 times (x 84B)
Class com.amazon.ion.system.IonWriterBuilderBase                                      : loaded 2 times (x 83B)
Class com.amazon.ion.impl._Private_RecyclingQueue                                     : loaded 2 times (x 80B)
Class com.android.build.gradle.internal.utils.KgpUtils$syncAgpAndKgpSources$1         : loaded 2 times (x 75B)
Class com.android.tools.r8.graph.j                                                    : loaded 2 times (x 129B)
Class com.android.tools.r8.synthesis.D                                                : loaded 2 times (x 70B)
Class com.android.tools.r8.graph.q7                                                   : loaded 2 times (x 94B)
Class com.android.tools.r8.graph.a3                                                   : loaded 2 times (x 94B)
Class com.android.build.gradle.internal.dsl.BundleOptionsDeviceGroup$AgpDecorated     : loaded 2 times (x 85B)
Class com.android.tools.r8.graph.f6                                                   : loaded 2 times (x 98B)
Class com.android.tools.r8.internal.tm                                                : loaded 2 times (x 70B)
Class com.google.common.collect.Interners                                             : loaded 2 times (x 71B)
Class ijJvmDebugger1_5lqvmc1626t7dnv8g7gaynidq$_run_closure1$_closure2                : loaded 2 times (x 140B)
Class kotlin.collections.CollectionsKt___CollectionsJvmKt                             : loaded 2 times (x 71B)
Class kotlin.jvm.internal.FunctionReferenceImpl                                       : loaded 2 times (x 122B)
Class com.amazon.ion.impl.bin.BlockAllocator                                          : loaded 2 times (x 80B)
Class com.amazon.ion.impl.IonWriterSystemTextMarkup                                   : loaded 2 times (x 192B)
Class com.android.tools.r8.graph.V1                                                   : loaded 2 times (x 73B)
Class com.amazon.ion.impl.lite.IonBoolLite                                            : loaded 2 times (x 178B)
Class ijInit1_bjt1w9x2mtlkyj5wpm6v6mo3g$_run_closure1                                 : loaded 2 times (x 140B)
Class com.android.build.gradle.internal.TaskManager$Companion$createTasksBeforeEvaluate$7: loaded 2 times (x 74B)
Class kotlin.collections.CollectionsKt___CollectionsKt$asSequence$$inlined$Sequence$1 : loaded 2 times (x 75B)
Class org.gradle.tooling.internal.gradle.DefaultProjectIdentifier                     : loaded 2 times (x 86B)
Class com.google.common.collect.ImmutableRangeSet                                     : loaded 2 times (x 115B)
Class kotlin.text.StringsKt__AppendableKt                                             : loaded 2 times (x 71B)
Class com.amazon.ion.IonWriter                                                        : loaded 2 times (x 70B)
Class com.amazon.ion.impl.bin._Private_IonRawWriter                                   : loaded 2 times (x 70B)
Class com.amazon.ion.impl.bin.IonRawBinaryWriter$PreallocationMode                    : loaded 2 times (x 82B)
Class com.amazon.ion.util.InputStreamInterceptor                                      : loaded 2 times (x 70B)
Class com.amazon.ion.impl.lite.IonSystemLite                                          : loaded 2 times (x 275B)
Class org.gradle.internal.service.UnknownServiceException                             : loaded 2 times (x 83B)
Class com.android.build.gradle.internal.utils.GradlePluginUtils$enforceMinimumVersionsOfPlugins$1$1: loaded 2 times (x 75B)
Class com.android.build.gradle.options.FutureStage                                    : loaded 2 times (x 72B)
Class com.android.build.api.dsl.LibraryAndroidResources                               : loaded 2 times (x 70B)
Class com.google.common.collect.MapMakerInternalMap$StrongValueEntry                  : loaded 2 times (x 70B)
Class com.android.build.gradle.internal.lint.AndroidLintTask$VariantCreationAction$Companion: loaded 2 times (x 71B)
Class com.android.build.gradle.internal.services.BuiltInKotlinSupportMode             : loaded 2 times (x 71B)
Class com.android.build.gradle.internal.dsl.BaseFlavor$setTargetSdkVersion$1          : loaded 2 times (x 78B)
Class com.android.tools.r8.internal.y5                                                : loaded 2 times (x 105B)
Class com.android.tools.r8.graph.s2                                                   : loaded 2 times (x 127B)
Class com.android.tools.r8.graph.f5                                                   : loaded 2 times (x 72B)
Class com.amazon.ion.IonClob                                                          : loaded 2 times (x 70B)
Class org.jetbrains.plugins.gradle.tooling.ModelBuilderService$Parameter              : loaded 2 times (x 70B)
Class kotlin.io.FilesKt                                                               : loaded 2 times (x 71B)
Class kotlin.collections.MapsKt___MapsKt                                              : loaded 2 times (x 71B)
Class kotlin.collections.ArraysKt___ArraysKt                                          : loaded 2 times (x 71B)
Class com.google.common.cache.LocalCache$WriteThroughEntry                            : loaded 2 times (x 79B)
Class com.google.common.cache.LocalCache$HashIterator                                 : loaded 2 times (x 86B)
Class com.google.common.collect.MapMakerInternalMap$StrongKeyDummyValueSegment        : loaded 2 times (x 142B)
Class com.android.tools.r8.graph.v9                                                   : loaded 2 times (x 106B)
Class com.google.common.io.ByteSource$EmptyByteSource                                 : loaded 2 times (x 85B)
Class com.android.tools.r8.internal.zz                                                : loaded 2 times (x 73B)
Class org.gradle.internal.classloader.ClassLoaderSpec                                 : loaded 2 times (x 71B)
Class com.android.tools.r8.synthesis.a0                                               : loaded 2 times (x 70B)
Class com.android.tools.r8.graph.p5                                                   : loaded 2 times (x 73B)
Class com.android.tools.r8.graph.a4                                                   : loaded 2 times (x 73B)
Class com.android.build.gradle.internal.dsl.CompileSdkDelegate                        : loaded 2 times (x 89B)
Class com.android.build.gradle.internal.dependency.SourceTypeAttributeKt              : loaded 2 times (x 71B)
Class com.android.tools.r8.graph.f4                                                   : loaded 2 times (x 72B)
Class com.android.tools.r8.synthesis.t0                                               : loaded 2 times (x 105B)
Class com.android.build.gradle.internal.lint.AndroidLintTask$FixSingleVariantCreationAction: loaded 2 times (x 95B)
Class com.google.common.io.Java8Compatibility                                         : loaded 2 times (x 71B)
Class com.android.tools.r8.internal.jy2                                               : loaded 2 times (x 174B)
Class com.android.build.gradle.internal.dependency.ExtractNavigationXmlTransform$Inject_1: loaded 2 times (x 109B)
Class com.android.tools.r8.internal.gn                                                : loaded 2 times (x 124B)
Class com.android.tools.r8.internal.tk                                                : loaded 2 times (x 124B)
Class com.android.tools.r8.internal.y4                                                : loaded 2 times (x 305B)
Class com.android.tools.r8.internal.qd                                                : loaded 2 times (x 191B)
Class com.android.tools.r8.internal.i0                                                : loaded 2 times (x 71B)
Class org.gradle.util.internal.DefaultGradleVersion                                   : loaded 2 times (x 82B)
Class kotlin.Result$Companion                                                         : loaded 2 times (x 71B)
Class kotlin.coroutines.jvm.internal.BaseContinuationImpl                             : loaded 2 times (x 87B)
Class kotlin.comparisons.ComparisonsKt___ComparisonsKt                                : loaded 2 times (x 71B)
Class kotlin.comparisons.ComparisonsKt                                                : loaded 2 times (x 71B)
Class kotlin.text.CharsKt__CharJVMKt                                                  : loaded 2 times (x 71B)
Class kotlin.sequences.FilteringSequence                                              : loaded 2 times (x 75B)
Class org.jetbrains.plugins.gradle.model.GradleBuildScriptClasspathModel              : loaded 2 times (x 70B)
Class com.amazon.ion.IonStruct                                                        : loaded 2 times (x 70B)
Class com.amazon.ion.impl.bin.IonManagedBinaryWriter$SymbolState                      : loaded 2 times (x 80B)
Class com.android.build.gradle.internal.tasks.DexMergingTask$CreationAction$handleProvider$3: loaded 2 times (x 127B)
Class com.android.tools.r8.graph.f3                                                   : loaded 2 times (x 158B)
Class com.android.tools.r8.internal.pj0                                               : loaded 2 times (x 162B)
Class org.gradle.internal.classpath.DefaultClassPath                                  : loaded 2 times (x 90B)
Class org.gradle.internal.classloader.VisitableURLClassLoader$Spec                    : loaded 2 times (x 74B)
Class kotlin.coroutines.Continuation                                                  : loaded 2 times (x 70B)
Class kotlin.sequences.SequencesKt__SequencesKt                                       : loaded 2 times (x 71B)
Class kotlin.collections.SetsKt___SetsKt                                              : loaded 2 times (x 71B)
Class kotlin.ranges.RangesKt__RangesKt                                                : loaded 2 times (x 71B)
Class kotlin.comparisons.ComparisonsKt__ComparisonsKt                                 : loaded 2 times (x 71B)
Class kotlin.sequences.SequencesKt__SequencesKt$sequenceOf$1$1                        : loaded 2 times (x 79B)
Class com.amazon.ion.UnsupportedIonVersionException                                   : loaded 2 times (x 85B)
Class [Lcom.amazon.ion.impl.bin.IonRawBinaryWriter$StreamFlushMode;                   : loaded 2 times (x 69B)
Class com.android.tools.r8.graph.I1                                                   : loaded 2 times (x 72B)
Class com.android.tools.r8.internal.Py                                                : loaded 2 times (x 82B)
Class com.android.tools.r8.internal.l5                                                : loaded 2 times (x 76B)
Class org.jetbrains.kotlin.idea.gradleTooling.model.kapt.KaptGradleModel              : loaded 2 times (x 70B)
Class com.android.tools.r8.internal.tv                                                : loaded 2 times (x 79B)
Class com.android.tools.r8.internal.lB                                                : loaded 2 times (x 85B)
Class com.amazon.ion.impl.lite.IonLobLite                                             : loaded 2 times (x 184B)
Class com.amazon.ion.impl.lite.IonTextLite                                            : loaded 2 times (x 181B)
Class com.amazon.ion.IonNumber                                                        : loaded 2 times (x 70B)
Class gnu.trove.TObjectHashingStrategy                                                : loaded 2 times (x 70B)
Class kotlin.collections.MapsKt__MapWithDefaultKt                                     : loaded 2 times (x 71B)
Class org.gradle.tooling.internal.adapter.ProtocolToModelAdapter$ReflectionMethodInvoker: loaded 2 times (x 76B)
Class com.android.builder.utils.ExceptionFunction                                     : loaded 2 times (x 70B)
Class org.jetbrains.kotlin.idea.gradleTooling.KotlinDslScriptAdditionalTask           : loaded 2 times (x 70B)
Class org.jetbrains.plugins.gradle.model.ClasspathEntryModel                          : loaded 2 times (x 70B)
Class com.android.tools.r8.internal.f5                                                : loaded 2 times (x 284B)
Class [Lcom.android.tools.r8.graph.a1;                                                : loaded 2 times (x 69B)
Class [Lcom.google.common.collect.MapMaker$Dummy;                                     : loaded 2 times (x 69B)
Class org.apache.commons.io.output.QueueOutputStream                                  : loaded 2 times (x 87B)
Class com.android.tools.r8.internal.yb                                                : loaded 2 times (x 75B)
Class com.android.tools.r8.internal.qp0                                               : loaded 2 times (x 161B)
Class com.android.build.gradle.internal.lint.AndroidLintTask$UpdateBaselineCreationAction: loaded 2 times (x 95B)
Class com.android.build.gradle.tasks.CompileNavigationXmlTask$CreationAction          : loaded 2 times (x 91B)
Class com.android.tools.r8.internal.z61                                               : loaded 2 times (x 71B)
Class com.android.tools.r8.internal.ds0                                               : loaded 2 times (x 76B)
Class com.android.build.gradle.internal.lint.LintModelWriterTask$Companion            : loaded 2 times (x 71B)
Class com.google.common.collect.MapMakerInternalMap$StrongKeyDummyValueEntry$Helper   : loaded 2 times (x 79B)
Class com.android.tools.r8.internal.m91                                               : loaded 2 times (x 74B)
Class [Lcom.android.builder.utils.SynchronizedFile$LockingType;                       : loaded 2 times (x 69B)
Class org.apache.commons.io.FileUtils                                                 : loaded 2 times (x 71B)
Class org.gradle.internal.classloader.VisitableURLClassLoader$InstrumentingVisitableURLClassLoader: loaded 2 times (x 123B)
Class org.gradle.tooling.model.internal.ImmutableDomainObjectSet                      : loaded 2 times (x 155B)
Class org.jetbrains.plugins.gradle.tooling.util.IntObjectMap$1                        : loaded 2 times (x 77B)
Class com.android.tools.r8.graph.f1                                                   : loaded 2 times (x 70B)
Class com.android.tools.r8.graph.a5                                                   : loaded 2 times (x 73B)
Class com.android.build.gradle.internal.dependency.ExtractNavigationXmlTransform      : loaded 2 times (x 78B)
Class com.android.build.gradle.internal.scope.InternalArtifactType$COMPILED_NAVIGATION_RES: loaded 2 times (x 74B)
Class com.android.build.gradle.tasks.MergeSourceSetFolders$MergeAssetCreationAction$handleProvider$1: loaded 2 times (x 127B)
Class com.android.build.gradle.internal.dependency.VariantDependencies$getAdditionalArtifacts$1: loaded 2 times (x 75B)
Class com.android.tools.r8.internal.vk1                                               : loaded 2 times (x 73B)
Class kotlin.Triple                                                                   : loaded 2 times (x 72B)
Class kotlin.sequences.SequencesKt__SequenceBuilderKt$sequence$$inlined$Sequence$1    : loaded 2 times (x 75B)
Class kotlin.text.Regex                                                               : loaded 2 times (x 72B)
Class com.google.common.collect.ImmutableRangeSet$Builder                             : loaded 2 times (x 77B)
Class kotlin.text.StringsKt__StringBuilderJVMKt                                       : loaded 2 times (x 71B)
Class com.intellij.gradle.toolingExtension.impl.model.taskModel.GradleTaskSerialisationService: loaded 2 times (x 76B)
Class com.amazon.ion.system.SimpleCatalog                                             : loaded 2 times (x 91B)
Class com.amazon.ion.BufferConfiguration                                              : loaded 2 times (x 73B)
Class com.android.ide.gradle.model.LegacyV1AgpVersionModel                            : loaded 2 times (x 70B)
Class org.jetbrains.kotlin.tooling.core.Extras                                        : loaded 2 times (x 70B)
Class com.android.build.gradle.internal.core.dsl.impl.ApplicationVariantDslInfoImpl$localeFilters$2: loaded 2 times (x 79B)
Class com.android.tools.r8.graph.Q1                                                   : loaded 2 times (x 73B)
Class com.android.ide.gradle.model.AdditionalClassifierArtifactsModelParameter        : loaded 2 times (x 70B)
Class com.amazon.ion.IonTimestamp                                                     : loaded 2 times (x 70B)
Class com.amazon.ion.impl.bin.PooledBlockAllocatorProvider$PooledBlockAllocator       : loaded 2 times (x 81B)
Class org.jetbrains.plugins.gradle.tooling.serialization.GradleExtensionsSerializationService: loaded 2 times (x 77B)
Class org.gradle.api.JavaVersion                                                      : loaded 2 times (x 79B)
Class com.android.tools.r8.graph.d7                                                   : loaded 2 times (x 107B)
Class org.gradle.tooling.model.Dependency                                             : loaded 2 times (x 70B)
Class com.android.tools.r8.internal.zh0                                               : loaded 2 times (x 161B)
Class org.jetbrains.kotlin.tooling.core.HasMutableExtras                              : loaded 2 times (x 70B)
Class com.android.tools.r8.synthesis.k                                                : loaded 2 times (x 70B)
Class com.android.tools.r8.internal.hx2                                               : loaded 2 times (x 196B)
Class com.google.protobuf.MutabilityOracle                                            : loaded 2 times (x 70B)
Class com.android.tools.r8.internal.mk0                                               : loaded 2 times (x 167B)
Class com.android.build.gradle.internal.lint.AndroidLintTask$VariantCreationAction$Companion$registerLintIntermediateArtifacts$2: loaded 2 times (x 127B)
Class com.android.build.gradle.internal.scope.InternalMultipleArtifactType$LINT_VITAL_REPORT_LINT_MODEL: loaded 2 times (x 74B)
Class com.android.tools.r8.internal.nl2                                               : loaded 2 times (x 82B)
Class com.android.tools.r8.internal.ym0                                               : loaded 2 times (x 161B)
Class com.android.tools.r8.internal.lp0                                               : loaded 2 times (x 161B)
Class com.android.tools.r8.internal.w72                                               : loaded 2 times (x 79B)
Class com.android.tools.r8.graph.a6                                                   : loaded 2 times (x 121B)
Class com.android.build.api.component.impl.ComponentImpl$builtInKaptSupportMode$2     : loaded 2 times (x 79B)
Class com.android.tools.r8.internal.OB                                                : loaded 2 times (x 146B)
Class [Lcom.amazon.ion.impl.bin.IonManagedBinaryWriter$UserState;                     : loaded 2 times (x 69B)
Class com.amazon.ion.impl.bin.utf8.Utf8StringEncoder                                  : loaded 2 times (x 80B)
Class com.amazon.ion.IonBool                                                          : loaded 2 times (x 70B)
Class kotlin.text.StringsKt___StringsKt                                               : loaded 2 times (x 71B)
Class com.google.common.collect.NullsLastOrdering                                     : loaded 2 times (x 115B)
Class kotlin.collections.CollectionsKt__MutableCollectionsJVMKt                       : loaded 2 times (x 71B)
Class com.android.build.gradle.internal.scope.InternalArtifactType$D8_METADATA        : loaded 2 times (x 74B)
Class kotlin.enums.EnumEntriesKt                                                      : loaded 2 times (x 71B)
Class com.android.tools.r8.internal.kc                                                : loaded 2 times (x 70B)
Class com.android.utils.concurrency.ReadWriteProcessLock$ReadLock                     : loaded 2 times (x 77B)
Class com.android.tools.r8.internal.sk0                                               : loaded 2 times (x 161B)
Class com.google.common.collect.ImmutableMapKeySet                                    : loaded 2 times (x 152B)
Class com.android.build.gradle.internal.lint.AndroidLintAnalysisTask$Companion$registerOutputArtifacts$1: loaded 2 times (x 127B)
Class com.android.tools.r8.graph.v4                                                   : loaded 2 times (x 72B)
Class [Lcom.google.common.collect.Iterators$EmptyModifiableIterator;                  : loaded 2 times (x 69B)
Class com.android.tools.r8.internal.f82                                               : loaded 2 times (x 71B)
Class com.android.tools.r8.shaking.e4                                                 : loaded 2 times (x 81B)
Class com.android.tools.r8.internal.o51                                               : loaded 2 times (x 72B)
Class com.android.tools.r8.internal.dc                                                : loaded 2 times (x 75B)
Class com.android.utils.JvmWideVariable$4                                             : loaded 2 times (x 73B)
Class org.apache.commons.io.output.StringBuilderWriter                                : loaded 2 times (x 100B)
Class kotlin.collections.AbstractCollection                                           : loaded 2 times (x 117B)
Class kotlin.collections.AbstractList                                                 : loaded 2 times (x 197B)
Class org.gradle.tooling.model.Element                                                : loaded 2 times (x 70B)
Class org.gradle.tooling.internal.adapter.ProtocolToModelAdapter$NoOpDecoration       : loaded 2 times (x 79B)
Class org.gradle.tooling.internal.adapter.TypeInspector                               : loaded 2 times (x 73B)
Class kotlin.coroutines.jvm.internal.RestrictedSuspendLambda                          : loaded 2 times (x 91B)
Class kotlin.sequences.SequencesKt__SequencesJVMKt                                    : loaded 2 times (x 71B)
Class [Lorg.apache.commons.io.StandardLineSeparator;                                  : loaded 2 times (x 69B)
Class com.google.common.collect.CompoundOrdering                                      : loaded 2 times (x 115B)
Class kotlin.io.FilePathComponents                                                    : loaded 2 times (x 72B)
Class org.jetbrains.plugins.gradle.model.GradleSourceSetDependencyModel               : loaded 2 times (x 70B)
Class com.android.tools.r8.internal.a50                                               : loaded 2 times (x 71B)
Class com.amazon.ion.IonString                                                        : loaded 2 times (x 70B)
Class com.google.common.collect.Interners$InternerImpl                                : loaded 2 times (x 75B)
Class com.google.common.collect.Interner                                              : loaded 2 times (x 70B)
Class com.google.common.collect.TransformedIterator                                   : loaded 2 times (x 80B)
Class com.android.tools.r8.synthesis.q                                                : loaded 2 times (x 81B)
Class com.android.tools.r8.graph.n3                                                   : loaded 2 times (x 73B)
Class com.android.tools.r8.graph.fc                                                   : loaded 2 times (x 70B)
Class com.android.tools.r8.graph.i6                                                   : loaded 2 times (x 174B)
Class com.android.tools.r8.graph.v3                                                   : loaded 2 times (x 73B)
Class com.google.common.collect.AbstractMapBasedMultimap$WrappedList                  : loaded 2 times (x 205B)
Class com.android.tools.r8.internal.jp                                                : loaded 2 times (x 79B)
Class kotlin.sequences.SequencesKt___SequencesKt$flatMap$2                            : loaded 2 times (x 125B)
Class com.google.common.collect.Ordering                                              : loaded 2 times (x 114B)
Class org.jetbrains.plugins.gradle.tooling.serialization.internal.IdeaProjectSerializationService: loaded 2 times (x 77B)
Class com.intellij.gradle.toolingExtension.model.repositoryModel.RepositoryModel      : loaded 2 times (x 70B)
Class org.jetbrains.kotlin.idea.projectModel.KotlinTaskProperties                     : loaded 2 times (x 70B)
Class com.android.tools.r8.internal.lh2                                               : loaded 2 times (x 71B)
Class com.android.tools.r8.internal.mw                                                : loaded 2 times (x 71B)
Class com.android.build.gradle.internal.dsl.MaxSdkSpecImpl                            : loaded 2 times (x 79B)
Class com.android.build.gradle.LintLifecycleExtensionImpl_Decorated                   : loaded 2 times (x 124B)
Class com.android.build.gradle.internal.ide.SyncIssueImpl                             : loaded 2 times (x 79B)
Class com.android.tools.r8.internal.zp0                                               : loaded 2 times (x 161B)
Class com.android.utils.JvmWideVariable$3                                             : loaded 2 times (x 72B)
Class org.gradle.internal.time.Clock                                                  : loaded 2 times (x 70B)
Class kotlin.collections.EmptyIterator                                                : loaded 2 times (x 89B)
Class kotlin.text.StringsKt__RegexExtensionsKt                                        : loaded 2 times (x 71B)
Class com.intellij.gradle.toolingExtension.impl.model.utilDummyModel.DummyModel       : loaded 2 times (x 70B)
Class org.jetbrains.plugins.gradle.model.FileCollectionDependency                     : loaded 2 times (x 70B)
Class com.amazon.ion.impl.lite.IonTimestampLite                                       : loaded 2 times (x 192B)
Class com.amazon.ion.impl.LocalSymbolTableAsStruct                                    : loaded 2 times (x 126B)
Class com.android.tools.r8.graph.Y1                                                   : loaded 2 times (x 73B)
Class com.android.tools.r8.internal.Dl                                                : loaded 2 times (x 81B)
Class com.android.tools.r8.internal.Gs                                                : loaded 2 times (x 87B)
Class com.android.tools.r8.synthesis.O                                                : loaded 2 times (x 81B)
Class com.android.tools.r8.dex.W$a                                                    : loaded 2 times (x 79B)
Class com.android.tools.r8.internal.zs                                                : loaded 2 times (x 75B)
Class com.amazon.ion.IonLoader                                                        : loaded 2 times (x 70B)
Class com.intellij.gradle.toolingExtension.model.repositoryModel.ProjectRepositoriesModel: loaded 2 times (x 70B)
Class org.jetbrains.plugins.gradle.model.GradleProperty                               : loaded 2 times (x 70B)
Class gnu.trove.TObjectCanonicalHashingStrategy                                       : loaded 2 times (x 78B)
Class com.google.common.collect.ImmutableRangeSet$ComplementRanges                    : loaded 2 times (x 207B)
Class com.android.tools.r8.graph.m1                                                   : loaded 2 times (x 106B)
Class com.android.build.gradle.internal.services.BuiltInKotlinServicesKt              : loaded 2 times (x 71B)
Class com.android.tools.r8.internal.VT                                                : loaded 2 times (x 71B)
Class com.amazon.ion.IonDatagram                                                      : loaded 2 times (x 70B)
Class com.android.tools.r8.graph.i5                                                   : loaded 2 times (x 72B)
Class com.android.tools.r8.graph.b8$b                                                 : loaded 2 times (x 81B)
Class com.android.tools.r8.internal.xg0                                               : loaded 2 times (x 110B)
Class com.android.tools.r8.internal.k71                                               : loaded 2 times (x 73B)
Class com.android.build.gradle.internal.attribution.BuildAnalyzerService$RegistrationAction: loaded 2 times (x 75B)
Class com.google.common.collect.AbstractMapBasedMultimap$AsMap                        : loaded 2 times (x 128B)
Class com.google.common.collect.MapMakerInternalMap$StrongKeyDummyValueEntry          : loaded 2 times (x 82B)
Class com.google.common.collect.CollectSpliterators                                   : loaded 2 times (x 71B)
Class com.google.common.io.LineReader$1                                               : loaded 2 times (x 75B)
Class com.android.tools.r8.graph.v2                                                   : loaded 2 times (x 132B)
Class com.android.tools.r8.internal.ye1                                               : loaded 2 times (x 77B)
Class com.android.tools.r8.graph.nb                                                   : loaded 2 times (x 70B)
Class com.android.tools.r8.internal.kj0                                               : loaded 2 times (x 161B)
Class com.android.utils.JvmWideVariable$2                                             : loaded 2 times (x 72B)
Class com.android.tools.r8.internal.zc2                                               : loaded 2 times (x 71B)
Class kotlin.jvm.internal.ArrayIterator                                               : loaded 2 times (x 79B)
Class com.intellij.gradle.toolingExtension.impl.model.buildScriptClasspathModel.GradleBuildScriptClasspathSerializationService: loaded 2 times (x 77B)
Class com.amazon.ion.impl.bin.IonManagedBinaryWriter$ImportedSymbolResolverMode       : loaded 2 times (x 80B)
Class com.amazon.ion.impl.LocalSymbolTable$Factory                                    : loaded 2 times (x 77B)
Class com.amazon.ion.impl._Private_RecyclingStack$ElementFactory                      : loaded 2 times (x 70B)
Class com.amazon.ion.impl.bin.IonManagedBinaryWriter$ImportedSymbolResolverMode$1$1   : loaded 2 times (x 78B)
Class com.amazon.ion.impl._Private_ByteTransferSink                                   : loaded 2 times (x 70B)
Class com.android.build.gradle.internal.services.R8D8ThreadPoolBuildService$Parameters_Decorated: loaded 2 times (x 127B)
Class com.android.build.api.dsl.TargetSdkVersion                                      : loaded 2 times (x 70B)
Class com.intellij.openapi.externalSystem.model.project.dependencies.ResolutionState  : loaded 2 times (x 79B)
Class kotlin.text.StringsKt__RegexExtensionsJVMKt                                     : loaded 2 times (x 71B)
Class com.google.common.collect.ComparisonChain$1                                     : loaded 2 times (x 81B)
Class com.google.common.collect.AllEqualOrdering                                      : loaded 2 times (x 114B)
Class kotlin.collections.ArraysKt___ArraysJvmKt                                       : loaded 2 times (x 71B)
Class kotlin.collections.CollectionsKt__CollectionsKt                                 : loaded 2 times (x 71B)
Class com.android.tools.r8.graph.i4                                                   : loaded 2 times (x 73B)
Class com.android.tools.r8.synthesis.w0                                               : loaded 2 times (x 85B)
Class com.android.build.gradle.internal.res.LinkApplicationAndroidResourcesTask$BaseCreationAction$configure$1: loaded 2 times (x 74B)
Class com.android.build.gradle.internal.lint.LintModelWriterTask$Companion$registerOutputArtifacts$2: loaded 2 times (x 127B)
Class com.android.tools.r8.internal.pm1                                               : loaded 2 times (x 70B)
Class com.android.tools.r8.internal.mu                                                : loaded 2 times (x 125B)
Class com.android.tools.r8.internal.e21                                               : loaded 2 times (x 80B)
Class com.android.sdklib.SdkVersionInfo                                               : loaded 2 times (x 71B)
Class com.android.utils.JvmWideVariable$1                                             : loaded 2 times (x 73B)
Class com.amazon.ion.IonFloat                                                         : loaded 2 times (x 70B)
Class com.amazon.ion.impl.lite.IonListLite                                            : loaded 2 times (x 490B)
Class com.amazon.ion.impl.lite.IonSexpLite                                            : loaded 2 times (x 490B)
Class com.android.tools.r8.internal.q0                                                : loaded 2 times (x 83B)
Class com.android.tools.r8.internal.gz2                                               : loaded 2 times (x 70B)
Class com.google.common.collect.MapMaker$Dummy                                        : loaded 2 times (x 79B)
Class com.android.tools.r8.synthesis.P                                                : loaded 2 times (x 72B)
Class com.android.build.api.variant.impl.SourcesImpl$manifestFile$1                   : loaded 2 times (x 75B)
Class com.amazon.ion.impl._Private_Utils                                              : loaded 2 times (x 71B)
Class kotlin.ranges.IntRange$Companion                                                : loaded 2 times (x 71B)
Class kotlin.text.MatcherMatchResult$groups$1                                         : loaded 2 times (x 151B)
Class kotlin.collections.EmptyMap                                                     : loaded 2 times (x 108B)
Class kotlin.reflect.KAnnotatedElement                                                : loaded 2 times (x 70B)
Class kotlin.jvm.internal.markers.KMutableCollection                                  : loaded 2 times (x 70B)
Class kotlin.coroutines.intrinsics.IntrinsicsKt                                       : loaded 2 times (x 71B)
Class org.gradle.internal.exceptions.MultiCauseException                              : loaded 2 times (x 70B)
Class org.gradle.internal.time.CountdownTimer                                         : loaded 2 times (x 70B)
Class kotlin.jvm.internal.Intrinsics                                                  : loaded 2 times (x 71B)
Class com.android.tools.r8.internal.e71                                               : loaded 2 times (x 70B)
Class com.android.tools.r8.synthesis.r0$b                                             : loaded 2 times (x 105B)
Class com.android.tools.r8.internal.nl                                                : loaded 2 times (x 125B)
Class com.google.common.base.Suppliers$NonSerializableMemoizingSupplier               : loaded 2 times (x 79B)
Class com.google.gson.internal.Streams$AppendableWriter                               : loaded 2 times (x 99B)
Class com.android.build.gradle.internal.ide.v2.SyncIssueImpl$Companion                : loaded 2 times (x 71B)
Class com.android.tools.r8.graph.n4                                                   : loaded 2 times (x 72B)
Class com.android.tools.r8.internal.wa1                                               : loaded 2 times (x 93B)
Class com.android.build.gradle.internal.dsl.decorator.SupportedPropertyType$Var$Custom: loaded 2 times (x 74B)
Class com.android.build.gradle.LintLifecycleExtensionImpl                             : loaded 2 times (x 80B)
Class com.android.tools.r8.internal.xb                                                : loaded 2 times (x 72B)
Class com.android.tools.r8.internal.zq                                                : loaded 2 times (x 90B)
Class com.android.tools.r8.internal.tc                                                : loaded 2 times (x 70B)
Class com.android.build.gradle.internal.attribution.BuildAnalyzerIssueReporter$Companion: loaded 2 times (x 71B)
Class com.android.build.gradle.internal.lint.LintModelWriterTask$Companion$registerOutputArtifacts$1: loaded 2 times (x 127B)
Class org.objectweb.asm.TypeReference                                                 : loaded 2 times (x 80B)
Class com.google.common.collect.MapMaker                                              : loaded 2 times (x 72B)
Class com.android.tools.r8.internal.cp0                                               : loaded 2 times (x 168B)
Class com.android.tools.r8.internal.mf0                                               : loaded 2 times (x 161B)
Class org.apache.commons.io.file.PathFilter                                           : loaded 2 times (x 70B)
Class com.android.tools.r8.internal.i71                                               : loaded 2 times (x 71B)
Class org.gradle.api.specs.Spec                                                       : loaded 2 times (x 70B)
Class kotlin.jvm.internal.DefaultConstructorMarker                                    : loaded 2 times (x 71B)
Class org.gradle.internal.time.TimeSource$1                                           : loaded 2 times (x 77B)
Class kotlin.sequences.DistinctSequence                                               : loaded 2 times (x 75B)
Class [Lcom.amazon.ion.impl.bin.IonRawBinaryWriter$PreallocationMode;                 : loaded 2 times (x 69B)
Class com.amazon.ion.util._Private_FastAppendable                                     : loaded 2 times (x 70B)
Class com.amazon.ion.impl._Private_IonReaderBuilder$TwoElementInputStream             : loaded 2 times (x 92B)
Class com.amazon.ion.impl.lite.IonIntLite                                             : loaded 2 times (x 189B)
Class com.android.build.gradle.internal.component.VariantCreationConfig$Companion     : loaded 2 times (x 71B)
Class com.android.tools.r8.internal.a20                                               : loaded 2 times (x 79B)
Class com.android.build.gradle.internal.dsl.TargetSdkVersionImpl                      : loaded 2 times (x 76B)
Class org.jetbrains.plugins.gradle.model.ExternalLibraryDependency                    : loaded 2 times (x 70B)
Class com.android.build.gradle.internal.dependency.SourceTypeCompatibilityRule        : loaded 2 times (x 76B)
Class kotlin.text.Regex$Companion                                                     : loaded 2 times (x 71B)
Class com.android.tools.r8.graph.ic                                                   : loaded 2 times (x 232B)
Class [Lcom.android.tools.r8.graph.g3;                                                : loaded 2 times (x 69B)
Class com.android.build.gradle.internal.dsl.LibraryAndroidResourcesImpl               : loaded 2 times (x 121B)
Class com.google.common.io.CharSource                                                 : loaded 2 times (x 85B)
Class com.android.tools.r8.internal.f00                                               : loaded 2 times (x 73B)
Class com.android.build.gradle.internal.scope.InternalMultipleArtifactType$LINT_REPORT_LINT_MODEL: loaded 2 times (x 74B)
Class com.android.build.gradle.internal.lint.AndroidLintTask$VariantCreationAction$Companion$registerLintIntermediateArtifacts$1: loaded 2 times (x 127B)
Class com.android.tools.r8.internal.ag0                                               : loaded 2 times (x 75B)
Class com.android.tools.r8.internal.rm                                                : loaded 2 times (x 129B)
Class kotlin.collections.AbstractList$Companion                                       : loaded 2 times (x 71B)
Class kotlin.sequences.SequencesKt___SequencesKt                                      : loaded 2 times (x 71B)
Class kotlin.text.MatcherMatchResult$groupValues$1                                    : loaded 2 times (x 198B)
Class com.android.tools.r8.shaking.u3                                                 : loaded 2 times (x 82B)
Class com.google.common.collect.ComparisonChain                                       : loaded 2 times (x 80B)
Class com.android.tools.r8.synthesis.Q                                                : loaded 2 times (x 73B)
Class com.android.tools.r8.graph.P1                                                   : loaded 2 times (x 72B)
Class kotlin.io.FileSystemException                                                   : loaded 2 times (x 82B)
Class com.intellij.gradle.toolingExtension.impl.model.projectModel.GradleExternalProjectSerializationService$ReadContext: loaded 2 times (x 73B)
Class com.intellij.gradle.toolingExtension.impl.model.dependencyModel.DependencyWriteContext: loaded 2 times (x 72B)
Class kotlin.collections.MapsKt                                                       : loaded 2 times (x 71B)
Class kotlin.coroutines.intrinsics.CoroutineSingletons                                : loaded 2 times (x 79B)
Class kotlin.collections.CollectionsKt__IterablesKt                                   : loaded 2 times (x 71B)
Class org.gradle.tooling.model.ProjectModel                                           : loaded 2 times (x 70B)
Class com.google.common.collect.AbstractMapBasedMultimap$RandomAccessWrappedList      : loaded 2 times (x 205B)
Class com.intellij.gradle.toolingExtension.impl.model.sourceSetModel.GradleSourceSetSerialisationService: loaded 2 times (x 77B)
Class com.google.common.collect.ReverseNaturalOrdering                                : loaded 2 times (x 114B)
Class com.amazon.ion.impl.bin.IonManagedBinaryWriter$ImportedSymbolResolverMode$2     : loaded 2 times (x 80B)
Class com.android.tools.r8.graph.b8$d                                                 : loaded 2 times (x 70B)
Class com.android.tools.r8.internal.QR                                                : loaded 2 times (x 71B)
Class com.android.tools.r8.graph.ec                                                   : loaded 2 times (x 70B)
Class sync_studio_tooling2194_1903hujfi2yvjnj8aj38qane9$_run_closure1                 : loaded 2 times (x 139B)
Class org.gradle.internal.classpath.TransformedClassPath                              : loaded 2 times (x 96B)
Class org.gradle.internal.classloader.InstrumentingClassLoader                        : loaded 2 times (x 70B)
Class org.apache.commons.io.output.UnsynchronizedByteArrayOutputStream                : loaded 2 times (x 102B)
Class org.jetbrains.kotlin.tooling.core.HasExtras                                     : loaded 2 times (x 70B)
Class com.android.tools.r8.internal.t8                                                : loaded 2 times (x 284B)
Class com.android.tools.r8.internal.d4                                                : loaded 2 times (x 72B)
Class com.android.tools.r8.graph.a8                                                   : loaded 2 times (x 94B)
Class com.android.tools.r8.graph.n5                                                   : loaded 2 times (x 72B)
Class com.android.build.gradle.internal.VariantManager$createVariantsFromCombination$8: loaded 2 times (x 79B)
Class com.android.build.gradle.internal.HostTestTaskManager$setupAssembleTasks$2      : loaded 2 times (x 75B)
Class com.android.tools.r8.synthesis.j0                                               : loaded 2 times (x 71B)
Class com.android.tools.r8.internal.wl2                                               : loaded 2 times (x 104B)
Class com.android.tools.r8.internal.zo                                                : loaded 2 times (x 124B)
Class com.android.builder.utils.SynchronizedFile$LockingType                          : loaded 2 times (x 79B)
Class com.android.build.gradle.internal.services.BuiltInKaptSupportMode               : loaded 2 times (x 71B)
Class org.gradle.internal.classloader.ClasspathUtil                                   : loaded 2 times (x 71B)
Class com.android.tools.r8.graph.T1                                                   : loaded 2 times (x 72B)
Class com.android.tools.r8.internal.us                                                : loaded 2 times (x 71B)
Class org.gradle.tooling.model.ProjectIdentifier                                      : loaded 2 times (x 70B)
Class org.gradle.tooling.model.idea.IdeaCompilerOutput                                : loaded 2 times (x 70B)
Class com.android.build.gradle.internal.cxx.model.CxxAbiModel                         : loaded 2 times (x 72B)
Class kotlin.text.MatchResult$DefaultImpls                                            : loaded 2 times (x 71B)
Class com.amazon.ion.impl.bin.IonManagedBinaryWriter$ImportedSymbolContext            : loaded 2 times (x 72B)
Class com.amazon.ion.IonSystem                                                        : loaded 2 times (x 70B)
Class org.jetbrains.plugins.gradle.model.MavenRepositoryModel                         : loaded 2 times (x 70B)
Class com.android.build.gradle.internal.component.legacy.ModelV1LegacySupport         : loaded 2 times (x 70B)
Class build_4gyj21wmglftprw2wx12dy9gf$_run_closure1                                   : loaded 2 times (x 139B)
Class com.android.build.gradle.internal.errors.AndroidProblemReporterProvider$Parameters_Decorated: loaded 2 times (x 130B)
Class com.android.build.gradle.internal.errors.AndroidProblemReporterProvider$Parameters: loaded 2 times (x 70B)
Class com.android.build.gradle.internal.utils.ConsoleProgressIndicatorFactory         : loaded 2 times (x 72B)
Class com.android.tools.r8.internal.F1                                                : loaded 2 times (x 73B)
Class org.jetbrains.plugins.gradle.model.GradleConfiguration                          : loaded 2 times (x 70B)
Class com.amazon.ion.impl.bin.utf8.Utf8StringEncoderPool                              : loaded 2 times (x 74B)
Class com.amazon.ion.impl._Private_IonSystem                                          : loaded 2 times (x 70B)
Class com.amazon.ion.BufferConfiguration$OversizedValueHandler                        : loaded 2 times (x 70B)
Class com.android.build.gradle.internal.core.dsl.features.AndroidTestOptionsDslInfo   : loaded 2 times (x 70B)
Class kotlin.ranges.OpenEndRange                                                      : loaded 2 times (x 70B)
Class kotlin.sequences.SequenceBuilderIterator                                        : loaded 2 times (x 85B)
Class kotlin.KotlinNullPointerException                                               : loaded 2 times (x 83B)
Class com.android.build.gradle.internal.dsl.JUnitEngineSpecImpl                       : loaded 2 times (x 84B)
Class com.android.build.api.dsl.MinSdkSpec                                            : loaded 2 times (x 70B)
Class com.android.tools.r8.internal.gy2                                               : loaded 2 times (x 278B)
Class com.android.build.gradle.internal.scope.InternalArtifactType$LINT_VITAL_INTERMEDIATE_TEXT_REPORT: loaded 2 times (x 74B)
Class com.android.build.gradle.internal.HostTestTaskManager$setupAssembleTasks$1      : loaded 2 times (x 75B)
Class com.android.tools.r8.graph.y4                                                   : loaded 2 times (x 72B)
Class org.gradle.internal.exceptions.ResolutionProvider                               : loaded 2 times (x 70B)
Class org.gradle.tooling.internal.adapter.ProtocolToModelAdapter$MixInMappingAction   : loaded 2 times (x 80B)
Class org.jetbrains.plugins.gradle.tooling.serialization.internal.adapter.Supplier    : loaded 2 times (x 70B)
Class com.android.tools.r8.internal.s7                                                : loaded 2 times (x 76B)
Class com.android.tools.r8.graph.m4                                                   : loaded 2 times (x 74B)
Class com.amazon.ion.IonList                                                          : loaded 2 times (x 70B)
Class com.android.build.gradle.tasks.MergeSourceSetFolders$MergeAppAssetCreationAction$handleProvider$1: loaded 2 times (x 127B)
Class com.android.build.gradle.internal.testsuites.impl.TestSuiteBuilderImpl$Companion: loaded 2 times (x 71B)
Class com.android.build.gradle.internal.dsl.CompileSdkSpecImpl$AgpDecorated           : loaded 2 times (x 90B)
Class com.android.build.gradle.internal.dsl.CommonExtensionImpl$compileSdkDelegate$1  : loaded 2 times (x 79B)
Class com.android.tools.r8.internal.ea0                                               : loaded 2 times (x 70B)
Class com.amazon.ion.IonValue                                                         : loaded 2 times (x 70B)
Class com.google.common.collect.ImmutableRangeSet$AsSet                               : loaded 2 times (x 300B)
Class kotlin.jvm.internal.FunctionReference                                           : loaded 2 times (x 122B)
Class [Lkotlin.coroutines.intrinsics.CoroutineSingletons;                             : loaded 2 times (x 69B)
Class kotlin.jvm.internal.FunctionBase                                                : loaded 2 times (x 70B)
Class kotlin.enums.EnumEntriesList                                                    : loaded 2 times (x 223B)
Class org.apache.commons.io.output.ByteArrayOutputStream                              : loaded 2 times (x 102B)
Class com.android.build.gradle.internal.dsl.MinSdkDelegate$minSdk$2$1                 : loaded 2 times (x 79B)
Class com.android.tools.r8.graph.y3                                                   : loaded 2 times (x 72B)
Class com.android.utils.concurrency.ReadWriteProcessLock                              : loaded 2 times (x 72B)
Class com.android.build.gradle.internal.ide.dependencies.AdditionalArtifacts$Companion: loaded 2 times (x 71B)
Class com.android.tools.r8.internal.pw                                                : loaded 2 times (x 72B)
Class com.android.tools.r8.internal.cz                                                : loaded 2 times (x 74B)
Class com.android.tools.r8.graph.l6                                                   : loaded 2 times (x 71B)
Class org.apache.commons.io.output.AbstractByteArrayOutputStream                      : loaded 2 times (x 102B)
Class kotlin.enums.EnumEntries                                                        : loaded 2 times (x 70B)
Class org.gradle.tooling.internal.gradle.GradleBuildIdentity                          : loaded 2 times (x 70B)
Class org.jetbrains.plugins.gradle.tooling.serialization.SerializationService         : loaded 2 times (x 70B)
Class com.amazon.ion.impl.LocalSymbolTable                                            : loaded 2 times (x 121B)
Class com.amazon.ion.impl.lite.IonBlobLite                                            : loaded 2 times (x 219B)
Class com.android.tools.r8.internal.wn0                                               : loaded 2 times (x 161B)
Class com.android.tools.r8.internal.d5                                                : loaded 2 times (x 284B)
Class com.android.build.gradle.internal.res.Aapt2FromMaven$Companion$DefaultAapt2Version: loaded 2 times (x 71B)
Class com.android.tools.r8.synthesis.t                                                : loaded 2 times (x 81B)
Class com.android.tools.r8.internal.ez                                                : loaded 2 times (x 82B)
Class com.android.build.api.variant.ApkOutputProviders                                : loaded 2 times (x 70B)
Class com.android.tools.r8.graph.l5                                                   : loaded 2 times (x 72B)
Class com.android.build.gradle.internal.attribution.BuildAnalyzerConfiguratorService$RegistrationAction: loaded 2 times (x 74B)
Class com.android.tools.r8.internal.w5                                                : loaded 2 times (x 71B)
Class com.android.tools.r8.internal.q41                                               : loaded 2 times (x 72B)
Class org.gradle.tooling.model.kotlin.dsl.KotlinDslScriptsModel                       : loaded 2 times (x 70B)
Class org.gradle.internal.time.TimeSource                                             : loaded 2 times (x 70B)
Class org.gradle.tooling.model.idea.IdeaDependencyScope                               : loaded 2 times (x 70B)
Class com.android.tools.r8.internal.HX                                                : loaded 2 times (x 296B)
Class com.android.tools.r8.graph.y                                                    : loaded 2 times (x 111B)
Class com.android.tools.r8.shaking.L0                                                 : loaded 2 times (x 70B)
Class com.android.tools.r8.synthesis.S                                                : loaded 2 times (x 104B)
Class com.android.tools.r8.I                                                          : loaded 2 times (x 70B)
Class com.amazon.ion.IonDecimal                                                       : loaded 2 times (x 70B)
Class org.jetbrains.plugins.gradle.model.tests.ExternalTestsModel                     : loaded 2 times (x 70B)
Class kotlin.ranges.RangesKt___RangesKt                                               : loaded 2 times (x 71B)
Class org.gradle.tooling.model.idea.IdeaLanguageLevel                                 : loaded 2 times (x 70B)
Class org.gradle.tooling.internal.adapter.ProtocolToModelAdapter$SafeMethodInvoker    : loaded 2 times (x 76B)
Class org.gradle.tooling.internal.adapter.WeakIdentityHashMap$WeakKey                 : loaded 2 times (x 79B)
Class org.gradle.internal.exceptions.DefaultMultiCauseException                       : loaded 2 times (x 95B)
Class com.android.tools.r8.graph.z2                                                   : loaded 2 times (x 94B)
Class kotlin.ranges.IntRange                                                          : loaded 2 times (x 93B)
Class [Lorg.gradle.api.JavaVersion;                                                   : loaded 2 times (x 69B)
Class com.android.tools.r8.internal.no                                                : loaded 2 times (x 72B)
Class com.google.common.hash.PrimitiveSink                                            : loaded 2 times (x 70B)
Class com.google.gson.internal.Streams                                                : loaded 2 times (x 71B)
Class com.android.tools.r8.graph.d5                                                   : loaded 2 times (x 72B)
Class gnu.trove.TObjectIntProcedure                                                   : loaded 2 times (x 70B)
Class org.jetbrains.plugins.gradle.tooling.serialization.internal.IdeaProjectSerializationService$WriteContext$8: loaded 2 times (x 83B)
Class com.amazon.ion.impl.bin.IonManagedBinaryWriter                                  : loaded 2 times (x 166B)
Class com.amazon.ion.impl.bin.WriteBuffer                                             : loaded 2 times (x 78B)
Class com.android.build.gradle.internal.dsl.CommonExtensionImpl$compileSdkDelegate$2  : loaded 2 times (x 79B)
Class com.android.tools.r8.graph.m5                                                   : loaded 2 times (x 74B)
Class com.android.tools.r8.graph.A1                                                   : loaded 2 times (x 72B)
Class com.amazon.ion.impl.bin.IonRawBinaryWriter$ContainerType                        : loaded 2 times (x 79B)
Class com.amazon.ion.impl._Private_IonTextWriterBuilder$Mutable                       : loaded 2 times (x 102B)
Class kotlin.comparisons.ComparisonsKt___ComparisonsJvmKt                             : loaded 2 times (x 71B)
Class kotlin.collections.CollectionsKt__IteratorsJVMKt                                : loaded 2 times (x 71B)
Class com.android.tools.r8.synthesis.u                                                : loaded 2 times (x 79B)
Class [Lcom.android.tools.r8.graph.f0;                                                : loaded 2 times (x 69B)
Class com.android.build.gradle.internal.utils.ConsoleProgressIndicatorFactory$create$1: loaded 2 times (x 108B)
Class com.android.tools.r8.synthesis.z0                                               : loaded 2 times (x 75B)
Class com.android.build.gradle.internal.attribution.BuildAnalyzerConfiguratorService$initBuildAnalyzerService$1: loaded 2 times (x 75B)
Class com.android.build.gradle.internal.scope.InternalArtifactType$LINT_TEXT_REPORT   : loaded 2 times (x 74B)
Class com.google.common.collect.MapMakerInternalMap$InternalEntry                     : loaded 2 times (x 70B)
Class com.android.tools.r8.internal.a00                                               : loaded 2 times (x 73B)
Class com.android.tools.r8.internal.lk0                                               : loaded 2 times (x 170B)
Class kotlin.jvm.internal.CallableReference                                           : loaded 2 times (x 106B)
Class kotlin.collections.AbstractList$SubList                                         : loaded 2 times (x 198B)
Class com.google.common.collect.RegularImmutableSortedSet                             : loaded 2 times (x 300B)
Class org.jetbrains.plugins.gradle.tooling.serialization.internal.IdeaProjectSerializationService$WriteContext$7: loaded 2 times (x 83B)
Class org.jetbrains.plugins.gradle.model.RepositoryModels                             : loaded 2 times (x 70B)
Class com.amazon.ion.impl.lite.ValueFactoryLite                                       : loaded 2 times (x 218B)
Class com.android.tools.r8.internal.U5                                                : loaded 2 times (x 70B)
Class com.android.tools.r8.internal.P                                                 : loaded 2 times (x 91B)
Class com.android.tools.r8.graph.B5                                                   : loaded 2 times (x 194B)
Class com.android.build.gradle.internal.dsl.MinSdkVersionImpl                         : loaded 2 times (x 76B)
Class com.android.build.gradle.internal.dependency.AarTransform$1                     : loaded 2 times (x 71B)
Class com.android.build.api.variant.Aapt2                                             : loaded 2 times (x 70B)
Class com.android.tools.r8.graph.t9                                                   : loaded 2 times (x 72B)
Class com.android.tools.r8.shaking.j4                                                 : loaded 2 times (x 81B)
Class com.android.tools.r8.internal.bt                                                : loaded 2 times (x 78B)
Class com.android.build.gradle.internal.utils.ResolutionResultUtils$getModuleComponents$1: loaded 2 times (x 78B)
Class com.google.common.io.ByteSource$ConcatenatedByteSource                          : loaded 2 times (x 85B)
Class com.android.tools.r8.internal.oe                                                : loaded 2 times (x 87B)
Class com.android.tools.r8.internal.xz                                                : loaded 2 times (x 73B)
Class com.android.tools.r8.internal.j8                                                : loaded 2 times (x 71B)
Class com.android.tools.r8.internal.g1                                                : loaded 2 times (x 82B)
Class org.apache.commons.io.file.PathUtils                                            : loaded 2 times (x 71B)
Class org.gradle.internal.classloader.DefaultClassLoaderFactory                       : loaded 2 times (x 82B)
Class com.intellij.util.containers.IntObjectHashMap$ArrayProducer                     : loaded 2 times (x 70B)
Class com.amazon.ion.impl.bin.IonManagedBinaryWriter$ImportedSymbolResolverMode$1     : loaded 2 times (x 80B)
Class com.amazon.ion.impl.lite.IonSymbolLite                                          : loaded 2 times (x 246B)
Class org.jetbrains.kotlin.idea.gradleTooling.AndroidAwareGradleModelProvider$Companion: loaded 2 times (x 71B)
Class [Lcom.amazon.ion.impl.bin.IonRawBinaryWriter$StreamCloseMode;                   : loaded 2 times (x 69B)
Class com.android.build.gradle.internal.SdkParsingUtilsKt$parsePackage$progress$1     : loaded 2 times (x 110B)
Class com.android.build.gradle.internal.dsl.TargetSdkSpecImpl$AgpDecorated            : loaded 2 times (x 85B)
Class com.android.build.api.artifact.impl.TypedStorageProvider$getArtifact$2$1$1      : loaded 2 times (x 79B)
Class com.android.build.gradle.internal.testing.TestData$Companion                    : loaded 2 times (x 71B)
Class com.android.tools.r8.internal.cw                                                : loaded 2 times (x 87B)
Class com.android.tools.r8.synthesis.T                                                : loaded 2 times (x 104B)
Class com.amazon.ion.impl.bin.IonRawBinaryWriter$StreamCloseMode                      : loaded 2 times (x 79B)
Class com.amazon.ion.impl._Private_IonBinaryWriterBuilder$Mutable                     : loaded 2 times (x 115B)
Class com.intellij.gradle.toolingExtension.impl.model.projectModel.GradleExternalProjectSerializationService: loaded 2 times (x 77B)
Class kotlin.text.CharsKt__CharKt                                                     : loaded 2 times (x 71B)
Class kotlin.collections.ArrayDeque$Companion                                         : loaded 2 times (x 71B)
Class kotlin.collections.ArraysKt                                                     : loaded 2 times (x 71B)
Class org.gradle.tooling.model.HierarchicalElement                                    : loaded 2 times (x 70B)
Class [Lorg.apache.commons.io.file.DeleteOption;                                      : loaded 2 times (x 69B)
Class com.android.tools.r8.internal.pt                                                : loaded 2 times (x 70B)
Class com.google.common.collect.ImmutableSetMultimap                                  : loaded 2 times (x 180B)
Class com.android.tools.r8.graph.l3                                                   : loaded 2 times (x 116B)
Class com.android.tools.r8.graph.dc                                                   : loaded 2 times (x 72B)
Class org.gradle.internal.service.CachingServiceLocator                               : loaded 2 times (x 82B)
Class org.jetbrains.plugins.gradle.tooling.util.IntObjectMap                          : loaded 2 times (x 73B)
Class org.jetbrains.plugins.gradle.tooling.serialization.internal.IdeaProjectSerializationService$WriteContext$6: loaded 2 times (x 83B)
Class com.amazon.ion.IonType                                                          : loaded 2 times (x 79B)
Class com.amazon.ion.impl.lite._Private_LiteDomTrampoline                             : loaded 2 times (x 71B)
Class com.amazon.ion.impl._Private_RecyclingQueue$ElementIterator                     : loaded 2 times (x 82B)
Class com.amazon.ion.impl.bin.IntList                                                 : loaded 2 times (x 77B)
Class com.android.build.gradle.tasks.ProcessManifestForInstantAppTask                 : loaded 2 times (x 336B)
Class com.android.tools.r8.graph.O1                                                   : loaded 2 times (x 74B)
Class com.android.tools.r8.graph.l2                                                   : loaded 2 times (x 72B)
Class com.android.build.gradle.internal.plugins.BasePlugin$lintDslLifecycleRegistrar$2: loaded 2 times (x 79B)
Class com.android.build.gradle.internal.utils.ConsoleProgressIndicatorFactory$isTerminalSmart$2$1: loaded 2 times (x 74B)
Class com.android.build.gradle.internal.tasks.ExtractApksTask$CreationAction$handleProvider$3: loaded 2 times (x 127B)
Class com.android.tools.r8.internal.wb                                                : loaded 2 times (x 70B)
Class com.android.tools.r8.internal.rl1                                               : loaded 2 times (x 272B)
Class com.android.tools.r8.internal.bh1                                               : loaded 2 times (x 154B)
Class org.apache.commons.io.CloseableURLConnection                                    : loaded 2 times (x 116B)
Class org.gradle.internal.classloader.ClassLoaderFactory                              : loaded 2 times (x 70B)
Class com.google.common.collect.ImmutableSortedSet                                    : loaded 2 times (x 300B)
Class kotlin.sequences.SequencesKt___SequencesKt$sortedWith$1                         : loaded 2 times (x 75B)
Class [Lkotlin.sequences.Sequence;                                                    : loaded 2 times (x 69B)
Class com.intellij.gradle.toolingExtension.impl.model.sourceSetDependencyModel.GradleSourceSetDependencySerialisationService$SourceSetDependencyModelWriteContext: loaded 2 times (x 72B)
Class org.jetbrains.plugins.gradle.tooling.serialization.internal.IdeaProjectSerializationService$WriteContext$5: loaded 2 times (x 83B)
Class com.intellij.gradle.toolingExtension.util.GradleVersionSpecificsUtil            : loaded 2 times (x 71B)
Class com.amazon.ion.BufferConfiguration$Builder                                      : loaded 2 times (x 78B)
Class com.android.build.gradle.internal.variant.VariantPathHelper$kaptSourceOutputDir$2: loaded 2 times (x 79B)
Class com.android.build.gradle.internal.dsl.MinSdkProperties                          : loaded 2 times (x 70B)
Class com.android.build.gradle.internal.plugins.AndroidPluginBaseServices$androidProblemReporterProviderService$2: loaded 2 times (x 79B)
Class com.android.tools.r8.internal.Ik0                                               : loaded 2 times (x 70B)
Class com.android.tools.r8.internal.wA                                                : loaded 2 times (x 96B)
Class com.android.tools.r8.internal.MC                                                : loaded 2 times (x 70B)
Class org.jetbrains.kotlin.idea.gradleTooling.KotlinSourceSetContainer                : loaded 2 times (x 70B)
Class org.jetbrains.plugins.gradle.model.IntelliJSettings                             : loaded 2 times (x 70B)
Class kotlin.Result                                                                   : loaded 2 times (x 72B)
Class com.android.build.gradle.internal.scope.InternalArtifactType$LIBRARY_AND_LOCAL_JARS_JNI: loaded 2 times (x 74B)
Class org.gradle.internal.service.ServiceLocator                                      : loaded 2 times (x 70B)
Class org.apache.commons.io.FileExistsException                                       : loaded 2 times (x 82B)
Class com.android.build.gradle.internal.services.BuiltInKotlinSupportMode$Supported   : loaded 2 times (x 71B)
Class com.android.tools.r8.origin.ArchiveEntryOrigin                                  : loaded 2 times (x 82B)
Class [Lcom.android.builder.utils.SynchronizedFile$LockingScope;                      : loaded 2 times (x 69B)
Class com.android.tools.r8.synthesis.r0                                               : loaded 2 times (x 72B)
Class com.android.tools.r8.internal.rk0                                               : loaded 2 times (x 163B)
Class com.android.tools.r8.graph.l1                                                   : loaded 2 times (x 106B)
Class com.android.tools.r8.internal.jd                                                : loaded 2 times (x 71B)
Class com.android.tools.r8.internal.B40                                               : loaded 2 times (x 128B)
Class com.android.tools.r8.synthesis.U                                                : loaded 2 times (x 104B)
Class com.amazon.ion.impl.bin.IonRawBinaryWriter$PatchPoint                           : loaded 2 times (x 73B)
Class com.amazon.ion.IonSequence                                                      : loaded 2 times (x 70B)
Class com.amazon.ion.IonBlob                                                          : loaded 2 times (x 70B)
Class com.amazon.ion.IonLob                                                           : loaded 2 times (x 70B)
Class org.jetbrains.plugins.gradle.tooling.serialization.ExternalTestsSerializationService: loaded 2 times (x 77B)
Class com.google.common.collect.ByFunctionOrdering                                    : loaded 2 times (x 115B)
Class kotlin.collections.SetsKt__SetsKt                                               : loaded 2 times (x 71B)
Class kotlin.coroutines.EmptyCoroutineContext                                         : loaded 2 times (x 77B)
Class org.gradle.internal.time.Time                                                   : loaded 2 times (x 71B)
Class com.android.tools.r8.internal.c6                                                : loaded 2 times (x 71B)
Class org.gradle.internal.service.ServiceLookupException                              : loaded 2 times (x 82B)
Class com.android.utils.JvmWideVariable                                               : loaded 2 times (x 72B)
Class com.android.tools.r8.internal.vo0                                               : loaded 2 times (x 161B)
Class com.android.tools.r8.internal.wm1                                               : loaded 2 times (x 70B)
Class com.android.tools.r8.internal.cd0                                               : loaded 2 times (x 70B)
Class com.google.common.collect.MapMakerInternalMap$InternalEntryHelper               : loaded 2 times (x 70B)
Class com.google.common.collect.Maps$IteratorBasedAbstractMap                         : loaded 2 times (x 125B)
Class com.google.common.collect.Table                                                 : loaded 2 times (x 70B)
Class com.google.common.io.ByteSource$AsCharSource                                    : loaded 2 times (x 86B)
Class com.android.build.gradle.internal.scope.InternalArtifactType$LINT_RETURN_VALUE  : loaded 2 times (x 74B)
Class org.gradle.internal.time.MonotonicClock                                         : loaded 2 times (x 77B)
Class kotlin.jvm.internal.markers.KMutableList                                        : loaded 2 times (x 70B)
Class kotlin.text.MatchNamedGroupCollection                                           : loaded 2 times (x 70B)
Class com.google.common.collect.UsingToStringOrdering                                 : loaded 2 times (x 114B)
Class kotlin.io.FilesKt__FileReadWriteKt                                              : loaded 2 times (x 71B)
Class kotlin.text.StringsKt__StringNumberConversionsKt                                : loaded 2 times (x 71B)
Class [Lkotlin.Pair;                                                                  : loaded 2 times (x 69B)
Class com.intellij.gradle.toolingExtension.impl.model.sourceSetDependencyModel.GradleSourceSetDependencySerialisationService$Companion: loaded 2 times (x 71B)
Class org.jetbrains.plugins.gradle.tooling.serialization.internal.IdeaProjectSerializationService$WriteContext$4: loaded 2 times (x 83B)
Class org.jetbrains.kotlin.idea.gradleTooling.AndroidAwareGradleModelProvider         : loaded 2 times (x 79B)
Class com.android.tools.r8.graph.k1                                                   : loaded 2 times (x 137B)
Class com.android.tools.r8.dex.d0                                                     : loaded 2 times (x 72B)
Class com.android.tools.r8.synthesis.l0                                               : loaded 2 times (x 72B)
Class [Lcom.android.builder.errors.IssueReporter$Severity;                            : loaded 2 times (x 69B)
Class com.android.build.gradle.internal.dsl.BundleOptionsDeviceGroup$AgpDecorated_Decorated: loaded 2 times (x 130B)
Class com.android.build.gradle.tasks.CompileNavigationXmlTask$CreationAction$handleProvider$1: loaded 2 times (x 127B)
Class com.android.tools.r8.internal.qa1                                               : loaded 2 times (x 124B)
Class kotlin.coroutines.jvm.internal.RestrictedContinuationImpl                       : loaded 2 times (x 87B)
Class org.gradle.util.internal.DefaultGradleVersion$Stage                             : loaded 2 times (x 75B)
Class gnu.trove.TObjectHash$NULL                                                      : loaded 2 times (x 71B)
Class org.jetbrains.plugins.gradle.tooling.serialization.internal.IdeaProjectSerializationService$WriteContext$3: loaded 2 times (x 83B)
Class org.jetbrains.plugins.gradle.tooling.serialization.AnnotationProcessingModelSerializationService$ReadContext: loaded 2 times (x 72B)
Class com.amazon.ion.impl.bin.PooledBlockAllocatorProvider                            : loaded 2 times (x 73B)
Class com.amazon.ion.IonContainer                                                     : loaded 2 times (x 70B)
Class com.amazon.ion.impl.lite.IonValueLite                                           : loaded 2 times (x 147B)
Class com.amazon.ion.impl._Private_IonSymbol                                          : loaded 2 times (x 70B)
Class com.android.ide.gradle.model.artifacts.AdditionalClassifierArtifacts            : loaded 2 times (x 70B)
Class com.android.tools.r8.graph.U                                                    : loaded 2 times (x 70B)
Class com.android.tools.r8.internal.sw                                                : loaded 2 times (x 72B)
Class com.android.build.gradle.tasks.PackageAndroidArtifact$Companion$THROW_ON_ERROR_ISSUE_REPORTER$1: loaded 2 times (x 73B)
Class com.android.tools.r8.graph.b9                                                   : loaded 2 times (x 77B)
Class com.google.common.collect.MapMakerInternalMap$Strength                          : loaded 2 times (x 80B)
Class com.google.common.collect.MapMakerInternalMap$StrongKeyDummyValueEntry$LinkedStrongKeyDummyValueEntry: loaded 2 times (x 82B)
Class org.gradle.internal.operations.MultipleBuildOperationFailures                   : loaded 2 times (x 95B)
Class org.gradle.tooling.internal.adapter.MethodInvocation                            : loaded 2 times (x 85B)
Class kotlin.sequences.TransformingSequence                                           : loaded 2 times (x 75B)
Class com.intellij.util.ThrowableConsumer                                             : loaded 2 times (x 70B)
Class com.android.repository.impl.manager.RepoManagerImpl                             : loaded 2 times (x 96B)
Class com.android.tools.r8.graph.G2                                                   : loaded 2 times (x 98B)
Class com.android.build.gradle.internal.attribution.BuildAnalyzerService$Parameters_Decorated: loaded 2 times (x 148B)
Class [Lcom.android.buildanalyzer.common.TaskCategoryIssue$Severity;                  : loaded 2 times (x 69B)
Class com.android.build.gradle.internal.lint.AndroidLintTask$VariantCreationAction    : loaded 2 times (x 95B)
Class com.google.common.io.CharStreams                                                : loaded 2 times (x 71B)
Class com.android.tools.r8.internal.r2                                                : loaded 2 times (x 137B)
Class com.android.tools.r8.internal.gk0                                               : loaded 2 times (x 163B)
Class kotlin.text.StringsKt                                                           : loaded 2 times (x 71B)
Class org.jetbrains.plugins.gradle.tooling.serialization.internal.IdeaProjectSerializationService$WriteContext$2: loaded 2 times (x 83B)
Class com.amazon.ion.impl._Private_SymtabExtendsCache                                 : loaded 2 times (x 72B)
Class com.amazon.ion.impl.bin.utf8.Pool                                               : loaded 2 times (x 74B)
Class com.android.tools.r8.internal.ze                                                : loaded 2 times (x 75B)
Class com.android.build.gradle.internal.plugins.AndroidPluginBaseServices$androidProblemReporterProviderService$2$1: loaded 2 times (x 79B)
Class com.android.ide.gradle.model.GradlePropertiesModel                              : loaded 2 times (x 70B)
Class com.android.build.gradle.tasks.PackageAndroidArtifact$Companion$MANIFEST_DATA_ISSUE_REPORTER$1: loaded 2 times (x 73B)
Class com.amazon.ion.system.IonTextWriterBuilder                                      : loaded 2 times (x 98B)
Class com.amazon.ion.impl.bin.IonManagedBinaryWriter$ImportedSymbolResolverMode$1$1$1 : loaded 2 times (x 76B)
Class com.amazon.ion.impl._Private_LocalSymbolTableFactory                            : loaded 2 times (x 70B)
Class org.jetbrains.plugins.gradle.tooling.serialization.AnnotationProcessingModelSerializationService: loaded 2 times (x 77B)
Class com.google.common.collect.RangeGwtSerializationDependencies                     : loaded 2 times (x 71B)
Class kotlin.collections.ArraysKt__ArraysJVMKt                                        : loaded 2 times (x 71B)
Class ijKotlinCoroutineJvmDebugInit1_64csj89c04b1hqf4t8bkl1odu                        : loaded 2 times (x 171B)
Class com.amazon.ion.impl.IonWriterSystem                                             : loaded 2 times (x 171B)
Class com.amazon.ion.impl.bin.Symbols$2                                               : loaded 2 times (x 107B)
Class com.android.tools.r8.internal.hd                                                : loaded 2 times (x 154B)
Class com.amazon.ion.impl.bin._Private_IonManagedWriter                               : loaded 2 times (x 70B)
Class kotlin.sequences.TransformingSequence$iterator$1                                : loaded 2 times (x 79B)
Class kotlin.Pair                                                                     : loaded 2 times (x 72B)
Class org.gradle.tooling.internal.adapter.ProtocolToModelAdapter$SupportedPropertyInvoker: loaded 2 times (x 76B)
Class org.gradle.tooling.model.UnsupportedMethodException                             : loaded 2 times (x 82B)
Class [Lcom.android.tools.r8.graph.b9;                                                : loaded 2 times (x 69B)
Class com.android.builder.utils.SynchronizedFile                                      : loaded 2 times (x 72B)
Class com.android.build.gradle.internal.dsl.CompileSdkDelegate$compileSdk$2$1         : loaded 2 times (x 79B)
Class com.android.tools.r8.internal.yw2                                               : loaded 2 times (x 115B)
Class com.android.tools.r8.graph.o5                                                   : loaded 2 times (x 72B)
Class com.android.tools.r8.synthesis.w                                                : loaded 2 times (x 72B)
Class com.android.tools.r8.internal.u8                                                : loaded 2 times (x 84B)
Class com.android.tools.r8.internal.q71                                               : loaded 2 times (x 110B)
Class ijJvmDebugger1_5lqvmc1626t7dnv8g7gaynidq$_run_closure1                          : loaded 2 times (x 139B)
Class kotlin.collections.CollectionsKt__IteratorsKt                                   : loaded 2 times (x 71B)
Class kotlin.sequences.SequencesKt                                                    : loaded 2 times (x 71B)
Class org.jetbrains.plugins.gradle.model.ExternalProject                              : loaded 2 times (x 70B)
Class org.jetbrains.plugins.gradle.tooling.serialization.internal.IdeaProjectSerializationService$WriteContext$1: loaded 2 times (x 83B)
Class [Lcom.amazon.ion.util.InputStreamInterceptor;                                   : loaded 2 times (x 69B)
Class com.amazon.ion.impl.bin.IonManagedBinaryWriter$SymbolState$4                    : loaded 2 times (x 80B)
Class com.android.build.gradle.tasks.ProcessManifestForInstantAppTask$CreationAction  : loaded 2 times (x 90B)
Class com.android.tools.r8.internal.JX                                                : loaded 2 times (x 70B)
Class com.android.tools.r8.internal.os                                                : loaded 2 times (x 72B)
Class com.android.tools.r8.internal.nf0                                               : loaded 2 times (x 161B)
Class com.android.tools.r8.internal.dp0                                               : loaded 2 times (x 171B)
Class com.android.tools.r8.internal.vb                                                : loaded 2 times (x 70B)
Class com.android.tools.r8.internal.ll                                                : loaded 2 times (x 124B)
Class com.google.common.collect.MapMakerInternalMap$AbstractStrongKeyEntry            : loaded 2 times (x 80B)
Class com.google.common.io.CharSource$StringCharSource                                : loaded 2 times (x 86B)
Class com.android.build.gradle.internal.errors.SyncIssueKey                           : loaded 2 times (x 72B)
Class com.google.common.io.ByteSource$ByteArrayByteSource                             : loaded 2 times (x 85B)
Class com.android.tools.r8.internal.u7                                                : loaded 2 times (x 70B)
Class com.android.build.gradle.internal.dsl.BundleOptionsDeviceGroup                  : loaded 2 times (x 81B)
Class com.android.tools.r8.internal.su                                                : loaded 2 times (x 79B)
Class org.gradle.api.internal.classpath.DefaultModuleRegistry                         : loaded 2 times (x 84B)
Class kotlin.collections.CollectionsKt__CollectionsJVMKt                              : loaded 2 times (x 71B)
Class com.google.common.collect.Lists$TransformingRandomAccessList                    : loaded 2 times (x 199B)
Class kotlin.io.FilesKt__UtilsKt                                                      : loaded 2 times (x 71B)
Class com.intellij.gradle.toolingExtension.impl.model.sourceSetArtifactIndex.GradleSourceSetArtifactBuildRequest: loaded 2 times (x 70B)
Class com.amazon.ion.IonBinaryWriter                                                  : loaded 2 times (x 70B)
Class com.amazon.ion.impl.bin.IonRawBinaryWriter$StreamFlushMode                      : loaded 2 times (x 79B)
Class com.amazon.ion.impl.bin.IonManagedBinaryWriter$SymbolState$3                    : loaded 2 times (x 80B)
Class com.amazon.ion.impl.bin.IonRawBinaryWriter$ContainerInfo                        : loaded 2 times (x 74B)
Class com.android.build.gradle.options.HasFutureStage                                 : loaded 2 times (x 70B)
Class com.android.build.gradle.internal.utils.ViolatingPluginDetector                 : loaded 2 times (x 72B)
Class com.android.tools.r8.internal.uq                                                : loaded 2 times (x 89B)
Class com.android.tools.r8.graph.q0                                                   : loaded 2 times (x 150B)
Class com.android.tools.r8.dex.Y                                                      : loaded 2 times (x 80B)
Class com.android.build.gradle.tasks.ProcessManifestForInstantAppTask$CreationAction$handleProvider$1: loaded 2 times (x 127B)
Class com.amazon.ion.impl.lite.IonNullLite                                            : loaded 2 times (x 175B)
Class org.jetbrains.plugins.gradle.model.DependencyAccessorsModel                     : loaded 2 times (x 70B)
Class [Lcom.intellij.openapi.externalSystem.model.project.dependencies.ResolutionState;: loaded 2 times (x 69B)
Class gnu.trove.TObjectIntHashMap                                                     : loaded 2 times (x 109B)
Class kotlin.text.StringsKt__StringBuilderKt                                          : loaded 2 times (x 71B)
Class com.google.common.collect.RangeSet                                              : loaded 2 times (x 70B)
Class kotlin.jvm.internal.CallableReference$NoReceiver                                : loaded 2 times (x 71B)
Class com.android.tools.r8.internal.pa2                                               : loaded 2 times (x 80B)
Class com.android.tools.r8.internal.cd2                                               : loaded 2 times (x 82B)
Class com.android.tools.r8.internal.ub                                                : loaded 2 times (x 82B)
Class com.android.tools.r8.internal.j61                                               : loaded 2 times (x 72B)
Class [Lcom.android.tools.r8.graph.g1;                                                : loaded 2 times (x 69B)
Class com.android.tools.r8.internal.Vs                                                : loaded 2 times (x 83B)
Class com.android.build.gradle.internal.dsl.CompileSdkProperties                      : loaded 2 times (x 70B)
Class com.android.build.gradle.internal.tasks.factory.BootClasspathConfigImpl$androidJar$2$1$1: loaded 2 times (x 74B)
Class com.android.tools.r8.internal.em1                                               : loaded 2 times (x 70B)
Class com.android.build.gradle.internal.utils.ConsoleProgressIndicatorFactory$IsTerminalSmartValueSource: loaded 2 times (x 78B)
Class com.android.tools.r8.internal.e2                                                : loaded 2 times (x 81B)
Class com.android.tools.r8.graph.o3                                                   : loaded 2 times (x 73B)
Class com.android.tools.r8.internal.zc                                                : loaded 2 times (x 82B)
Class com.android.tools.r8.graph.gc                                                   : loaded 2 times (x 205B)
Class kotlin.coroutines.intrinsics.IntrinsicsKt__IntrinsicsKt                         : loaded 2 times (x 71B)
Class com.android.build.gradle.internal.utils.ConsoleProgressIndicatorFactory$isTerminalSmart$2: loaded 2 times (x 79B)
Class kotlin.text.RegexKt                                                             : loaded 2 times (x 71B)
Class com.google.common.collect.ImmutableSortedAsList                                 : loaded 2 times (x 221B)
Class com.intellij.gradle.toolingExtension.impl.model.warmUp.GradleTaskWarmUpRequest  : loaded 2 times (x 70B)
Class com.amazon.ion.IonNull                                                          : loaded 2 times (x 70B)
Class org.jetbrains.plugins.gradle.model.ProjectImportModelProvider                   : loaded 2 times (x 70B)
Class com.amazon.ion.impl.bin.IonManagedBinaryWriter$SymbolState$2                    : loaded 2 times (x 80B)
Class org.jetbrains.plugins.gradle.model.ExternalSourceSet                            : loaded 2 times (x 70B)
Class com.android.ide.gradle.model.LegacyAndroidGradlePluginPropertiesModelParameters : loaded 2 times (x 70B)
Class com.android.tools.r8.graph.E4                                                   : loaded 2 times (x 70B)
Class com.android.tools.r8.graph.R1                                                   : loaded 2 times (x 72B)
Class com.android.tools.r8.graph.Q                                                    : loaded 2 times (x 148B)
Class com.google.common.io.Closer$SuppressingSuppressor                               : loaded 2 times (x 75B)
Class com.android.tools.r8.internal.fv                                                : loaded 2 times (x 71B)
Class com.android.build.gradle.internal.errors.AndroidProblemReporterProvider$RegistrationAction: loaded 2 times (x 74B)
Class com.android.tools.r8.internal.q5                                                : loaded 2 times (x 72B)
Class com.android.build.gradle.internal.dsl.TargetSdkSpecImpl                         : loaded 2 times (x 81B)
Class [Lcom.android.build.gradle.internal.attribution.BuildAnalyzerConfiguratorService$State;: loaded 2 times (x 69B)
Class com.android.build.gradle.internal.attribution.BuildAnalyzerService$Inject_      : loaded 2 times (x 104B)
Class com.google.common.collect.TransformedListIterator                               : loaded 2 times (x 93B)
Class com.android.tools.r8.graph.N1                                                   : loaded 2 times (x 72B)
Class com.android.tools.r8.internal.o34                                               : loaded 2 times (x 301B)
Class com.android.tools.r8.internal.l91                                               : loaded 2 times (x 74B)
Class com.android.tools.r8.graph.k2                                                   : loaded 2 times (x 72B)
Class org.gradle.tooling.internal.adapter.TargetTypeProvider                          : loaded 2 times (x 70B)
Class kotlin.ranges.IntProgression$Companion                                          : loaded 2 times (x 71B)
Class org.jetbrains.plugins.gradle.model.GradleExtensions                             : loaded 2 times (x 70B)
Class org.jetbrains.plugins.gradle.model.AnnotationProcessingModel                    : loaded 2 times (x 70B)
Class com.amazon.ion.system.IonBinaryWriterBuilder                                    : loaded 2 times (x 99B)
Class com.amazon.ion.impl.lite.IonContainerLite                                       : loaded 2 times (x 248B)
Class com.amazon.ion.IonBufferConfiguration$OversizedSymbolTableHandler               : loaded 2 times (x 70B)
Class com.android.tools.r8.internal.p5                                                : loaded 2 times (x 73B)
Class com.android.tools.r8.graph.j2                                                   : loaded 2 times (x 72B)
Class com.android.tools.r8.internal.Nk                                                : loaded 2 times (x 71B)
Class com.android.build.gradle.tasks.ProcessManifestForInstantAppTask$CreationAction$handleProvider$2: loaded 2 times (x 127B)
Class com.amazon.ion.impl.lite.IonClobLite                                            : loaded 2 times (x 220B)
Class com.amazon.ion.impl._Private_ValueFactory                                       : loaded 2 times (x 70B)
Class com.amazon.ion.impl.bin.IonRawBinaryWriter$PreallocationMode$1                  : loaded 2 times (x 82B)
Class [Lcom.amazon.ion.impl.bin._Private_IonManagedBinaryWriterBuilder$AllocatorMode; : loaded 2 times (x 69B)
Class org.jetbrains.kotlin.idea.gradleTooling.KotlinMPPGradleModel                    : loaded 2 times (x 70B)
Class com.intellij.gradle.toolingExtension.impl.model.dependencyDownloadPolicyModel.GradleDependencyDownloadPolicy: loaded 2 times (x 70B)
Class org.gradle.tooling.model.BuildIdentifier                                        : loaded 2 times (x 70B)
Class kotlin.NoWhenBranchMatchedException                                             : loaded 2 times (x 82B)
Class com.android.tools.r8.internal.ql1                                               : loaded 2 times (x 70B)
Class com.google.common.collect.SetMultimap                                           : loaded 2 times (x 70B)
Class com.android.tools.r8.internal.do1                                               : loaded 2 times (x 71B)
Class [Lcom.android.tools.r8.graph.j3;                                                : loaded 2 times (x 69B)
Class com.android.tools.r8.graph.j3                                                   : loaded 2 times (x 79B)
Class com.google.common.collect.CollectSpliterators$1                                 : loaded 2 times (x 90B)
Class com.android.build.gradle.internal.lint.AndroidLintTextOutputTask$LintVitalCreationAction: loaded 2 times (x 92B)
Class com.amazon.ion.system.IonWriterBuilder                                          : loaded 2 times (x 74B)
Class com.amazon.ion.impl.bin.IonManagedBinaryWriter$UserState$4                      : loaded 2 times (x 85B)
Class com.android.tools.r8.internal.zd0                                               : loaded 2 times (x 76B)
Class org.jetbrains.plugins.gradle.tooling.serialization.ToolingStreamApiUtils        : loaded 2 times (x 71B)
Class com.android.build.gradle.internal.tasks.ProcessNavigationXmlTask$ApplicationCreationAction: loaded 2 times (x 91B)
Class com.android.tools.r8.graph.b5                                                   : loaded 2 times (x 72B)
Class com.android.tools.r8.internal.me                                                : loaded 2 times (x 294B)
Class com.amazon.ion.facet.Faceted                                                    : loaded 2 times (x 70B)
Class kotlin.collections.CollectionsKt__MutableCollectionsKt                          : loaded 2 times (x 71B)
Class com.android.buildanalyzer.common.AndroidGradlePluginAttributionData$TaskCategoryInfo: loaded 2 times (x 72B)
Class com.android.tools.r8.internal.nj0                                               : loaded 2 times (x 161B)
Class org.gradle.tooling.internal.adapter.ObjectGraphAdapter                          : loaded 2 times (x 70B)
Class com.intellij.gradle.toolingExtension.impl.model.dependencyModel.DependencyReadContext: loaded 2 times (x 72B)
Class com.intellij.gradle.toolingExtension.impl.model.sourceSetDependencyModel.GradleSourceSetDependencySerialisationService$SourceSetDependencyModelReadContext: loaded 2 times (x 72B)
Class org.jetbrains.plugins.gradle.model.VersionCatalogsModel                         : loaded 2 times (x 70B)
Class [Lcom.amazon.ion.IonType;                                                       : loaded 2 times (x 69B)
Class com.android.build.gradle.internal.tasks.ProcessNavigationXmlTask$CreationAction : loaded 2 times (x 91B)
Class com.amazon.ion.impl.LocalSymbolTableAsStruct$Factory                            : loaded 2 times (x 79B)
Class com.amazon.ion.impl.bin.IonManagedBinaryWriter$SymbolState$1                    : loaded 2 times (x 80B)
Class com.android.tools.r8.graph.P                                                    : loaded 2 times (x 70B)
Class com.android.tools.r8.internal.mh0                                               : loaded 2 times (x 163B)
Class org.jetbrains.plugins.gradle.model.UnresolvedExternalDependency                 : loaded 2 times (x 70B)
Class com.android.tools.r8.graph.G1                                                   : loaded 2 times (x 74B)
Class com.android.tools.r8.synthesis.x                                                : loaded 2 times (x 72B)
Class com.android.tools.r8.internal.lm                                                : loaded 2 times (x 71B)
Class com.android.build.gradle.internal.scope.InternalArtifactType$LINT_INTERMEDIATE_TEXT_REPORT: loaded 2 times (x 74B)
Class com.android.build.gradle.internal.dsl.AgpExperimentalApiOptInRequiredException  : loaded 2 times (x 82B)
Class com.android.build.gradle.internal.dsl.MinSdkSpecImpl$AgpDecorated               : loaded 2 times (x 84B)
Class com.android.tools.r8.graph.x7$a                                                 : loaded 2 times (x 102B)
Class com.android.build.gradle.internal.dsl.MinSdkSpecImpl$AgpDecorated_Decorated     : loaded 2 times (x 129B)
Class com.android.tools.r8.internal.h21                                               : loaded 2 times (x 79B)
Class com.android.tools.r8.synthesis.p0                                               : loaded 2 times (x 79B)
Class com.android.tools.r8.graph.ga                                                   : loaded 2 times (x 76B)
Class com.android.tools.r8.internal.md                                                : loaded 2 times (x 79B)
Class org.apache.commons.io.output.NullWriter                                         : loaded 2 times (x 99B)
Class com.android.tools.r8.graph.w0                                                   : loaded 2 times (x 76B)
Class com.android.build.gradle.internal.scope.InternalArtifactType$INSTANT_APP_MANIFEST: loaded 2 times (x 74B)
Class com.amazon.ion.IonInt                                                           : loaded 2 times (x 70B)
Class com.amazon.ion.impl.bin.IonRawBinaryWriter$PreallocationMode$2                  : loaded 2 times (x 82B)
Class org.jetbrains.kotlin.idea.gradleTooling.PrepareKotlinIdeImportTaskModel         : loaded 2 times (x 70B)
Class ijKotlinCoroutineJvmDebugInit1_64csj89c04b1hqf4t8bkl1odu$_run_closure1$_closure2: loaded 2 times (x 139B)
Class com.android.tools.r8.internal.pn1                                               : loaded 2 times (x 70B)
Class org.gradle.internal.installation.GradleInstallation$1                           : loaded 2 times (x 75B)
Class org.gradle.api.internal.classpath.ModuleRegistry                                : loaded 2 times (x 70B)
Class com.google.common.collect.SortedIterable                                        : loaded 2 times (x 70B)
Class com.android.tools.r8.synthesis.x0                                               : loaded 2 times (x 79B)
Class ijInit1_bjt1w9x2mtlkyj5wpm6v6mo3g                                               : loaded 2 times (x 171B)
Class com.intellij.util.containers.IntObjectHashMap                                   : loaded 2 times (x 72B)
Class com.android.tools.r8.internal.hg                                                : loaded 2 times (x 75B)
Class com.android.tools.r8.internal.bs0                                               : loaded 2 times (x 75B)
Class com.android.tools.r8.graph.j4                                                   : loaded 2 times (x 74B)
Class org.jetbrains.plugins.gradle.model.ExternalDependency                           : loaded 2 times (x 70B)
Class com.android.tools.r8.internal.F                                                 : loaded 2 times (x 92B)
Class com.android.tools.r8.graph.E2                                                   : loaded 2 times (x 343B)
Class com.android.build.gradle.internal.services.BuiltInKaptSupportMode$Supported     : loaded 2 times (x 71B)
Class com.android.build.api.dsl.MaxSdkSpec                                            : loaded 2 times (x 70B)
Class com.android.tools.r8.graph.x0                                                   : loaded 2 times (x 105B)
Class com.android.tools.r8.graph.A5                                                   : loaded 2 times (x 70B)
Class com.android.tools.r8.internal.l71                                               : loaded 2 times (x 83B)
Class com.android.tools.r8.graph.b3                                                   : loaded 2 times (x 71B)
Class com.android.tools.r8.graph.r7                                                   : loaded 2 times (x 94B)
Class com.android.build.gradle.internal.attribution.BuildAnalyzerConfiguratorService$State: loaded 2 times (x 79B)
Class com.android.build.gradle.internal.attribution.BuildAnalyzerService$Parameters$Inject_: loaded 2 times (x 118B)
Class com.android.tools.r8.internal.ft                                                : loaded 2 times (x 84B)
Class com.android.tools.r8.internal.fp0                                               : loaded 2 times (x 161B)
Class org.gradle.tooling.internal.adapter.ProtocolToModelAdapter$MethodInvocationCache: loaded 2 times (x 73B)
Class org.jetbrains.plugins.gradle.model.IntelliJProjectSettings                      : loaded 2 times (x 70B)
Class com.android.repository.api.ProgressRunner                                       : loaded 2 times (x 70B)
Class com.android.tools.r8.graph.E1                                                   : loaded 2 times (x 72B)
Class com.android.tools.r8.internal.QB                                                : loaded 2 times (x 116B)
Class com.android.build.gradle.internal.tasks.ProcessNavigationXmlTask$LibraryCreationAction: loaded 2 times (x 91B)
Class com.amazon.ion.impl.bin.utf8.Poolable                                           : loaded 2 times (x 79B)
Class com.amazon.ion.IonSymbol                                                        : loaded 2 times (x 70B)
Class org.jetbrains.plugins.gradle.tooling.serialization.AnnotationProcessingModelSerializationService$WriteContext: loaded 2 times (x 72B)
Class kotlin.io.TerminateException                                                    : loaded 2 times (x 82B)
Class kotlin.io.FilesKt__FilePathComponentsKt                                         : loaded 2 times (x 71B)
Class com.google.common.collect.ImmutableRangeSet$1                                   : loaded 2 times (x 210B)
Class kotlin.reflect.KCallable                                                        : loaded 2 times (x 70B)
Class com.android.utils.concurrency.ReadWriteProcessLock$Lock                         : loaded 2 times (x 70B)
Class com.android.build.gradle.internal.dsl.BaseFlavor$minSdkDelegate$2               : loaded 2 times (x 79B)
Class com.android.build.gradle.internal.dsl.SdkComponentsImpl$aapt2$2                 : loaded 2 times (x 79B)
Class com.android.tools.r8.synthesis.y                                                : loaded 2 times (x 110B)
Class com.android.tools.r8.internal.r11                                               : loaded 2 times (x 94B)
Class com.android.build.gradle.internal.attribution.BuildAnalyzerService$Companion    : loaded 2 times (x 71B)
Class com.google.common.base.Optional                                                 : loaded 2 times (x 80B)
Class com.android.build.gradle.internal.attribution.BuildAnalyzerService              : loaded 2 times (x 84B)
Class com.google.common.collect.AbstractMapBasedMultimap$AsMap$AsMapEntries           : loaded 2 times (x 138B)
Class com.android.tools.r8.internal.m71                                               : loaded 2 times (x 74B)
Class org.objectweb.asm.TypePath                                                      : loaded 2 times (x 72B)
Class com.android.tools.r8.internal.dg0                                               : loaded 2 times (x 72B)
Class com.android.tools.r8.shaking.p3                                                 : loaded 2 times (x 72B)
Class kotlin.UninitializedPropertyAccessException                                     : loaded 2 times (x 82B)
Class com.android.tools.r8.internal.nu                                                : loaded 2 times (x 81B)
Class com.android.build.api.component.impl.ModelV1LegacySupportImpl                   : loaded 2 times (x 77B)
Class kotlin.Metadata                                                                 : loaded 2 times (x 70B)
Class com.android.ide.gradle.model.GradlePluginModel                                  : loaded 2 times (x 70B)
Class com.amazon.ion.impl.bin.IonRawBinaryWriter$PreallocationMode$3                  : loaded 2 times (x 82B)
Class com.google.common.collect.ReverseOrdering                                       : loaded 2 times (x 115B)
Class org.gradle.tooling.model.build.JavaEnvironment                                  : loaded 2 times (x 70B)
Class org.apache.commons.io.output.AppendableWriter                                   : loaded 2 times (x 100B)
Class com.android.tools.r8.internal.fx2                                               : loaded 2 times (x 73B)
Class com.android.build.gradle.internal.lint.LintModelWriterTask$PerComponentCreationAction: loaded 2 times (x 90B)
Class com.android.builder.model.v2.ide.SyncIssue$Companion                            : loaded 2 times (x 71B)
Class kotlin.text.MatchResult$Destructured                                            : loaded 2 times (x 72B)
Class com.android.tools.r8.graph.ob                                                   : loaded 2 times (x 70B)
Class com.amazon.ion.UnknownSymbolException                                           : loaded 2 times (x 86B)
Class com.android.ide.gradle.model.composites.BuildMap                                : loaded 2 times (x 70B)
Class org.gradle.tooling.internal.adapter.ProtocolToModelAdapter$InvocationHandlerImpl: loaded 2 times (x 77B)
Class com.android.tools.r8.graph.E0                                                   : loaded 2 times (x 230B)
Class com.android.tools.r8.internal.Sg                                                : loaded 2 times (x 295B)
Class com.android.tools.r8.internal.ze1                                               : loaded 2 times (x 76B)
Class com.android.build.gradle.options.FeatureStage$Deprecated                        : loaded 2 times (x 72B)
Class com.android.tools.r8.synthesis.y0                                               : loaded 2 times (x 70B)
Class [Lcom.android.tools.r8.graph.i6;                                                : loaded 2 times (x 69B)
Class com.android.build.gradle.internal.dsl.BaseFlavor$minSdkDelegate$1               : loaded 2 times (x 79B)
Class com.android.build.gradle.internal.services.BuiltInKaptSupportMode$NotSupported  : loaded 2 times (x 71B)
Class com.android.build.gradle.internal.tasks.ProcessNavigationXmlTask$CreationAction$handleProvider$1: loaded 2 times (x 127B)
Class com.android.tools.r8.graph.r5                                                   : loaded 2 times (x 290B)
Class com.android.tools.r8.internal.t44                                               : loaded 2 times (x 73B)
Class com.android.tools.r8.synthesis.c0                                               : loaded 2 times (x 77B)
Class com.android.tools.r8.internal.a61                                               : loaded 2 times (x 96B)
Class com.android.build.gradle.internal.attribution.BuildAnalyzerService$Parameters   : loaded 2 times (x 70B)
Class com.android.tools.r8.internal.xp0                                               : loaded 2 times (x 168B)
Class org.gradle.tooling.model.Model                                                  : loaded 2 times (x 70B)
Class com.amazon.ion.impl.bin.IonRawBinaryWriter$ThrowingRunnable                     : loaded 2 times (x 70B)
Class com.amazon.ion.impl.bin.IonManagedBinaryWriter$LocalSymbolTableView             : loaded 2 times (x 107B)
Class com.amazon.ion.impl._Private_RecyclingStack$Recycler                            : loaded 2 times (x 70B)
Class com.android.ide.gradle.model.ArtifactIdentifier                                 : loaded 2 times (x 70B)
Class org.gradle.tooling.model.build.GradleEnvironment                                : loaded 2 times (x 70B)
Class org.jetbrains.plugins.gradle.tooling.util.IntObjectMap$ObjectFactory            : loaded 2 times (x 70B)
Class com.amazon.ion.IonException                                                     : loaded 2 times (x 84B)
Class com.amazon.ion.util.GzipStreamInterceptor                                       : loaded 2 times (x 85B)
Class com.amazon.ion.impl.bin.IonManagedBinaryWriter$UserState$3                      : loaded 2 times (x 85B)
Class com.android.build.gradle.internal.dsl.MinSdkDelegate                            : loaded 2 times (x 84B)
Class com.android.build.gradle.internal.errors.AndroidProblemReporterProvider         : loaded 2 times (x 76B)
Class com.android.tools.r8.graph.G0                                                   : loaded 2 times (x 139B)
Class com.android.build.api.dsl.JUnitEngineSpec                                       : loaded 2 times (x 70B)
Class com.android.build.gradle.internal.services.R8D8ThreadPoolBuildService$RegistrationAction: loaded 2 times (x 74B)
Class com.android.build.gradle.internal.dsl.MinSdkDelegate$setMinSdkVersion$1         : loaded 2 times (x 78B)
Class com.android.build.gradle.internal.scope.InternalArtifactType$LINT_SARIF_REPORT  : loaded 2 times (x 74B)
Class com.android.build.gradle.internal.lint.LintTaskManager$createLintTasks$lintVitalTask$1$1: loaded 2 times (x 75B)
Class com.android.tools.r8.internal.ij0                                               : loaded 2 times (x 161B)
Class com.android.tools.r8.internal.p40                                               : loaded 2 times (x 112B)
Class com.android.build.gradle.internal.dependency.KotlinPlatformAttributeKt          : loaded 2 times (x 71B)
Class com.android.tools.r8.graph.Z1                                                   : loaded 2 times (x 73B)
Class com.android.build.gradle.internal.utils.ViolatingPluginDetector$detect$violatingPlugins$1: loaded 2 times (x 79B)
Class org.jetbrains.plugins.gradle.model.GradleExtension                              : loaded 2 times (x 70B)
Class com.amazon.ion.impl.lite.IonDecimalLite                                         : loaded 2 times (x 188B)
Class com.amazon.ion.IonBufferConfiguration$Builder                                   : loaded 2 times (x 78B)
Class org.gradle.internal.time.Timer                                                  : loaded 2 times (x 70B)
Class kotlin.jvm.internal.markers.KMappedMarker                                       : loaded 2 times (x 70B)
Class org.gradle.internal.installation.CurrentGradleInstallationLocator               : loaded 2 times (x 71B)
Class org.apache.commons.io.output.ThresholdingOutputStream                           : loaded 2 times (x 95B)
Class com.android.tools.r8.internal.wj0                                               : loaded 2 times (x 163B)
Class com.google.common.io.ByteSource$SlicedByteSource                                : loaded 2 times (x 85B)
Class org.gradle.api.internal.classpath.DefaultModuleRegistry$DefaultModuleAlias      : loaded 2 times (x 80B)
Class kotlin.collections.MapsKt__MapsKt                                               : loaded 2 times (x 71B)
Class org.jetbrains.plugins.gradle.tooling.serialization.ExternalTestsSerializationService$WriteContext: loaded 2 times (x 72B)
Class org.jetbrains.kotlin.idea.gradleTooling.KotlinGradleModel                       : loaded 2 times (x 70B)
Class com.amazon.ion.impl.bin.IonManagedBinaryWriter$SymbolResolverBuilder            : loaded 2 times (x 70B)
Class com.amazon.ion.system.IonSystemBuilder$Mutable                                  : loaded 2 times (x 75B)
Class com.android.tools.r8.internal.DB                                                : loaded 2 times (x 73B)
Class com.android.tools.r8.graph.j6                                                   : loaded 2 times (x 128B)
Class com.android.sdklib.AndroidApiLevel$Companion                                    : loaded 2 times (x 71B)
Class com.android.tools.r8.internal.ou                                                : loaded 2 times (x 82B)
Class com.android.tools.r8.internal.T6                                                : loaded 2 times (x 75B)
Class org.jetbrains.kotlin.idea.gradleTooling.KotlinGradlePluginVersion               : loaded 2 times (x 70B)
Class com.intellij.gradle.toolingExtension.impl.util.collectionUtil.GradleCollections : loaded 2 times (x 71B)
Class com.amazon.ion.impl.lite.IonStructLite                                          : loaded 2 times (x 298B)
Class com.intellij.compose.ide.plugin.gradleTooling.rt.ComposeResourcesModel          : loaded 2 times (x 70B)
Class com.amazon.ion.impl._Private_ReaderWriter                                       : loaded 2 times (x 70B)
Class com.amazon.ion.impl.bin.AbstractSymbolTable                                     : loaded 2 times (x 107B)
Class com.amazon.ion.Decimal                                                          : loaded 2 times (x 133B)
Class com.amazon.ion.impl.bin._Private_IonManagedBinaryWriterBuilder$AllocatorMode$1  : loaded 2 times (x 80B)
Class com.android.build.gradle.internal.dsl.CompileSdkVersionImpl                     : loaded 2 times (x 80B)
Class com.android.tools.r8.graph.e6                                                   : loaded 2 times (x 140B)
Class com.android.tools.r8.graph.jc                                                   : loaded 2 times (x 70B)
Class com.android.tools.r8.graph.r3                                                   : loaded 2 times (x 73B)
Class com.android.tools.r8.internal.sm                                                : loaded 2 times (x 123B)
Class com.android.tools.r8.naming.p1                                                  : loaded 2 times (x 79B)
Class com.android.tools.r8.internal.kf1                                               : loaded 2 times (x 75B)
Class org.jetbrains.plugins.gradle.tooling.serialization.ProjectDependenciesSerializationService$WriteContext: loaded 2 times (x 72B)
Class org.jetbrains.plugins.gradle.tooling.serialization.ProjectDependenciesSerializationService: loaded 2 times (x 77B)
Class com.android.build.gradle.internal.lint.AndroidLintTask                          : loaded 2 times (x 369B)
Class com.google.errorprone.annotations.DoNotMock                                     : loaded 2 times (x 70B)
Class com.google.common.io.CharSource$CharSequenceCharSource                          : loaded 2 times (x 86B)
Class com.google.common.io.CharStreams$NullWriter                                     : loaded 2 times (x 99B)
Class com.android.tools.r8.internal.fp                                                : loaded 2 times (x 98B)
Class com.android.tools.r8.internal.mo0                                               : loaded 2 times (x 161B)
Class kotlin.collections.ArrayDeque                                                   : loaded 2 times (x 207B)
Class com.android.build.gradle.tasks.MergeSourceSetFolders$MergeAssetCreationAction   : loaded 2 times (x 91B)
Class com.android.build.gradle.internal.ide.v2.NativeModelBuilder_Decorated           : loaded 2 times (x 131B)
Class kotlin.reflect.KFunction                                                        : loaded 2 times (x 70B)
Class org.jetbrains.plugins.gradle.tooling.serialization.KotlinDslScriptsModelSerializationService: loaded 2 times (x 81B)
Class org.jetbrains.plugins.gradle.model.ExternalProjectDependency                    : loaded 2 times (x 70B)
Class com.android.tools.r8.graph.U1                                                   : loaded 2 times (x 73B)
Class com.android.tools.r8.internal.vs                                                : loaded 2 times (x 75B)
Class com.android.tools.r8.naming.p0                                                  : loaded 2 times (x 80B)
Class kotlin.collections.AbstractIterator                                             : loaded 2 times (x 83B)
Class kotlin.text.CharsKt                                                             : loaded 2 times (x 71B)
Class com.google.common.collect.Range                                                 : loaded 2 times (x 86B)
Class org.gradle.tooling.internal.adapter.CollectionMapper                            : loaded 2 times (x 73B)
Class com.android.tools.r8.internal.ve                                                : loaded 2 times (x 87B)
Class com.android.tools.r8.internal.lo                                                : loaded 2 times (x 72B)
Class com.android.build.gradle.internal.scope.InternalArtifactType$LINT_HTML_REPORT   : loaded 2 times (x 74B)
Class com.android.build.gradle.internal.plugins.BasePlugin$createVariantModel$5       : loaded 2 times (x 79B)
Class [Lcom.amazon.ion.impl.bin.IonRawBinaryWriter$ContainerType;                     : loaded 2 times (x 69B)
Class org.gradle.tooling.internal.adapter.ProtocolToModelAdapter$ViewGraphDetails     : loaded 2 times (x 72B)
Class org.gradle.tooling.model.idea.IdeaProject                                       : loaded 2 times (x 70B)
Class org.gradle.tooling.model.DomainObjectSet                                        : loaded 2 times (x 70B)
Class org.gradle.internal.service.DefaultServiceLocator                               : loaded 2 times (x 83B)
Class com.android.tools.r8.internal.io0                                               : loaded 2 times (x 161B)
Class com.android.tools.r8.graph.g0                                                   : loaded 2 times (x 77B)
Class com.google.common.collect.Maps$EntrySet                                         : loaded 2 times (x 136B)
Class org.jetbrains.kotlin.tooling.core.KotlinToolingVersion                          : loaded 2 times (x 75B)
Class com.android.tools.r8.internal.ya1                                               : loaded 2 times (x 203B)
Class com.android.tools.r8.graph.e5                                                   : loaded 2 times (x 74B)
Class com.android.tools.r8.internal.g71                                               : loaded 2 times (x 70B)
Class com.android.tools.r8.synthesis.e0                                               : loaded 2 times (x 72B)
Class com.android.tools.r8.graph.u9                                                   : loaded 2 times (x 72B)
Class com.android.tools.r8.internal.xc0                                               : loaded 2 times (x 75B)
Class com.android.tools.r8.graph.d1                                                   : loaded 2 times (x 211B)
Class com.android.build.gradle.tasks.PackageAndroidArtifact$CreationAction$configure$2: loaded 2 times (x 74B)
Class com.android.build.gradle.internal.attribution.BuildAnalyzerConfiguratorService  : loaded 2 times (x 76B)
Class com.google.common.collect.Interners$InternerBuilder                             : loaded 2 times (x 76B)
Class com.android.tools.r8.internal.yz                                                : loaded 2 times (x 73B)
Class com.android.tools.r8.internal.ap0                                               : loaded 2 times (x 171B)
Class org.gradle.internal.classpath.ClassPath                                         : loaded 2 times (x 70B)
Class kotlin.collections.SetsKt                                                       : loaded 2 times (x 71B)
Class kotlin.text.StringsKt__IndentKt                                                 : loaded 2 times (x 71B)
Class [Lcom.amazon.ion.SymbolToken;                                                   : loaded 2 times (x 69B)
Class com.android.tools.r8.internal.t40                                               : loaded 2 times (x 190B)
Class sync_studio_tooling2194_1903hujfi2yvjnj8aj38qane9                               : loaded 2 times (x 171B)
Class [Lcom.android.build.gradle.options.HasFutureStage;                              : loaded 2 times (x 69B)
Class com.android.build.gradle.internal.scope.InternalArtifactType$UPDATED_NAVIGATION_XML: loaded 2 times (x 74B)
Class com.android.build.api.component.impl.ComponentImpl$builtInKotlinSupportMode$2   : loaded 2 times (x 79B)
Class com.android.tools.r8.graph.e4                                                   : loaded 2 times (x 72B)
Class com.android.tools.r8.synthesis.s0                                               : loaded 2 times (x 105B)
Class com.android.tools.r8.internal.rr0                                               : loaded 2 times (x 73B)
Class com.android.tools.r8.internal.x91                                               : loaded 2 times (x 288B)
Class com.android.tools.r8.internal.n64                                               : loaded 2 times (x 71B)
Class com.android.build.gradle.internal.dependency.AarTransform$WhenMappings          : loaded 2 times (x 71B)
Class com.android.build.gradle.internal.cxx.gradle.generator.CxxMetadataGenerator     : loaded 2 times (x 70B)
Class com.android.build.gradle.internal.lint.AndroidLintTask$SingleVariantCreationAction: loaded 2 times (x 95B)
Class com.android.tools.r8.internal.d00                                               : loaded 2 times (x 73B)
Class com.android.build.gradle.internal.ide.v2.SyncIssueImpl                          : loaded 2 times (x 79B)
Class com.google.common.collect.AbstractMapBasedMultimap$WrappedCollection            : loaded 2 times (x 124B)
Class com.android.tools.r8.internal.w1                                                : loaded 2 times (x 118B)
Class com.android.tools.r8.g0                                                         : loaded 2 times (x 77B)
Class org.gradle.internal.classloader.ClassLoaderHierarchy                            : loaded 2 times (x 70B)
Class kotlin.collections.CollectionsKt__ReversedViewsKt                               : loaded 2 times (x 71B)
Class kotlin.sequences.SequencesKt__SequenceBuilderKt                                 : loaded 2 times (x 71B)
Class kotlin.io.FilesKt__FileTreeWalkKt                                               : loaded 2 times (x 71B)
Class kotlin.jvm.internal.CollectionToArray                                           : loaded 2 times (x 71B)
Class kotlin.sequences.FilteringSequence$iterator$1                                   : loaded 2 times (x 79B)
Class com.intellij.gradle.toolingExtension.impl.model.sourceSetModel.GradleSourceSetSerialisationService$Companion: loaded 2 times (x 71B)
Class com.amazon.ion.impl.bin.utf8.Utf8StringEncoder$Result                           : loaded 2 times (x 74B)
Class com.amazon.ion.impl.bin.utf8.Pool$Allocator                                     : loaded 2 times (x 70B)
Class com.amazon.ion.IonText                                                          : loaded 2 times (x 70B)
Class com.amazon.ion.impl.SymbolTokenImpl                                             : loaded 2 times (x 81B)
Class com.amazon.ion.SubstituteSymbolTableException                                   : loaded 2 times (x 84B)
Class com.google.common.collect.ComparisonChain$InactiveComparisonChain               : loaded 2 times (x 80B)
Class kotlin.coroutines.jvm.internal.SuspendFunction                                  : loaded 2 times (x 70B)
Class org.gradle.util.GradleVersion                                                   : loaded 2 times (x 81B)
Class org.gradle.internal.installation.CurrentGradleInstallation                      : loaded 2 times (x 73B)
Class com.android.tools.r8.internal.ej0                                               : loaded 2 times (x 161B)
Class com.android.tools.r8.internal.xo                                                : loaded 2 times (x 71B)
Class com.android.tools.r8.internal.ok0                                               : loaded 2 times (x 170B)
Class com.android.tools.r8.internal.rg0                                               : loaded 2 times (x 112B)
Class com.android.tools.r8.internal.vl1                                               : loaded 2 times (x 133B)
Class com.amazon.ion.impl._Private_IonValue                                           : loaded 2 times (x 70B)
Class com.android.tools.r8.graph.ja                                                   : loaded 2 times (x 73B)
Class com.android.tools.r8.internal.iu                                                : loaded 2 times (x 83B)
Class com.google.common.collect.NullnessCasts                                         : loaded 2 times (x 71B)
Class kotlin.collections.IntIterator                                                  : loaded 2 times (x 82B)
Class kotlin.text.StringsKt__StringsJVMKt                                             : loaded 2 times (x 71B)
Class settings_5s6dy7i9ifcwbhvbedp1xioyk                                              : loaded 2 times (x 171B)
Class com.android.build.gradle.internal.utils.ConsoleProgressIndicatorFactory$IsTerminalSmartValueSource$Inject_: loaded 2 times (x 109B)
Class com.intellij.gradle.toolingExtension.impl.model.projectModel.GradleExternalProjectSerializationService$WriteContext: loaded 2 times (x 73B)
Class com.amazon.ion.impl.bin._Private_IonManagedBinaryWriterBuilder                  : loaded 2 times (x 72B)
Class com.amazon.ion.impl._Private_IonWriter                                          : loaded 2 times (x 70B)
Class com.amazon.ion.impl.bin.IonManagedBinaryWriter$UserState                        : loaded 2 times (x 85B)
Class com.android.build.gradle.tasks.MergeSourceSetFolders$MergeAppAssetCreationAction: loaded 2 times (x 91B)
Class com.android.tools.r8.internal.jU                                                : loaded 2 times (x 106B)
Class com.android.build.gradle.internal.errors.AndroidProblemReporterProvider$reporter$1: loaded 2 times (x 74B)
Class com.android.build.gradle.internal.tasks.factory.BootClasspathConfigImpl$androidJar$2: loaded 2 times (x 79B)
Class com.android.build.gradle.internal.testing.utp.UtpDependency$13                  : loaded 2 times (x 127B)
Class com.android.ide.gradle.model.ArtifactIdentifierImpl                             : loaded 2 times (x 77B)
Class com.amazon.ion.impl.bin.IonManagedBinaryWriter$UserState$2                      : loaded 2 times (x 85B)
Class com.android.repository.api.RepoManager$Companion                                : loaded 2 times (x 71B)
Class com.android.build.api.dsl.TargetSdkSpec                                         : loaded 2 times (x 70B)
Class com.android.tools.r8.graph.r0                                                   : loaded 2 times (x 70B)
Class com.android.tools.r8.startup.diagnostic.MissingStartupProfileItemsDiagnostic$a  : loaded 2 times (x 72B)
Class com.android.build.gradle.internal.errors.AndroidProblemReporterProvider$Parameters$Inject_: loaded 2 times (x 106B)
Class com.android.build.gradle.internal.errors.AndroidProblemReporterProvider$Inject_ : loaded 2 times (x 96B)
Class com.google.protobuf.MapField                                                    : loaded 2 times (x 89B)
Class com.android.build.gradle.internal.dsl.CompileSdkSpecImpl                        : loaded 2 times (x 86B)
Class com.android.build.gradle.internal.dsl.CompileSdkDelegate$compileSdk$1           : loaded 2 times (x 79B)
Class com.android.build.api.annotations.ReplacedByIncubating                          : loaded 2 times (x 70B)
Class com.android.tools.r8.internal.tn1                                               : loaded 2 times (x 94B)
Class com.android.build.gradle.internal.attribution.BuildAnalyzerIssueReporter        : loaded 2 times (x 72B)
Class com.google.common.collect.MapMakerInternalMap$Segment                           : loaded 2 times (x 142B)
Class com.amazon.ion.impl.lite.IonFloatLite                                           : loaded 2 times (x 186B)
Class com.android.tools.r8.internal.u20                                               : loaded 2 times (x 80B)
Class com.android.tools.r8.graph.e3                                                   : loaded 2 times (x 75B)
Class com.android.utils.concurrency.ReadWriteProcessLock$WriteLock                    : loaded 2 times (x 77B)
Class org.apache.commons.io.IOUtils                                                   : loaded 2 times (x 71B)
Class org.gradle.api.internal.ClassPathRegistry                                       : loaded 2 times (x 70B)
Class com.amazon.ion.impl.bin.IonManagedBinaryWriter$ImportDescriptor                 : loaded 2 times (x 76B)
Class com.amazon.ion.SymbolTable                                                      : loaded 2 times (x 70B)
Class org.jetbrains.plugins.gradle.javaModel.JavaGradleManifestModel                  : loaded 2 times (x 70B)
Class org.jetbrains.plugins.gradle.tooling.serialization.GradleExtensionsSerializationService$WriteContext: loaded 2 times (x 72B)
Class com.intellij.gradle.toolingExtension.impl.model.taskModel.GradleTaskSerialisationService$Companion: loaded 2 times (x 71B)
Class kotlin.jvm.internal.Ref$BooleanRef                                              : loaded 2 times (x 71B)
Class kotlin.jvm.internal.StringCompanionObject                                       : loaded 2 times (x 71B)
Class kotlin.coroutines.intrinsics.IntrinsicsKt__IntrinsicsJvmKt                      : loaded 2 times (x 71B)
Class kotlin.coroutines.jvm.internal.CoroutineStackFrame                              : loaded 2 times (x 70B)
Class org.gradle.tooling.internal.adapter.ProtocolToModelAdapter$MethodInvocationCache$MethodInvocationKey: loaded 2 times (x 73B)
Class org.gradle.util.internal.GUtil                                                  : loaded 2 times (x 71B)
Class org.gradle.internal.classpath.DefaultClassPath$ImmutableUniqueList              : loaded 2 times (x 199B)
Class com.android.tools.r8.internal.dl0                                               : loaded 2 times (x 170B)
Class com.android.buildanalyzer.common.TaskCategoryIssue$Severity                     : loaded 2 times (x 79B)
Class kotlin.ranges.ClosedRange                                                       : loaded 2 times (x 70B)
Class org.jetbrains.plugins.gradle.tooling.serialization.RepositoriesModelSerializationService$ReadContext: loaded 2 times (x 72B)
Class [Lcom.amazon.ion.impl.bin.AbstractIonWriter$WriteValueOptimization;             : loaded 2 times (x 69B)
Class com.android.tools.r8.internal.lz                                                : loaded 2 times (x 71B)
Class com.android.tools.r8.graph.H1                                                   : loaded 2 times (x 72B)
Class com.android.tools.r8.internal.pb                                                : loaded 2 times (x 73B)
Class com.amazon.ion.impl._Private_IonTextWriterBuilder                               : loaded 2 times (x 102B)
Class com.amazon.ion.impl.bin._Private_IonManagedBinaryWriterBuilder$AllocatorMode$2  : loaded 2 times (x 80B)
Class com.android.sdklib.AndroidApiLevel                                              : loaded 2 times (x 74B)
Class com.google.common.collect.ExplicitOrdering                                      : loaded 2 times (x 115B)
Class com.android.build.gradle.internal.lint.AndroidLintTask$LintVitalCreationAction  : loaded 2 times (x 95B)
Class com.android.tools.r8.internal.bz                                                : loaded 2 times (x 74B)
Class com.android.tools.r8.graph.x3                                                   : loaded 2 times (x 73B)
Class com.android.build.gradle.internal.plugins.AndroidPluginBaseServices$applyBaseServices$4: loaded 2 times (x 75B)
Class com.android.tools.r8.internal.k5                                                : loaded 2 times (x 73B)
Class com.android.tools.r8.internal.qg0                                               : loaded 2 times (x 112B)
Class org.apache.commons.io.file.DeleteOption                                         : loaded 2 times (x 70B)
Class com.android.tools.r8.internal.z51                                               : loaded 2 times (x 70B)
Class org.gradle.api.internal.DefaultClassPathRegistry                                : loaded 2 times (x 76B)
Class org.gradle.tooling.internal.gradle.GradleProjectIdentity                        : loaded 2 times (x 70B)
Class org.jetbrains.plugins.gradle.tooling.serialization.RepositoriesModelSerializationService: loaded 2 times (x 82B)
Class com.android.build.gradle.internal.scope.InternalArtifactType$DEVICE_SPEC_PATH_MAP: loaded 2 times (x 74B)
Class com.amazon.ion.impl.bin.Symbols                                                 : loaded 2 times (x 71B)
Class com.amazon.ion.IonBufferConfiguration                                           : loaded 2 times (x 73B)
Class com.android.ide.gradle.model.artifacts.AdditionalClassifierArtifactsModel       : loaded 2 times (x 70B)
Class com.android.tools.r8.graph.H0                                                   : loaded 2 times (x 169B)
Class com.android.build.gradle.internal.testsuites.impl.TestSuiteBuilderImpl          : loaded 2 times (x 86B)
Class com.android.tools.r8.internal.Vg                                                : loaded 2 times (x 81B)
Class com.android.build.gradle.internal.services.R8D8ThreadPoolBuildService           : loaded 2 times (x 80B)
Class com.android.build.gradle.internal.plugins.AndroidPluginBaseServices$applyBaseServices$3: loaded 2 times (x 75B)
Class com.android.build.gradle.internal.component.TestSuiteCreationConfig             : loaded 2 times (x 70B)
Class com.android.build.gradle.internal.dsl.BaseFlavor$targetSdk$1$1                  : loaded 2 times (x 79B)
Class com.android.tools.r8.graph.e1                                                   : loaded 2 times (x 70B)
Class com.android.sdklib.util.CacheByCanonicalPath                                    : loaded 2 times (x 72B)
Class com.android.tools.r8.synthesis.f0                                               : loaded 2 times (x 72B)
Class com.android.build.api.dsl.DependencySelection                                   : loaded 2 times (x 70B)
Class com.android.build.gradle.internal.lint.LintTaskManager$createLintTasks$6        : loaded 2 times (x 75B)
Class com.google.common.base.Present                                                  : loaded 2 times (x 81B)
Class com.google.common.collect.AbstractMapBasedMultimap$AsMap$AsMapIterator          : loaded 2 times (x 83B)
Class com.google.common.collect.AbstractMapBasedMultimap$WrappedCollection$WrappedIterator: loaded 2 times (x 84B)
Class com.android.tools.r8.graph.d7$a                                                 : loaded 2 times (x 78B)
Class com.android.tools.r8.internal.ho0                                               : loaded 2 times (x 161B)
Class com.android.tools.r8.internal.j3                                                : loaded 2 times (x 70B)
Class com.android.builder.utils.SynchronizedFile$LockingScope                         : loaded 2 times (x 79B)
Class com.android.tools.r8.graph.e0                                                   : loaded 2 times (x 197B)
Class com.android.tools.r8.dex.D                                                      : loaded 2 times (x 73B)
Class com.android.tools.r8.internal.JB                                                : loaded 2 times (x 77B)
Class [Lcom.android.tools.r8.graph.G2;                                                : loaded 2 times (x 69B)
Class [Lcom.google.common.collect.MapMakerInternalMap$Segment;                        : loaded 2 times (x 69B)
Class com.android.tools.r8.internal.yp0                                               : loaded 2 times (x 168B)
Class com.android.build.gradle.internal.plugins.AndroidPluginBaseServices$applyBaseServices$2: loaded 2 times (x 75B)
Class com.android.build.gradle.internal.testing.utp.UtpDependency$14                  : loaded 2 times (x 127B)
Class com.android.tools.r8.internal.m5                                                : loaded 2 times (x 73B)
Class com.android.tools.r8.internal.Au                                                : loaded 2 times (x 82B)
Class com.android.tools.r8.graph.J1                                                   : loaded 2 times (x 74B)
Class [Lcom.amazon.ion.impl.bin.IonManagedBinaryWriter$SymbolState;                   : loaded 2 times (x 69B)
Class com.amazon.ion.impl._Private_IonWriterBase                                      : loaded 2 times (x 162B)
Class com.amazon.ion.system.IonSystemBuilder                                          : loaded 2 times (x 75B)
Class com.amazon.ion.IonCatalog                                                       : loaded 2 times (x 70B)
Class com.intellij.gradle.toolingExtension.impl.model.utilTurnOffDefaultTasksModel.TurnOffDefaultTasks: loaded 2 times (x 70B)
Class com.intellij.gradle.toolingExtension.impl.model.sourceSetModel.GradleSourceSetSerialisationService$SourceSetModelReadContext: loaded 2 times (x 72B)
Class kotlin.io.NoSuchFileException                                                   : loaded 2 times (x 82B)
Class kotlin.collections.CollectionsKt                                                : loaded 2 times (x 71B)
Class com.android.build.api.dsl.CompileSdkVersion                                     : loaded 2 times (x 70B)
Class com.android.tools.r8.internal.e00                                               : loaded 2 times (x 73B)
Class com.android.tools.r8.internal.hm                                                : loaded 2 times (x 125B)
Class com.google.common.io.LineBuffer                                                 : loaded 2 times (x 75B)
Class com.google.common.collect.MapMakerInternalMap$1                                 : loaded 2 times (x 83B)
Class com.android.build.gradle.internal.scope.InternalArtifactType$LINT_XML_REPORT    : loaded 2 times (x 74B)
Class org.jetbrains.plugins.gradle.ExternalDependencyId                               : loaded 2 times (x 70B)
Class com.amazon.ion.impl._Private_RecyclingStack                                     : loaded 2 times (x 79B)
Class com.android.tools.r8.internal.bc                                                : loaded 2 times (x 70B)
Class com.amazon.ion.impl._Private_IonReaderBuilder                                   : loaded 2 times (x 97B)
Class com.android.builder.utils.SynchronizedFile$ActionExecutionException             : loaded 2 times (x 82B)
Class ijKotlinCoroutineJvmDebugInit1_64csj89c04b1hqf4t8bkl1odu$_run_closure1          : loaded 2 times (x 139B)
Class com.android.tools.r8.graph.t0                                                   : loaded 2 times (x 70B)
Class com.android.tools.r8.graph.g3                                                   : loaded 2 times (x 106B)
Class com.amazon.ion.IonMutableCatalog                                                : loaded 2 times (x 70B)
Class gnu.trove.THash                                                                 : loaded 2 times (x 81B)
Class com.intellij.gradle.toolingExtension.impl.model.buildScriptClasspathModel.GradleBuildScriptClasspathSerializationService$WriteContext: loaded 2 times (x 72B)
Class com.android.build.gradle.tasks.CompileNavigationXmlTask                         : loaded 2 times (x 342B)
Class com.android.tools.r8.graph.h7                                                   : loaded 2 times (x 141B)
Class com.android.build.gradle.internal.lint.LintTaskManager$createLintTasks$5        : loaded 2 times (x 75B)
Class org.gradle.tooling.internal.adapter.ProtocolToModelAdapter                      : loaded 2 times (x 80B)
Class com.google.common.io.AppendableWriter                                           : loaded 2 times (x 100B)
Class com.android.tools.r8.internal.b71                                               : loaded 2 times (x 83B)
Class com.android.tools.r8.internal.vj0                                               : loaded 2 times (x 163B)
Class com.android.tools.r8.internal.cc                                                : loaded 2 times (x 75B)
Class org.apache.commons.io.filefilter.IOFileFilter                                   : loaded 2 times (x 70B)
Class com.android.tools.r8.shaking.d4                                                 : loaded 2 times (x 83B)
Class kotlin.sequences.DistinctIterator                                               : loaded 2 times (x 83B)
Class org.jetbrains.plugins.gradle.tooling.serialization.ProjectDependenciesSerializationService$ReadContext: loaded 2 times (x 72B)
Class com.intellij.openapi.externalSystem.model.project.dependencies.ProjectDependencies: loaded 2 times (x 70B)
Class com.android.tools.r8.internal.o71                                               : loaded 2 times (x 72B)
Class com.android.tools.r8.internal.wk1                                               : loaded 2 times (x 84B)
Class com.android.build.gradle.internal.services.R8D8ThreadPoolBuildService$Parameters: loaded 2 times (x 72B)
Class com.android.tools.r8.internal.yt0                                               : loaded 2 times (x 70B)
Class com.android.buildanalyzer.common.TaskCategoryIssue                              : loaded 2 times (x 79B)
Class com.android.tools.r8.graph.x4                                                   : loaded 2 times (x 73B)
Class com.android.build.api.dsl.CompileSdkSpec                                        : loaded 2 times (x 70B)
Class com.android.build.api.dsl.MinSdkVersion                                         : loaded 2 times (x 70B)
Class com.android.tools.r8.graph.u3                                                   : loaded 2 times (x 73B)
Class com.android.tools.r8.synthesis.e0$a                                             : loaded 2 times (x 70B)
Class com.android.build.gradle.internal.lint.LintTaskManager$createLintTasks$4        : loaded 2 times (x 75B)
Class org.gradle.internal.classloader.FilteringClassLoader                            : loaded 2 times (x 105B)
Class com.android.tools.r8.internal.ip                                                : loaded 2 times (x 125B)
Class kotlin.NotImplementedError                                                      : loaded 2 times (x 82B)
Class kotlin.sequences.FlatteningSequence                                             : loaded 2 times (x 75B)
Class kotlin.text.MatcherMatchResult                                                  : loaded 2 times (x 80B)
Class kotlin.text.MatchGroupCollection                                                : loaded 2 times (x 70B)
Class kotlin.text.StringsKt__StringsKt                                                : loaded 2 times (x 71B)
Class org.jetbrains.plugins.gradle.tooling.serialization.internal.IdeaProjectSerializationService$ReadContext: loaded 2 times (x 72B)
Class com.amazon.ion.impl.bin.IonManagedBinaryWriter$UserState$1                      : loaded 2 times (x 85B)
Class com.android.ide.gradle.model.dependencies.DeclaredDependencies                  : loaded 2 times (x 70B)
Class com.android.tools.r8.internal.vm                                                : loaded 2 times (x 79B)
Class com.android.tools.r8.internal.ex2                                               : loaded 2 times (x 278B)
Class com.android.tools.r8.internal.zo0                                               : loaded 2 times (x 171B)
Class com.android.tools.r8.internal.ei                                                : loaded 2 times (x 82B)
Class org.apache.commons.io.Charsets                                                  : loaded 2 times (x 71B)
Class com.android.build.gradle.internal.dsl.CompileSdkSpecImpl$AgpDecorated_Decorated : loaded 2 times (x 135B)
Class com.android.tools.r8.graph.J2                                                   : loaded 2 times (x 166B)
Class com.intellij.gradle.toolingExtension.impl.model.sourceSetModel.GradleSourceSetSerialisationService$SourceSetModelWriteContext: loaded 2 times (x 72B)
Class kotlin.ranges.IntProgressionIterator                                            : loaded 2 times (x 82B)
Class kotlin.coroutines.CoroutineContext                                              : loaded 2 times (x 70B)
Class kotlin.coroutines.jvm.internal.DebugProbesKt                                    : loaded 2 times (x 71B)
Class org.gradle.tooling.internal.adapter.WeakIdentityHashMap                         : loaded 2 times (x 76B)
Class org.gradle.tooling.GradleConnectionException                                    : loaded 2 times (x 83B)
Class org.gradle.tooling.internal.adapter.ProtocolToModelAdapter$1                    : loaded 2 times (x 75B)
Class org.gradle.tooling.internal.adapter.ProtocolToModelAdapter$ViewDecoration       : loaded 2 times (x 70B)
Class org.gradle.internal.installation.GradleInstallation                             : loaded 2 times (x 75B)
Class com.android.tools.r8.internal.h71                                               : loaded 2 times (x 71B)
Class com.android.tools.r8.internal.yc0                                               : loaded 2 times (x 72B)
Class org.gradle.api.internal.classpath.UnknownModuleException                        : loaded 2 times (x 82B)
Class kotlin.internal.ProgressionUtilKt                                               : loaded 2 times (x 71B)
Class com.android.tools.r8.internal.hn                                                : loaded 2 times (x 124B)
Class kotlin.io.FileAlreadyExistsException                                            : loaded 2 times (x 82B)
Class com.android.build.gradle.internal.lint.AndroidLintAnalysisTask$Companion        : loaded 2 times (x 71B)
Class com.android.buildanalyzer.common.AndroidGradlePluginAttributionData$TaskInfo    : loaded 2 times (x 72B)
Class com.intellij.openapi.externalSystem.model.project.IExternalSystemSourceType     : loaded 2 times (x 70B)
Class com.amazon.ion.impl._Private_IonReaderBuilder$Mutable                           : loaded 2 times (x 97B)
Class [Lcom.amazon.ion.util.GzipStreamInterceptor;                                    : loaded 2 times (x 69B)
Class com.android.tools.r8.graph.X1                                                   : loaded 2 times (x 73B)
Class com.android.tools.r8.synthesis.u0                                               : loaded 2 times (x 105B)
Class com.android.tools.r8.graph.g4                                                   : loaded 2 times (x 72B)
Class com.android.tools.r8.internal.ys                                                : loaded 2 times (x 75B)
Class com.android.build.gradle.internal.dsl.MinSdkSpecImpl                            : loaded 2 times (x 81B)
Class com.android.tools.r8.internal.io                                                : loaded 2 times (x 70B)
Class com.android.tools.r8.internal.k1                                                : loaded 2 times (x 181B)
Class com.android.tools.r8.internal.np0                                               : loaded 2 times (x 161B)
Class com.android.tools.r8.internal.c50                                               : loaded 2 times (x 74B)
Class ijJvmDebugger1_5lqvmc1626t7dnv8g7gaynidq                                        : loaded 2 times (x 171B)
Class org.gradle.api.internal.classpath.Module                                        : loaded 2 times (x 70B)
Class org.gradle.tooling.internal.gradle.DefaultBuildIdentifier                       : loaded 2 times (x 79B)
Class org.gradle.tooling.internal.adapter.ProtocolToModelAdapter$AdaptingMethodInvoker: loaded 2 times (x 76B)
Class kotlin.Function                                                                 : loaded 2 times (x 70B)
Class kotlin.collections.SetsKt__SetsJVMKt                                            : loaded 2 times (x 71B)
Class org.jetbrains.plugins.gradle.tooling.util.ObjectCollector                       : loaded 2 times (x 72B)
Class org.jetbrains.plugins.gradle.model.GradleTaskModel                              : loaded 2 times (x 70B)
Class com.amazon.ion.impl.bin._Private_IonManagedBinaryWriterBuilder$AllocatorMode    : loaded 2 times (x 80B)
Class com.amazon.ion.impl._Private_SymbolToken                                        : loaded 2 times (x 70B)
Class com.amazon.ion.impl.bin.IonManagedBinaryWriter$SymbolResolver                   : loaded 2 times (x 70B)
Class com.android.build.gradle.internal.variant.VariantPathHelper$kaptKotlinSourceOutputDir$2: loaded 2 times (x 79B)
Class com.android.build.gradle.internal.DependencyResolutionChecksKt                  : loaded 2 times (x 71B)
Class kotlin.collections.ArraysKt___ArraysKt$asSequence$$inlined$Sequence$1           : loaded 2 times (x 75B)
Class kotlin.collections.MapsKt__MapsJVMKt                                            : loaded 2 times (x 71B)
Class kotlin.collections.EmptyList                                                    : loaded 2 times (x 174B)
Class org.gradle.internal.time.DefaultTimer                                           : loaded 2 times (x 80B)
Class com.android.tools.r8.graph.h4                                                   : loaded 2 times (x 74B)
Class com.android.build.gradle.internal.TaskManager$Companion$createCoreLibraryDesugaringConfig$1: loaded 2 times (x 74B)
Class com.android.tools.r8.synthesis.v0                                               : loaded 2 times (x 74B)
Class com.android.buildanalyzer.common.AndroidGradlePluginAttributionData$BuildInfo   : loaded 2 times (x 72B)
Class com.android.tools.r8.internal.u51                                               : loaded 2 times (x 286B)
Class com.android.tools.r8.internal.vk                                                : loaded 2 times (x 71B)
Class org.apache.commons.io.output.NullOutputStream                                   : loaded 2 times (x 85B)
Class org.gradle.internal.time.DefaultCountdownTimer                                  : loaded 2 times (x 88B)
Class kotlin.collections.ArraysKt__ArraysKt                                           : loaded 2 times (x 71B)
Class kotlin.Result$Failure                                                           : loaded 2 times (x 72B)
Class com.amazon.ion.ValueFactory                                                     : loaded 2 times (x 70B)
Class [Lcom.amazon.ion.impl.bin.IonManagedBinaryWriter$ImportedSymbolResolverMode;    : loaded 2 times (x 69B)
Class com.amazon.ion.impl.IonWriterSystemText                                         : loaded 2 times (x 190B)
Class com.android.build.gradle.internal.res.Aapt2FromMaven$Companion$DefaultAapt2Version$BUILD_NUMBER$2: loaded 2 times (x 78B)
Class com.amazon.ion.impl.lite.IonContext                                             : loaded 2 times (x 70B)
Class com.amazon.ion.impl.lite.IonLoaderLite                                          : loaded 2 times (x 82B)
Class com.amazon.ion.impl.bin.utf8.Utf8StringEncoderPool$1                            : loaded 2 times (x 76B)
Class com.amazon.ion.impl._Private_RecyclingQueue$Recycler                            : loaded 2 times (x 70B)
Class com.amazon.ion.impl.lite.ContainerlessContext                                   : loaded 2 times (x 80B)
Class org.jetbrains.plugins.gradle.tooling.serialization.GradleExtensionsSerializationService$ReadContext: loaded 2 times (x 72B)
Class com.google.common.collect.ForwardingCollection                                  : loaded 2 times (x 130B)
Class com.google.common.collect.LexicographicalOrdering                               : loaded 2 times (x 115B)
Class org.gradle.tooling.internal.adapter.MethodInvoker                               : loaded 2 times (x 70B)
Class com.android.tools.r8.graph.t2                                                   : loaded 2 times (x 72B)
Class com.android.tools.r8.internal.re                                                : loaded 2 times (x 87B)
Class com.android.tools.r8.internal.om1                                               : loaded 2 times (x 70B)
Class org.jetbrains.plugins.gradle.model.ExternalTask                                 : loaded 2 times (x 70B)
Class com.intellij.openapi.externalSystem.model.ExternalSystemException               : loaded 2 times (x 86B)
Class com.android.tools.r8.internal.c40                                               : loaded 2 times (x 77B)
Class com.android.tools.r8.synthesis.b                                                : loaded 2 times (x 72B)
Class com.android.tools.r8.internal.ho                                                : loaded 2 times (x 70B)
Class com.android.tools.r8.graph.w9                                                   : loaded 2 times (x 70B)
Class com.android.tools.r8.graph.A                                                    : loaded 2 times (x 75B)
Class com.android.tools.r8.w1                                                         : loaded 2 times (x 70B)
Class com.android.build.gradle.internal.tasks.ProcessJavaResTaskKt$getProjectJavaRes$3$3: loaded 2 times (x 75B)
Class com.android.tools.r8.internal.bd0                                               : loaded 2 times (x 71B)
Class com.android.tools.r8.internal.ek0                                               : loaded 2 times (x 163B)
Class com.android.tools.r8.internal.fd                                                : loaded 2 times (x 74B)
Class com.android.tools.r8.internal.vm1                                               : loaded 2 times (x 70B)
Class com.android.tools.r8.internal.k21                                               : loaded 2 times (x 70B)
Class com.android.build.gradle.internal.scope.InternalArtifactType$LINT_VITAL_RETURN_VALUE: loaded 2 times (x 74B)
Class com.android.tools.r8.references.FieldReference                                  : loaded 2 times (x 72B)
Class com.android.tools.r8.graph.x5                                                   : loaded 2 times (x 170B)
Class com.android.build.gradle.internal.tasks.factory.BootClasspathConfigImpl$androidJar$2$1: loaded 2 times (x 75B)
Class com.android.tools.r8.graph.x7                                                   : loaded 2 times (x 94B)
Class com.android.tools.r8.internal.a9                                                : loaded 2 times (x 99B)
Class com.android.tools.r8.internal.dm1                                               : loaded 2 times (x 79B)
Class com.android.tools.r8.internal.im                                                : loaded 2 times (x 71B)
Class com.android.build.api.variant.impl.HasTestSuitesCreationConfig                  : loaded 2 times (x 70B)
Class org.gradle.tooling.internal.adapter.ProtocolToModelAdapter$PropertyCachingMethodInvoker: loaded 2 times (x 76B)
Class kotlin.ResultKt                                                                 : loaded 2 times (x 71B)
Class com.google.common.collect.NullsFirstOrdering                                    : loaded 2 times (x 115B)
Class com.amazon.ion.impl.bin.Block                                                   : loaded 2 times (x 79B)
Class com.android.build.gradle.internal.AndroidTestTaskManager$createMockableJarTask$2: loaded 2 times (x 75B)
Class com.android.tools.r8.graph.K1                                                   : loaded 2 times (x 72B)
Class com.android.tools.r8.internal.n5                                                : loaded 2 times (x 75B)
Class com.android.tools.r8.internal.sb                                                : loaded 2 times (x 73B)
Class com.android.build.gradle.internal.tasks.ProcessJavaResTaskKt$getProjectJavaRes$3$2: loaded 2 times (x 74B)
Class build_4gyj21wmglftprw2wx12dy9gf                                                 : loaded 2 times (x 172B)
Class com.android.build.gradle.internal.tasks.R8ResourceShrinkingParametersKt         : loaded 2 times (x 71B)
Class com.android.build.gradle.internal.dsl.AgpTestSuiteImpl                          : loaded 2 times (x 102B)
Class com.google.common.base.Absent                                                   : loaded 2 times (x 80B)
Class com.android.tools.r8.dex.u0                                                     : loaded 2 times (x 77B)
Class com.android.tools.r8.references.ClassReference                                  : loaded 2 times (x 86B)
Class com.android.tools.r8.internal.p11                                               : loaded 2 times (x 71B)
Class org.gradle.api.internal.classpath.DefaultModuleRegistry$DefaultModule           : loaded 2 times (x 82B)
Class org.gradle.tooling.internal.adapter.ProtocolToModelAdapter$ViewKey              : loaded 2 times (x 72B)
Class com.android.build.gradle.internal.errors.SyncIssueReporterImplKt                : loaded 2 times (x 71B)
Class com.google.protobuf.MapFieldReflectionAccessor                                  : loaded 2 times (x 74B)
Class com.amazon.ion.impl.lite.IonStringLite                                          : loaded 2 times (x 212B)
Class com.google.common.io.LineReader                                                 : loaded 2 times (x 72B)
Class com.amazon.ion.impl.bin.PooledBlockAllocatorProvider$PooledBlockAllocator$1     : loaded 2 times (x 79B)
Class com.android.build.gradle.internal.errors.AndroidProblemsReporter                : loaded 2 times (x 70B)
Class com.android.tools.r8.internal.um                                                : loaded 2 times (x 79B)
Class com.android.tools.r8.internal.hp                                                : loaded 2 times (x 71B)
Class com.android.tools.r8.internal.PR                                                : loaded 2 times (x 70B)
Class com.android.build.gradle.internal.tasks.ProcessJavaResTaskKt$getProjectJavaRes$3$1: loaded 2 times (x 74B)
Class com.android.build.gradle.internal.dsl.DependencySelectionImpl                   : loaded 2 times (x 78B)
Class com.android.tools.r8.naming.r0                                                  : loaded 2 times (x 80B)
Class com.android.tools.r8.graph.W1                                                   : loaded 2 times (x 72B)
Class com.android.build.api.dsl.BundleDeviceGroup                                     : loaded 2 times (x 70B)
Class com.android.ide.gradle.model.LegacyAndroidGradlePluginProperties                : loaded 2 times (x 70B)
Class gnu.trove.PrimeFinder                                                           : loaded 2 times (x 71B)
Class com.amazon.ion.UnexpectedEofException                                           : loaded 2 times (x 84B)
Class com.amazon.ion.IonSexp                                                          : loaded 2 times (x 70B)
Class com.amazon.ion.ReadOnlyValueException                                           : loaded 2 times (x 84B)
Class com.amazon.ion.impl._Private_LocalSymbolTable                                   : loaded 2 times (x 70B)
Class com.amazon.ion.BufferConfiguration$DataHandler                                  : loaded 2 times (x 70B)
Class com.amazon.ion.impl._Private_IonBinaryWriterBuilder                             : loaded 2 times (x 115B)
Class org.jetbrains.plugins.gradle.tooling.serialization.RepositoriesModelSerializationService$WriteContext: loaded 2 times (x 72B)
Class kotlin.ranges.IntProgression                                                    : loaded 2 times (x 81B)
Class kotlin.jvm.KotlinReflectionNotSupportedError                                    : loaded 2 times (x 82B)
Class org.gradle.tooling.model.gradle.GradleScript                                    : loaded 2 times (x 70B)

---------------  S Y S T E M  ---------------

OS:
 Windows 11 , 64 bit Build 26100 (10.0.26100.7920)
OS uptime: 4 days 18:17 hours

CPU: total 4 (initial active 4) (4 cores per cpu, 2 threads per core) family 23 model 24 stepping 1 microcode 0x8108102, cx8, cmov, fxsr, ht, mmx, 3dnowpref, sse, sse2, sse3, ssse3, sse4a, sse4.1, sse4.2, popcnt, lzcnt, tsc, tscinvbit, avx, avx2, aes, clmul, bmi1, bmi2, adx, sha, fma, vzeroupper, clflush, clflushopt, rdtscp, f16c
Processor Information for the first 4 processors :
  Max Mhz: 2600, Current Mhz: 2600, Mhz Limit: 2600

Memory: 4k page, system-wide physical 6090M (66M free)
TotalPageFile size 24522M (AvailPageFile size 88M)
current process WorkingSet (physical memory assigned to process): 722M, peak: 1046M
current process commit charge ("private bytes"): 1665M, peak: 1675M

vm_info: OpenJDK 64-Bit Server VM (21.0.10+-14961533-b1163.108) for windows-amd64 JRE (21.0.10+-14961533-b1163.108), built on 2026-03-02T19:58:50Z by "builder" with MS VC++ 16.10 / 16.11 (VS2019)

END.
